city,state,house_type,month,avg_temp_f,humidity,heating_degree_days,cooling_degree_days,avg_energy_kwh,square_feet,num_occupants,energy_rate_per_kwh,monthly_energy_bill
Los Angeles,CA,Apartment,12,44.2,74.2,623.0,0.0,25089.7,781,1,0.242,6087.4
Los Angeles,CA,Large House,7,70.9,44.0,0.0,178.1,36602.6,3065,1,0.264,9665.53
Denver,CO,House,4,61.1,30.4,117.2,0.0,21390.3,2419,3,0.12,2574.76
Miami,FL,Townhouse,3,66.0,52.8,0.0,30.7,3665.0,1420,2,0.11,396.91
Phoenix,AZ,Apartment,12,68.7,52.7,0.0,111.9,5229.5,970,1,0.143,760.99
Atlanta,GA,Townhouse,10,57.5,43.7,226.3,0.0,20369.0,1396,1,0.13,2631.16
Houston,TX,Apartment,7,93.4,51.9,0.0,850.7,27379.4,784,1,0.144,3931.01
Phoenix,AZ,Apartment,10,80.3,44.7,0.0,460.2,22183.6,1150,1,0.13,2874.66
Denver,CO,Condo,11,51.3,31.9,411.3,0.0,26675.9,1132,1,0.12,3191.82
Houston,TX,Large House,12,65.6,53.7,0.0,16.6,8392.0,3644,2,0.132,1106.1
Phoenix,AZ,Condo,4,76.4,74.8,0.0,341.7,25174.1,1562,3,0.13,3275.98
Miami,FL,Condo,3,65.9,32.8,0.0,27.3,2889.6,1321,2,0.11,322.96
Seattle,WA,Large House,2,49.0,58.1,481.2,0.0,141814.3,3788,4,0.11,15601.7
New York,NY,Apartment,11,47.7,50.4,519.4,0.0,28241.5,1049,2,0.18,5069.8
New York,NY,Townhouse,9,69.1,36.4,0.0,122.3,13669.7,1980,1,0.18,2474.21
Denver,CO,Large House,4,60.6,62.4,131.2,0.0,37092.9,3313,3,0.12,4452.36
New York,NY,Large House,6,70.1,51.8,0.0,153.6,41901.5,4000,1,0.216,9063.0
Houston,TX,Apartment,4,71.9,59.2,0.0,205.7,9763.9,1080,1,0.12,1182.09
Chicago,IL,Condo,11,42.7,82.3,670.5,0.0,48649.6,1286,1,0.14,6799.41
Denver,CO,Condo,12,52.0,69.0,391.5,0.0,25284.4,1119,2,0.132,3338.25
Los Angeles,CA,Condo,4,53.2,63.2,353.7,0.0,17715.7,865,1,0.22,3877.74
New York,NY,Condo,2,27.7,44.3,1118.7,0.0,52069.6,832,1,0.198,10298.36
Chicago,IL,Large House,10,59.8,78.4,154.6,0.0,51012.9,3968,2,0.14,7125.68
Seattle,WA,Townhouse,7,78.6,33.3,0.0,409.2,33641.5,1620,2,0.12,4042.82
New York,NY,House,12,30.5,41.4,1035.4,0.0,150060.3,2194,1,0.198,29708.82
Phoenix,AZ,House,4,75.4,81.7,0.0,312.9,57099.3,3290,1,0.13,7404.93
Denver,CO,Apartment,2,47.1,58.9,538.1,0.0,20729.1,742,1,0.132,2752.34
Chicago,IL,House,1,32.3,77.1,982.0,0.0,149489.8,2299,3,0.154,23029.3
Denver,CO,House,3,49.2,33.5,474.7,0.0,60524.6,1888,2,0.12,7245.39
Miami,FL,Apartment,1,62.0,81.2,89.1,0.0,5903.9,1098,2,0.121,732.81
Los Angeles,CA,Condo,2,49.8,44.1,457.4,0.0,36722.9,1409,1,0.242,8902.56
Houston,TX,Large House,10,75.8,69.4,0.0,324.6,64464.9,3081,5,0.12,7728.44
Phoenix,AZ,Condo,11,68.4,53.7,0.0,101.6,8456.9,1533,2,0.13,1091.4
Miami,FL,Apartment,1,57.7,42.8,218.0,0.0,11391.4,969,1,0.121,1395.69
Los Angeles,CA,Condo,6,70.4,62.6,0.0,161.5,8781.1,1091,1,0.264,2337.56
Denver,CO,Apartment,11,58.3,36.2,200.5,0.0,11824.5,1067,2,0.12,1409.52
Los Angeles,CA,Large House,3,53.0,73.1,358.6,0.0,100311.6,3557,3,0.22,22073.92
Phoenix,AZ,Large House,8,86.9,55.4,0.0,657.7,142989.4,3514,1,0.156,22286.49
Chicago,IL,Townhouse,3,42.5,55.7,674.5,0.0,81302.8,1959,2,0.14,11365.4
Chicago,IL,Large House,1,28.8,38.9,1085.2,0.0,389308.4,4709,3,0.154,59945.83
New York,NY,Townhouse,4,55.7,51.2,279.9,0.0,33831.3,1898,1,0.18,6104.63
Atlanta,GA,Condo,4,61.8,31.5,95.6,0.0,6085.3,966,1,0.13,784.38
Seattle,WA,Condo,5,62.8,32.3,65.2,0.0,4406.9,963,1,0.1,428.67
Boston,MA,Townhouse,5,62.2,69.6,83.1,0.0,12352.3,2040,2,0.21,2585.14
Los Angeles,CA,Townhouse,6,70.0,88.9,0.0,149.9,15503.6,1856,3,0.264,4110.52
Los Angeles,CA,Townhouse,3,47.4,65.8,528.5,0.0,58821.6,1794,2,0.22,12952.2
Seattle,WA,Large House,9,74.0,41.4,0.0,269.9,56786.4,3236,4,0.1,5676.09
Denver,CO,Large House,11,56.4,41.8,258.9,0.0,93104.5,4473,6,0.12,11190.5
Miami,FL,Large House,6,90.2,48.0,0.0,755.9,203001.1,4358,1,0.132,26792.48
Seattle,WA,Townhouse,9,69.2,86.4,0.0,126.1,9484.7,1330,1,0.1,964.58
Atlanta,GA,Large House,5,67.3,48.2,0.0,70.1,21406.5,3831,5,0.13,2794.27
Atlanta,GA,Townhouse,8,75.8,60.7,0.0,322.7,27472.5,1652,2,0.156,4304.11
Chicago,IL,Apartment,5,60.9,87.1,122.0,0.0,7232.4,1027,2,0.14,1004.96
Houston,TX,Condo,1,66.8,66.7,0.0,55.2,2965.5,847,1,0.132,389.67
Atlanta,GA,Condo,12,46.9,44.6,541.7,0.0,46659.1,1513,2,0.143,6652.48
Los Angeles,CA,House,4,58.2,33.0,204.6,0.0,27011.9,1860,3,0.22,5956.55
Boston,MA,Condo,8,81.5,83.5,0.0,495.0,33848.1,1483,2,0.252,8538.49
Denver,CO,House,9,72.4,58.5,0.0,223.1,30714.6,2413,2,0.12,3675.65
Phoenix,AZ,Large House,8,88.7,34.6,0.0,712.4,188464.0,4283,2,0.156,29391.25
Miami,FL,Large House,2,62.3,71.6,80.6,0.0,24131.9,3283,2,0.121,2902.53
Seattle,WA,Townhouse,9,65.6,80.0,0.0,18.7,3331.5,1677,2,0.1,343.94
New York,NY,Large House,7,83.4,47.9,0.0,552.8,136780.5,3976,1,0.216,29560.26
Seattle,WA,Large House,12,50.0,83.9,450.0,0.0,158175.8,4504,5,0.11,17390.26
Boston,MA,Apartment,7,81.2,80.4,0.0,487.3,17308.8,844,1,0.252,4381.05
Denver,CO,Apartment,7,70.8,55.7,0.0,175.2,8808.3,1106,1,0.144,1255.67
Phoenix,AZ,House,6,86.3,75.7,0.0,638.1,66380.8,1933,2,0.156,10365.48
Seattle,WA,Townhouse,2,50.5,33.1,435.3,0.0,45727.8,1681,1,0.11,5019.02
Los Angeles,CA,Apartment,1,48.4,67.3,498.2,0.0,19408.5,753,1,0.242,4695.8
Los Angeles,CA,Large House,4,55.6,52.1,283.1,0.0,89582.4,3952,6,0.22,19726.67
Los Angeles,CA,Condo,5,68.3,64.5,0.0,98.7,4943.0,910,1,0.22,1082.47
Houston,TX,Apartment,10,76.0,76.3,0.0,330.6,16184.1,1142,1,0.12,1946.11
Los Angeles,CA,Large House,1,44.3,52.2,621.5,0.0,178179.6,3711,5,0.242,43113.12
Seattle,WA,House,2,49.4,79.7,469.3,0.0,75732.0,2387,3,0.11,8327.94
Denver,CO,Townhouse,10,61.6,79.5,100.5,0.0,14671.8,2027,4,0.12,1753.51
Houston,TX,Apartment,5,84.5,64.2,0.0,585.1,23395.3,961,1,0.12,2800.9
Boston,MA,Townhouse,3,40.5,45.5,733.6,0.0,76485.3,1699,1,0.21,16065.76
Phoenix,AZ,Large House,1,57.9,73.2,214.3,0.0,70394.4,4058,2,0.143,10076.73
Boston,MA,House,8,72.9,43.3,0.0,237.9,42052.9,3123,1,0.252,10589.58
Atlanta,GA,Townhouse,8,72.4,89.8,0.0,223.1,20979.5,1766,3,0.156,3266.87
Boston,MA,Townhouse,5,61.2,41.6,113.8,0.0,11391.3,1457,1,0.21,2393.61
Chicago,IL,Condo,4,51.8,65.4,397.1,0.0,35620.9,1556,2,0.14,4990.79
Los Angeles,CA,Condo,5,60.8,30.8,126.2,0.0,8296.3,1032,2,0.22,1816.15
New York,NY,Large House,5,66.4,75.2,0.0,41.4,16522.9,4428,2,0.18,2954.61
Phoenix,AZ,House,8,87.8,33.1,0.0,685.3,88574.1,2402,3,0.156,13816.68
Los Angeles,CA,House,8,75.3,33.2,0.0,308.8,28550.9,1651,3,0.264,7539.94
Phoenix,AZ,Apartment,4,77.1,77.4,0.0,361.9,9531.4,621,1,0.13,1239.99
Boston,MA,House,5,69.9,48.3,0.0,147.0,28994.3,3261,5,0.21,6093.19
Los Angeles,CA,Condo,11,55.6,39.4,281.9,0.0,16799.8,1016,2,0.22,3678.96
New York,NY,House,8,76.7,32.0,0.0,351.0,56762.7,2911,5,0.216,12252.04
Boston,MA,Apartment,11,47.9,67.5,513.7,0.0,19702.9,739,1,0.21,4154.95
Seattle,WA,Apartment,9,74.1,79.6,0.0,272.5,8556.0,730,1,0.1,842.23
Phoenix,AZ,Large House,12,68.2,56.3,0.0,96.4,33472.8,4688,5,0.143,4778.78
Seattle,WA,Townhouse,9,69.4,65.9,0.0,131.3,13043.9,1752,2,0.1,1313.77
Atlanta,GA,Townhouse,1,49.6,80.2,461.4,0.0,37173.8,1293,1,0.143,5333.88
Phoenix,AZ,Large House,1,61.7,69.1,98.8,0.0,39679.1,4562,2,0.143,5661.36
Atlanta,GA,House,11,58.7,58.2,189.3,0.0,42760.3,3167,4,0.13,5551.68
Los Angeles,CA,Condo,6,68.9,86.7,0.0,116.5,7614.2,1221,2,0.264,2012.15
Boston,MA,Apartment,6,70.2,76.4,0.0,154.8,5472.2,758,1,0.252,1391.99
New York,NY,Large House,8,73.9,51.7,0.0,266.3,66262.1,3846,1,0.216,14317.62
New York,NY,Condo,5,69.3,56.3,0.0,128.3,9037.1,1362,1,0.18,1611.53
Atlanta,GA,Condo,12,47.5,63.1,524.7,0.0,28639.6,962,1,0.143,4115.16
Los Angeles,CA,House,2,48.0,73.0,510.5,0.0,96972.2,2826,2,0.242,23458.22
Boston,MA,House,4,52.8,85.3,364.9,0.0,60552.4,2435,2,0.21,12731.18
Los Angeles,CA,Townhouse,7,72.7,30.2,0.0,230.2,18992.5,1548,3,0.264,5027.52
Atlanta,GA,House,3,50.5,63.1,436.5,0.0,71524.6,2414,4,0.13,9296.42
Miami,FL,Condo,12,61.3,76.5,109.9,0.0,7359.7,1044,2,0.121,900.31
Seattle,WA,House,11,58.8,59.7,185.8,0.0,41629.5,3122,6,0.1,4163.04
Atlanta,GA,Townhouse,2,44.0,84.6,630.1,0.0,81596.1,2095,4,0.143,11654.01
Chicago,IL,Apartment,8,78.2,53.8,0.0,397.0,12875.7,771,1,0.168,2156.25
Denver,CO,House,6,74.7,32.2,0.0,291.7,45543.8,2783,4,0.144,6563.56
Phoenix,AZ,Condo,12,68.8,75.6,0.0,113.5,5390.4,892,1,0.143,754.85
Chicago,IL,Townhouse,1,31.0,47.6,1021.2,0.0,77815.1,1247,2,0.154,11969.34
Denver,CO,House,10,58.7,34.7,189.0,0.0,38924.3,2896,2,0.12,4675.7
Houston,TX,House,10,79.6,45.2,0.0,438.3,42815.3,1793,1,0.12,5118.21
Boston,MA,Townhouse,11,40.7,86.7,727.8,0.0,78722.6,1759,1,0.21,16523.7
Seattle,WA,Townhouse,8,71.0,53.1,0.0,179.8,20157.4,2065,3,0.12,2408.37
Atlanta,GA,Townhouse,10,60.0,88.7,151.4,0.0,15480.5,1502,3,0.13,2003.45
Atlanta,GA,Apartment,10,64.8,43.8,7.3,0.0,1433.6,1008,2,0.13,175.13
Houston,TX,Large House,5,84.7,70.9,0.0,590.2,161491.7,4388,6,0.12,19362.89
New York,NY,Townhouse,8,79.3,35.4,0.0,429.7,26836.1,1234,2,0.216,5806.5
Chicago,IL,Condo,3,42.3,84.8,680.7,0.0,52096.0,1352,2,0.14,7283.72
Boston,MA,Townhouse,12,36.0,58.1,868.7,0.0,111273.3,2091,3,0.231,25714.3
Houston,TX,House,9,89.9,30.8,0.0,747.2,89860.4,2249,1,0.12,10781.43
Phoenix,AZ,Large House,7,96.4,36.5,0.0,942.1,271231.9,4684,6,0.156,42293.17
Denver,CO,Townhouse,10,63.4,57.9,49.4,0.0,5754.0,1426,1,0.12,696.45
Los Angeles,CA,Condo,1,50.0,37.0,451.2,0.0,21591.2,838,1,0.242,5226.58
Seattle,WA,House,6,70.2,74.5,0.0,155.7,26835.5,2873,5,0.12,3216.85
Los Angeles,CA,House,10,57.3,52.2,230.2,0.0,37743.4,2335,3,0.22,8321.58
Miami,FL,Apartment,11,66.6,46.6,0.0,48.2,2582.1,876,1,0.11,302.0
Boston,MA,Apartment,11,40.5,50.0,734.8,0.0,27114.9,717,1,0.21,5705.61
Houston,TX,Apartment,9,90.1,44.0,0.0,753.9,22196.0,712,1,0.12,2675.07
Atlanta,GA,Apartment,5,64.4,77.9,17.9,0.0,1121.5,648,1,0.13,160.45
Chicago,IL,Apartment,6,69.2,45.9,0.0,124.7,4326.9,743,1,0.168,723.75
Los Angeles,CA,Apartment,8,74.1,36.5,0.0,274.0,11377.5,959,1,0.264,3021.48
New York,NY,Large House,5,69.6,33.6,0.0,139.2,38513.4,3938,6,0.18,6928.48
Los Angeles,CA,House,12,42.7,34.8,668.0,0.0,150050.3,3363,4,0.242,36294.8
Phoenix,AZ,Large House,11,73.1,52.9,0.0,243.6,67176.6,4198,5,0.13,8724.75
Denver,CO,Large House,7,71.1,69.3,0.0,184.3,40242.6,3203,6,0.144,5796.98
Houston,TX,House,8,90.1,79.6,0.0,754.1,133807.5,3318,2,0.144,19277.46
Miami,FL,House,6,86.7,39.2,0.0,652.3,100527.5,2862,3,0.132,13252.32
Los Angeles,CA,Apartment,7,78.1,63.4,0.0,393.5,10008.9,598,1,0.264,2644.83
Miami,FL,Apartment,7,95.7,73.3,0.0,920.4,32619.6,862,1,0.132,4309.81
Miami,FL,Apartment,10,76.5,58.9,0.0,346.4,15104.7,1019,1,0.11,1655.52
Denver,CO,Townhouse,2,48.7,78.4,487.8,0.0,60156.9,1980,2,0.132,7959.69
Atlanta,GA,Large House,11,49.3,85.7,472.1,0.0,158821.6,4316,5,0.13,20637.5
Chicago,IL,Townhouse,12,37.2,51.1,833.5,0.0,101101.5,1980,2,0.154,15555.36
Seattle,WA,Apartment,3,47.9,61.8,512.5,0.0,30409.6,1148,1,0.1,3039.1
Chicago,IL,Townhouse,5,67.8,64.1,0.0,83.1,9743.2,1938,2,0.14,1346.15
Chicago,IL,Large House,1,25.7,69.7,1178.4,0.0,392497.4,4380,1,0.154,60442.28
Phoenix,AZ,Condo,9,86.3,47.0,0.0,639.0,26705.0,916,1,0.13,3471.11
Phoenix,AZ,Apartment,4,71.1,48.1,0.0,182.3,7357.6,904,1,0.13,941.98
Phoenix,AZ,Townhouse,6,88.0,55.8,0.0,689.2,45049.8,1322,1,0.156,7029.08
Houston,TX,Large House,9,90.1,34.3,0.0,751.9,218914.8,4706,6,0.12,26251.46
New York,NY,House,2,32.8,64.4,967.3,0.0,209106.9,3265,3,0.198,41399.86
Los Angeles,CA,House,1,41.7,86.9,698.4,0.0,161895.0,3478,3,0.242,39186.18
Miami,FL,Apartment,7,91.4,54.0,0.0,790.7,19732.0,608,1,0.132,2619.45
Miami,FL,Condo,6,83.8,68.0,0.0,562.9,41076.3,1597,1,0.132,5409.83
Miami,FL,Townhouse,12,61.4,38.8,109.1,0.0,16552.6,2181,2,0.121,2006.96
Los Angeles,CA,Condo,11,56.5,75.6,253.7,0.0,19565.1,1305,2,0.22,4321.28
Atlanta,GA,Large House,6,69.2,56.4,0.0,124.8,42338.8,4769,6,0.156,6610.1
Phoenix,AZ,Large House,1,57.7,57.7,217.7,0.0,65871.8,3720,5,0.143,9414.41
Phoenix,AZ,Apartment,11,70.6,63.3,0.0,168.8,4629.5,592,1,0.13,617.67
Boston,MA,Large House,11,46.1,60.1,568.5,0.0,148931.0,3385,3,0.21,31273.54
Miami,FL,Apartment,9,82.4,72.5,0.0,521.7,25356.7,1161,1,0.11,2790.2
Atlanta,GA,Condo,6,69.9,76.5,0.0,146.2,8893.5,1181,2,0.156,1369.48
Miami,FL,Apartment,6,85.8,73.4,0.0,625.2,15513.9,596,1,0.132,2064.09
Chicago,IL,Townhouse,2,28.4,51.0,1097.6,0.0,120452.0,1796,3,0.154,18557.55
Seattle,WA,Condo,10,60.1,52.6,147.1,0.0,13850.5,1525,1,0.1,1397.58
Denver,CO,Apartment,11,54.1,31.1,327.5,0.0,20528.6,1186,2,0.12,2481.47
Miami,FL,House,4,72.5,47.7,0.0,226.5,25347.7,1963,1,0.11,2788.55
Denver,CO,Large House,1,48.8,67.1,487.1,0.0,164788.7,4355,3,0.132,21738.27
Chicago,IL,Large House,3,37.4,51.9,826.9,0.0,283602.9,4476,4,0.14,39723.18
Atlanta,GA,Townhouse,12,44.3,44.4,619.8,0.0,76945.3,2002,4,0.143,11014.55
Houston,TX,Townhouse,11,70.6,46.9,0.0,168.5,20081.9,2169,4,0.12,2410.93
Chicago,IL,Condo,10,52.5,58.8,374.3,0.0,20286.6,941,1,0.14,2857.5
Denver,CO,Apartment,5,61.7,84.3,98.2,0.0,3368.7,585,1,0.12,401.75
Houston,TX,House,6,87.1,53.8,0.0,664.5,121296.9,3405,1,0.144,17462.2
Los Angeles,CA,Townhouse,4,62.3,80.4,80.8,0.0,7398.7,1228,2,0.22,1639.37
Chicago,IL,Apartment,5,67.6,58.1,0.0,77.7,3962.8,983,1,0.14,571.02
New York,NY,Townhouse,4,54.5,73.6,315.4,0.0,41102.1,2055,2,0.18,7382.82
Phoenix,AZ,Condo,5,79.4,68.3,0.0,431.5,18492.0,924,1,0.13,2386.48
Boston,MA,Large House,9,69.2,44.5,0.0,124.6,27145.3,3033,6,0.21,5697.69
Atlanta,GA,Townhouse,4,54.9,70.1,303.8,0.0,34476.7,1784,2,0.13,4476.4
Denver,CO,Large House,9,70.5,53.4,0.0,166.2,52259.6,4610,5,0.12,6276.57
Miami,FL,Townhouse,12,66.9,50.7,0.0,56.6,4755.0,1216,2,0.121,580.49
Atlanta,GA,Townhouse,3,52.5,78.8,376.2,0.0,29472.0,1245,2,0.13,3842.53
Boston,MA,House,11,40.6,76.6,731.1,0.0,91073.6,1873,1,0.21,19117.18
New York,NY,Condo,1,28.2,89.3,1105.4,0.0,69490.9,1123,2,0.198,13749.34
Houston,TX,Townhouse,6,91.7,49.9,0.0,799.7,81966.4,2082,1,0.144,11797.88
Seattle,WA,House,7,75.0,59.9,0.0,298.9,36723.1,2194,2,0.12,4407.54
Los Angeles,CA,House,2,48.5,49.3,496.4,0.0,79471.1,2381,2,0.242,19238.43
Phoenix,AZ,House,10,76.7,56.6,0.0,350.0,57632.0,2969,4,0.13,7501.23
Miami,FL,Large House,7,96.8,86.9,0.0,954.0,208980.0,3562,6,0.132,27590.87
Miami,FL,Large House,12,68.5,38.6,0.0,105.8,33474.5,4391,2,0.121,4061.66
New York,NY,Condo,2,30.6,87.0,1031.4,0.0,60092.8,1041,2,0.198,11884.51
Boston,MA,Townhouse,6,74.7,61.8,0.0,292.2,24883.9,1654,1,0.252,6276.73
Houston,TX,Apartment,1,62.2,84.8,84.7,0.0,3496.9,690,1,0.132,472.59
Boston,MA,Condo,10,54.0,38.1,329.9,0.0,20912.4,1092,2,0.21,4378.5
Boston,MA,Apartment,11,47.1,63.0,537.1,0.0,22930.3,827,1,0.21,4807.37
Chicago,IL,Condo,6,70.2,42.1,0.0,156.4,10283.6,1320,1,0.168,1739.26
New York,NY,Townhouse,9,68.7,89.0,0.0,110.2,11329.6,1786,2,0.18,2054.7
Los Angeles,CA,Townhouse,7,74.8,54.6,0.0,293.6,29454.0,1934,3,0.264,7778.84
Chicago,IL,Townhouse,11,44.7,61.0,610.3,0.0,48073.8,1275,2,0.14,6743.49
Denver,CO,Large House,3,51.3,84.6,410.2,0.0,146360.0,4572,2,0.12,17548.17
Chicago,IL,Townhouse,3,46.3,43.5,559.6,0.0,47469.4,1365,2,0.14,6646.47
Phoenix,AZ,Apartment,5,78.3,48.2,0.0,397.6,11814.8,701,1,0.13,1536.03
Chicago,IL,Large House,10,58.6,73.2,192.4,0.0,52129.5,3315,2,0.14,7311.84
Atlanta,GA,Apartment,1,49.5,76.3,465.4,0.0,14086.8,583,1,0.143,2002.84
Atlanta,GA,House,10,62.0,67.6,90.6,0.0,19542.5,2808,1,0.13,2558.79
Boston,MA,Condo,11,44.5,71.3,613.9,0.0,42247.1,1215,2,0.21,8868.52
Boston,MA,Condo,6,72.1,73.1,0.0,213.8,14773.4,1421,1,0.252,3737.32
Seattle,WA,Condo,6,69.2,58.0,0.0,125.7,8572.7,1327,1,0.12,1018.64
Los Angeles,CA,Apartment,5,61.5,81.9,105.5,0.0,5457.8,893,1,0.22,1193.8
Atlanta,GA,Townhouse,4,58.0,60.9,210.5,0.0,27044.0,1981,1,0.13,3508.06
New York,NY,Apartment,7,83.7,42.9,0.0,560.0,23765.2,1017,2,0.216,5115.31
Boston,MA,Large House,11,42.9,30.5,664.3,0.0,223838.9,4377,4,0.21,46991.53
Phoenix,AZ,Townhouse,7,91.0,64.2,0.0,780.2,60513.7,1574,1,0.156,9442.27
Los Angeles,CA,House,9,73.3,67.4,0.0,247.6,34114.0,2422,3,0.22,7490.22
Los Angeles,CA,House,6,71.6,51.9,0.0,197.3,35660.8,3127,3,0.264,9418.54
Seattle,WA,Large House,1,41.4,50.0,708.9,0.0,168246.5,3092,1,0.11,18505.4
Atlanta,GA,Large House,3,50.2,53.6,444.4,0.0,127544.2,3671,5,0.13,16594.45
Atlanta,GA,Townhouse,9,72.1,48.0,0.0,212.6,23410.8,2048,4,0.13,3038.14
Los Angeles,CA,House,10,63.0,45.9,60.9,0.0,10811.7,2130,1,0.22,2397.45
Atlanta,GA,Large House,4,58.8,40.2,184.9,0.0,67647.4,4477,1,0.13,8798.96
Seattle,WA,Condo,11,54.7,72.0,308.2,0.0,18736.7,1048,1,0.1,1871.31
Seattle,WA,Condo,7,74.1,76.5,0.0,273.1,19629.9,1507,1,0.12,2370.5
New York,NY,Condo,9,74.0,58.7,0.0,269.4,13083.4,1012,2,0.18,2373.28
Boston,MA,Large House,6,75.8,82.1,0.0,322.8,85175.4,4118,3,0.252,21476.35
Phoenix,AZ,Large House,8,88.8,47.9,0.0,713.7,149755.3,3393,2,0.156,23381.12
Phoenix,AZ,Condo,12,62.2,50.9,84.9,0.0,8746.5,1521,2,0.143,1262.57
Phoenix,AZ,Townhouse,2,65.4,83.7,0.0,13.0,3165.8,1787,3,0.143,446.52
Chicago,IL,Townhouse,1,26.5,56.5,1156.1,0.0,105137.5,1494,1,0.154,16190.34
Houston,TX,Large House,5,84.0,38.2,0.0,568.9,174248.8,4910,5,0.12,20913.32
Houston,TX,Apartment,11,72.4,33.1,0.0,221.4,10153.2,1043,1,0.12,1227.08
Los Angeles,CA,Condo,1,44.1,86.1,627.9,0.0,48457.7,1363,1,0.242,11725.87
Houston,TX,Townhouse,6,92.1,35.4,0.0,812.4,59746.6,1492,1,0.144,8604.92
New York,NY,Condo,7,84.0,53.8,0.0,569.2,25513.3,980,1,0.216,5528.34
Phoenix,AZ,Apartment,1,66.3,50.1,0.0,38.5,1975.7,805,1,0.143,288.18
Denver,CO,House,3,51.7,41.6,399.6,0.0,88150.6,3242,5,0.12,10564.57
Boston,MA,Townhouse,12,35.4,77.4,889.0,0.0,75611.8,1390,1,0.231,17476.61
Chicago,IL,Large House,11,48.3,60.9,501.9,0.0,188399.6,4837,4,0.14,26382.72
Chicago,IL,Condo,8,72.1,53.0,0.0,212.0,11647.0,1131,1,0.168,1947.38
Miami,FL,Townhouse,10,75.1,69.2,0.0,303.4,30516.4,1940,3,0.11,3339.29
Los Angeles,CA,House,5,65.9,85.4,0.0,25.8,4690.8,1827,2,0.22,1042.78
Los Angeles,CA,Townhouse,6,68.2,38.0,0.0,95.7,10211.6,1829,1,0.264,2705.76
Atlanta,GA,Townhouse,7,79.1,75.4,0.0,423.8,41282.0,1918,3,0.156,6453.02
Houston,TX,Large House,2,65.3,51.7,0.0,8.5,7641.7,4076,4,0.132,993.19
Denver,CO,Large House,4,54.5,49.7,315.0,0.0,104337.8,4172,5,0.12,12505.19
Houston,TX,Large House,8,90.5,33.3,0.0,763.6,150477.9,3186,5,0.144,21665.44
Atlanta,GA,Apartment,9,72.2,53.8,0.0,217.0,9386.7,973,1,0.13,1230.1
Atlanta,GA,Apartment,1,47.0,62.5,539.9,0.0,25944.1,933,1,0.143,3725.77
Boston,MA,Apartment,5,67.7,75.9,0.0,80.7,3893.1,918,1,0.21,823.38
Seattle,WA,Townhouse,7,73.8,71.0,0.0,262.7,22783.8,1659,2,0.12,2735.63
Miami,FL,Apartment,3,70.3,73.7,0.0,158.7,7648.0,1050,2,0.11,821.41
New York,NY,Townhouse,8,77.4,61.9,0.0,373.3,36089.0,1889,3,0.216,7785.13
Miami,FL,Condo,5,77.3,69.6,0.0,369.7,17158.2,993,1,0.11,1904.86
New York,NY,Condo,4,54.9,56.8,301.8,0.0,15317.0,868,1,0.18,2771.94
Houston,TX,Apartment,7,92.4,75.3,0.0,821.9,32114.8,949,1,0.144,4610.14
Phoenix,AZ,Condo,12,64.8,76.4,6.8,0.0,2022.2,1389,2,0.143,278.66
Chicago,IL,Large House,4,51.8,63.4,397.5,0.0,119729.1,3846,3,0.14,16771.48
Chicago,IL,House,9,73.7,86.5,0.0,261.7,37003.3,2515,1,0.14,5191.89
Miami,FL,House,7,90.8,75.3,0.0,772.9,74679.9,1805,2,0.132,9871.72
Phoenix,AZ,Condo,8,95.7,63.4,0.0,920.3,35577.8,859,1,0.156,5539.84
Houston,TX,Townhouse,11,74.5,35.5,0.0,284.1,18971.3,1280,2,0.12,2264.17
Phoenix,AZ,House,11,66.4,34.4,0.0,41.9,9518.9,2738,5,0.13,1240.96
Denver,CO,Condo,8,72.0,84.5,0.0,211.0,10456.6,1013,2,0.144,1493.34
Los Angeles,CA,House,4,60.0,53.8,148.9,0.0,31932.9,2924,5,0.22,7018.11
Phoenix,AZ,House,8,89.1,51.6,0.0,722.5,100547.3,2592,3,0.156,15684.02
Boston,MA,Townhouse,4,53.1,63.8,355.8,0.0,35410.6,1579,2,0.21,7422.06
Phoenix,AZ,Large House,10,79.2,39.1,0.0,425.3,112700.8,4186,6,0.13,14646.3
Houston,TX,House,9,84.6,79.3,0.0,587.2,90154.3,2840,3,0.12,10824.18
Boston,MA,House,3,38.7,73.2,789.2,0.0,157405.6,3000,3,0.21,33071.86
Denver,CO,Apartment,9,74.5,70.1,0.0,283.6,6636.8,534,1,0.12,792.92
Houston,TX,Apartment,12,61.2,57.4,114.4,0.0,4275.7,654,1,0.132,569.89
Atlanta,GA,House,11,49.1,63.1,478.0,0.0,80277.9,2499,1,0.13,10437.3
Phoenix,AZ,Large House,5,85.1,70.4,0.0,603.9,114432.0,3035,5,0.13,14892.55
Los Angeles,CA,Apartment,9,66.9,61.6,0.0,57.6,2186.3,652,1,0.22,471.68
Seattle,WA,Apartment,6,71.7,89.4,0.0,199.5,8078.9,915,1,0.12,976.83
Los Angeles,CA,Apartment,2,46.8,58.6,546.8,0.0,25877.7,915,1,0.242,6270.52
Los Angeles,CA,House,7,75.7,81.5,0.0,319.8,50131.0,2820,3,0.264,13235.72
New York,NY,Condo,4,53.8,32.8,337.3,0.0,29551.7,1508,3,0.18,5336.33
Denver,CO,Large House,11,58.3,48.9,201.4,0.0,50392.8,3067,2,0.12,6050.62
Seattle,WA,Apartment,5,64.7,81.0,10.0,0.0,1000.9,666,1,0.1,101.71
Seattle,WA,Condo,12,47.0,88.5,539.8,0.0,47124.4,1541,1,0.11,5181.16
Los Angeles,CA,Townhouse,10,66.5,53.8,0.0,46.5,6753.2,1987,3,0.22,1466.88
Phoenix,AZ,House,8,91.5,52.5,0.0,795.9,83651.8,1967,2,0.156,13053.12
Seattle,WA,Apartment,10,64.1,34.9,26.1,0.0,1717.7,802,1,0.1,180.24
Chicago,IL,House,6,69.9,86.6,0.0,147.5,19606.8,2238,1,0.168,3304.4
Los Angeles,CA,Condo,2,47.5,63.3,525.3,0.0,29597.7,991,1,0.242,7143.7
Miami,FL,Large House,2,67.8,81.8,0.0,85.3,27335.1,4222,5,0.121,3304.1
Los Angeles,CA,Large House,4,54.7,52.8,309.1,0.0,102385.0,4171,5,0.22,22516.75
Boston,MA,Condo,2,29.8,48.0,1057.2,0.0,57481.4,971,1,0.231,13272.65
Houston,TX,House,10,79.6,38.1,0.0,437.4,65849.0,2762,2,0.12,7897.71
Atlanta,GA,House,6,70.3,79.4,0.0,159.2,22791.8,2401,3,0.156,3559.3
Phoenix,AZ,Townhouse,10,79.8,40.7,0.0,443.7,48518.9,2170,2,0.13,6300.23
Boston,MA,Large House,4,51.8,77.2,395.9,0.0,113858.5,3667,4,0.21,23927.58
Houston,TX,Large House,9,89.7,31.6,0.0,740.3,154583.9,3368,6,0.12,18567.79
Houston,TX,House,5,77.7,80.9,0.0,380.7,67565.1,3202,6,0.12,8114.73
Chicago,IL,Townhouse,4,56.2,77.3,265.4,0.0,24654.2,1458,1,0.14,3471.22
Boston,MA,Large House,7,83.2,82.2,0.0,547.0,140023.5,4094,5,0.252,35267.39
Miami,FL,Large House,10,76.1,44.9,0.0,332.8,91335.1,4306,1,0.11,10033.52
Atlanta,GA,Apartment,10,66.7,49.9,0.0,50.0,3509.3,1160,2,0.13,440.44
Los Angeles,CA,Townhouse,4,58.2,64.8,204.4,0.0,23142.7,1722,3,0.22,5089.23
Seattle,WA,House,11,50.5,89.9,434.8,0.0,79904.3,2705,5,0.1,7982.25
Los Angeles,CA,Apartment,12,45.1,57.3,596.4,0.0,19792.3,645,1,0.242,4789.06
Boston,MA,Apartment,8,72.7,32.7,0.0,230.2,9778.0,963,1,0.252,2444.97
Miami,FL,Apartment,11,71.2,63.1,0.0,184.8,5538.4,668,1,0.11,606.28
Boston,MA,Condo,7,75.9,69.4,0.0,325.9,22067.2,1444,1,0.252,5570.44
Houston,TX,House,10,75.0,42.9,0.0,301.3,40227.4,2379,4,0.12,4835.44
Los Angeles,CA,Large House,2,44.9,49.6,603.9,0.0,216331.4,4637,5,0.242,52342.7
Boston,MA,Large House,11,43.9,53.6,633.4,0.0,178010.0,3641,5,0.21,37376.18
Boston,MA,Large House,3,44.1,47.8,628.2,0.0,226361.9,4666,6,0.21,47519.39
Chicago,IL,Townhouse,2,28.2,52.4,1104.9,0.0,97284.4,1444,2,0.154,14977.33
Atlanta,GA,Condo,10,58.9,68.1,184.3,0.0,13388.6,1192,2,0.13,1746.33
Chicago,IL,Large House,3,38.4,48.9,797.9,0.0,244735.6,4002,3,0.14,34245.13
Miami,FL,Apartment,8,94.2,87.8,0.0,874.6,22966.2,639,1,0.132,3031.33
Boston,MA,House,12,32.9,35.0,963.4,0.0,205412.5,3220,4,0.231,47460.74
Phoenix,AZ,Apartment,5,78.7,57.4,0.0,410.5,12718.0,730,1,0.13,1663.98
Denver,CO,Large House,2,45.7,62.6,579.6,0.0,186621.8,4172,1,0.132,24635.77
New York,NY,House,9,65.0,79.8,0.0,0.7,2408.5,1947,2,0.18,425.45
New York,NY,House,5,64.4,89.6,18.3,0.0,5116.0,2213,1,0.18,910.36
Atlanta,GA,Townhouse,12,46.3,67.0,561.5,0.0,63624.0,1824,3,0.143,9110.78
New York,NY,Large House,6,75.0,40.1,0.0,299.1,78842.5,4090,3,0.216,17021.68
Atlanta,GA,Townhouse,9,66.4,75.0,0.0,40.7,6279.7,2121,1,0.13,798.73
Phoenix,AZ,Condo,12,60.5,49.3,136.1,0.0,7882.6,935,1,0.143,1140.96
Seattle,WA,House,3,53.3,52.5,351.7,0.0,64398.6,2682,3,0.1,6451.64
Los Angeles,CA,House,9,71.9,82.6,0.0,208.4,36428.8,3035,3,0.22,8013.85
Atlanta,GA,Apartment,12,48.3,71.8,499.5,0.0,15507.6,595,1,0.143,2229.41
Seattle,WA,Condo,7,72.7,79.7,0.0,230.6,11388.6,1016,2,0.12,1369.75
Atlanta,GA,House,6,73.6,32.8,0.0,258.7,49075.3,3331,6,0.156,7669.21
New York,NY,Apartment,3,37.0,87.5,839.8,0.0,40733.6,951,1,0.18,7339.6
Chicago,IL,Townhouse,3,37.9,51.6,812.0,0.0,104355.8,2095,3,0.14,14616.4
Chicago,IL,Apartment,7,81.3,75.3,0.0,487.8,23341.4,1140,2,0.168,3905.0
Los Angeles,CA,Apartment,4,54.3,43.6,320.2,0.0,16743.8,988,1,0.22,3664.0
Miami,FL,Apartment,7,87.7,53.0,0.0,681.2,17957.9,635,1,0.132,2354.54
Miami,FL,Townhouse,5,84.7,75.2,0.0,592.0,39532.9,1340,2,0.11,4368.34
Chicago,IL,Apartment,9,70.1,39.8,0.0,153.1,7520.3,1076,1,0.14,1041.36
Chicago,IL,House,10,60.6,35.2,132.0,0.0,28397.9,2906,4,0.14,3985.81
Atlanta,GA,House,6,69.1,38.4,0.0,124.4,26537.1,3472,4,0.156,4123.16
Denver,CO,Large House,10,59.8,86.5,154.5,0.0,57900.2,4476,5,0.12,6961.91
Phoenix,AZ,Condo,9,89.5,47.7,0.0,734.4,47186.1,1421,1,0.13,6150.11
Houston,TX,House,7,92.0,65.6,0.0,809.9,74791.2,1730,1,0.144,10789.04
Miami,FL,Townhouse,3,69.2,62.8,0.0,126.3,11499.2,1596,3,0.11,1263.75
Los Angeles,CA,Apartment,10,59.6,32.4,161.3,0.0,5057.5,569,1,0.22,1124.23
Denver,CO,Townhouse,11,56.7,55.4,249.9,0.0,31111.9,1929,3,0.12,3739.05
Denver,CO,Large House,3,50.1,60.7,447.0,0.0,123996.9,3568,1,0.12,14891.95
Denver,CO,Townhouse,7,77.6,69.0,0.0,379.0,34859.4,1800,3,0.144,5012.16
Seattle,WA,Condo,1,49.2,37.0,472.6,0.0,28349.8,1050,1,0.11,3100.68
Chicago,IL,Apartment,1,24.6,87.2,1210.9,0.0,39363.8,640,1,0.154,6073.35
Phoenix,AZ,Condo,6,90.3,37.1,0.0,759.9,32068.4,929,1,0.156,4996.07
Seattle,WA,Townhouse,9,72.1,64.6,0.0,213.7,14345.5,1265,2,0.1,1432.76
Miami,FL,Apartment,8,89.7,45.3,0.0,740.3,32865.8,1080,1,0.132,4341.24
Los Angeles,CA,Condo,12,42.4,81.8,676.8,0.0,50393.5,1321,1,0.242,12194.09
Seattle,WA,Condo,3,49.2,44.9,472.6,0.0,22661.1,836,1,0.1,2258.91
Los Angeles,CA,Large House,6,72.7,33.2,0.0,232.0,49743.5,3244,5,0.264,13132.91
New York,NY,House,2,35.7,76.4,880.2,0.0,192482.0,3296,4,0.198,38094.88
Boston,MA,Apartment,6,74.6,48.2,0.0,289.1,8842.3,705,1,0.252,2226.83
Atlanta,GA,House,4,60.6,44.7,131.9,0.0,29383.1,3000,5,0.13,3816.2
Houston,TX,Large House,6,91.8,87.1,0.0,803.2,213274.2,4302,6,0.144,30717.78
Phoenix,AZ,Apartment,4,75.2,87.7,0.0,305.9,13779.9,1042,1,0.13,1777.08
Phoenix,AZ,Apartment,1,64.0,52.3,29.7,0.0,1880.6,737,1,0.143,252.33
Los Angeles,CA,Large House,3,47.7,64.1,517.6,0.0,172857.2,4305,4,0.22,38047.16
Houston,TX,Townhouse,5,86.3,53.6,0.0,637.8,65818.2,2071,3,0.12,7891.24
Boston,MA,Townhouse,4,50.4,76.2,439.2,0.0,34889.3,1276,1,0.21,7310.99
Boston,MA,House,6,74.4,87.9,0.0,280.8,36545.0,2332,1,0.252,9201.67
Phoenix,AZ,Apartment,2,68.3,71.8,0.0,97.9,3125.8,661,1,0.143,460.42
Miami,FL,Condo,2,69.7,53.8,0.0,140.5,10811.9,1528,1,0.121,1300.19
Chicago,IL,Apartment,7,74.9,36.1,0.0,298.4,12424.2,963,1,0.168,2072.12
New York,NY,Condo,3,40.7,67.8,728.3,0.0,41268.9,1002,2,0.18,7431.69
Phoenix,AZ,Apartment,1,66.0,56.6,0.0,30.7,1174.7,566,1,0.143,184.19
Miami,FL,Apartment,1,58.7,64.4,189.6,0.0,10156.7,972,1,0.121,1224.76
New York,NY,House,11,43.5,84.5,643.8,0.0,101988.5,2373,2,0.18,18355.77
Chicago,IL,Apartment,10,58.5,59.9,195.8,0.0,12186.6,1134,1,0.14,1705.28
Los Angeles,CA,Townhouse,7,72.0,83.1,0.0,209.8,15028.3,1340,2,0.264,3972.7
Denver,CO,Apartment,7,75.4,59.1,0.0,313.4,11743.3,867,1,0.144,1691.13
Seattle,WA,Townhouse,3,53.0,31.8,360.9,0.0,28024.3,1226,2,0.1,2793.67
Boston,MA,Large House,6,79.0,88.4,0.0,419.9,121285.6,4570,5,0.252,30570.24
Phoenix,AZ,Large House,12,64.8,89.0,7.3,0.0,5717.6,3114,2,0.143,835.03
Chicago,IL,Condo,4,57.1,71.9,238.1,0.0,19955.2,1406,2,0.14,2774.86
Miami,FL,Large House,10,84.5,80.2,0.0,584.5,120178.7,3291,5,0.11,13238.48
Denver,CO,Townhouse,3,47.9,44.0,512.9,0.0,54077.4,1702,1,0.12,6490.34
New York,NY,Townhouse,10,55.4,40.6,287.8,0.0,25806.7,1406,1,0.18,4659.94
New York,NY,Apartment,3,44.7,80.8,607.7,0.0,34475.1,1100,1,0.18,6223.94
Miami,FL,House,10,78.0,38.2,0.0,390.5,36610.4,1706,2,0.11,4045.09
Boston,MA,Townhouse,3,43.9,85.7,631.9,0.0,75214.7,1924,3,0.21,15784.01
Atlanta,GA,Condo,7,71.3,73.7,0.0,188.2,10515.1,1114,2,0.156,1658.31
Seattle,WA,Large House,1,43.2,78.5,654.5,0.0,170350.6,3372,5,0.11,18744.15
Los Angeles,CA,House,3,49.4,88.9,468.6,0.0,68668.6,2178,1,0.22,15122.5
Los Angeles,CA,Townhouse,8,71.1,71.6,0.0,182.9,12004.6,1211,2,0.264,3180.69
New York,NY,Apartment,7,83.7,83.1,0.0,560.7,22119.9,948,1,0.216,4773.05
Denver,CO,House,2,50.9,64.7,423.4,0.0,91877.2,3197,4,0.132,12116.82
Boston,MA,Apartment,1,26.2,87.1,1164.4,0.0,47289.3,801,1,0.231,10910.62
Seattle,WA,Condo,12,45.4,89.1,588.6,0.0,29319.0,876,1,0.11,3233.27
Seattle,WA,Condo,10,57.5,49.9,223.9,0.0,16621.1,1244,1,0.1,1658.48
Denver,CO,Large House,5,62.0,35.8,90.8,0.0,35281.5,4352,3,0.12,4235.77
Boston,MA,Condo,1,27.3,47.7,1131.7,0.0,73934.9,1169,1,0.231,17082.98
Houston,TX,Apartment,1,63.4,88.6,48.5,0.0,2389.2,711,1,0.132,300.0
Seattle,WA,House,8,71.7,68.5,0.0,199.5,38789.2,3332,6,0.12,4649.54
Seattle,WA,Townhouse,3,49.6,57.9,461.0,0.0,47461.1,1656,1,0.1,4736.85
New York,NY,Condo,12,28.9,50.6,1084.3,0.0,89863.3,1483,1,0.198,17811.75
Atlanta,GA,Condo,9,73.2,55.1,0.0,245.5,10187.8,862,1,0.13,1339.09
Boston,MA,Large House,4,49.8,84.2,456.3,0.0,141301.3,3975,3,0.21,29673.36
Denver,CO,Large House,11,50.2,75.4,443.9,0.0,147522.5,4270,2,0.12,17722.07
Houston,TX,Condo,3,65.8,71.0,0.0,23.5,1664.3,843,1,0.12,212.62
Chicago,IL,Large House,5,69.1,34.0,0.0,124.3,32503.5,3654,6,0.14,4546.38
Miami,FL,Townhouse,9,89.9,67.4,0.0,746.0,61487.5,1669,1,0.11,6760.41
Seattle,WA,Condo,3,56.2,63.8,262.5,0.0,21170.0,1380,1,0.1,2108.44
Denver,CO,Townhouse,7,76.5,64.3,0.0,346.4,26090.4,1470,2,0.144,3743.9
Seattle,WA,Condo,10,57.4,83.4,228.4,0.0,19311.5,1423,2,0.1,1920.66
Boston,MA,Townhouse,6,77.2,48.2,0.0,365.2,22754.3,1220,2,0.252,5733.75
Los Angeles,CA,Condo,3,54.7,49.3,307.8,0.0,19979.8,1107,2,0.22,4399.75
Los Angeles,CA,Condo,8,76.4,75.6,0.0,342.3,16489.0,1016,2,0.264,4365.93
Denver,CO,Condo,2,44.4,81.1,619.3,0.0,39360.8,1118,2,0.132,5176.78
Houston,TX,Condo,1,61.6,85.1,103.1,0.0,7059.7,1055,1,0.132,922.84
Boston,MA,Large House,7,80.8,44.5,0.0,474.4,127720.3,4301,1,0.252,32183.36
Boston,MA,Large House,9,65.6,83.7,0.0,19.1,9207.3,3716,3,0.21,1941.09
Phoenix,AZ,Apartment,7,95.5,76.8,0.0,916.1,20638.1,550,1,0.156,3208.4
Houston,TX,Condo,5,82.1,81.9,0.0,514.0,34781.1,1467,2,0.12,4181.01
Boston,MA,Condo,11,42.2,66.5,682.9,0.0,37752.3,977,1,0.21,7936.5
Phoenix,AZ,House,7,91.6,43.1,0.0,797.7,138286.5,3244,3,0.156,21573.52
Atlanta,GA,House,10,62.1,69.7,86.5,0.0,11590.0,1709,1,0.13,1501.66
Atlanta,GA,Large House,5,60.1,33.8,147.6,0.0,45296.1,3611,6,0.13,5894.12
Phoenix,AZ,Townhouse,11,69.0,39.0,0.0,119.6,13335.7,1928,3,0.13,1749.63
Atlanta,GA,House,11,56.2,69.3,263.6,0.0,39508.4,2154,2,0.13,5126.47
Seattle,WA,House,7,75.8,89.7,0.0,324.9,54142.2,3008,1,0.12,6490.79
Houston,TX,Large House,11,75.1,70.3,0.0,302.0,89597.1,4607,4,0.12,10765.47
Denver,CO,Condo,5,60.3,45.5,141.6,0.0,7965.0,899,1,0.12,966.32
Chicago,IL,Townhouse,11,43.6,74.7,643.4,0.0,51159.7,1291,1,0.14,7173.88
Miami,FL,Townhouse,5,81.6,37.1,0.0,499.1,44978.5,1799,2,0.11,4953.01
Atlanta,GA,Large House,2,48.0,82.0,509.9,0.0,156731.9,3967,2,0.143,22404.59
New York,NY,Condo,3,41.1,64.2,717.2,0.0,40831.3,1005,2,0.18,7347.94
Miami,FL,Condo,2,66.3,40.6,0.0,39.3,3636.8,1299,2,0.121,420.24
Phoenix,AZ,Condo,3,69.9,75.8,0.0,146.9,10233.6,1390,1,0.13,1334.94
Seattle,WA,House,7,73.8,32.3,0.0,265.0,51973.3,3476,4,0.12,6231.72
New York,NY,Townhouse,9,70.8,67.6,0.0,173.0,12994.7,1395,1,0.18,2346.78
Miami,FL,Townhouse,3,70.0,48.4,0.0,151.0,10864.6,1305,2,0.11,1176.93
Phoenix,AZ,House,12,64.2,56.0,22.8,0.0,7150.4,2565,5,0.143,1007.86
Boston,MA,Townhouse,4,49.2,43.5,474.3,0.0,40577.7,1368,2,0.21,8509.77
New York,NY,Large House,9,67.7,69.0,0.0,80.0,20128.9,3346,1,0.18,3638.27
Phoenix,AZ,Large House,10,84.9,69.7,0.0,598.4,115766.8,3099,5,0.13,15030.47
Los Angeles,CA,House,8,74.5,58.5,0.0,284.2,36093.1,2278,1,0.264,9536.39
New York,NY,Townhouse,7,80.6,46.2,0.0,468.7,44175.1,1877,1,0.216,9527.31
Los Angeles,CA,Large House,12,44.8,77.1,605.2,0.0,198852.0,4265,1,0.242,48126.56
Phoenix,AZ,Large House,4,75.1,39.6,0.0,302.9,73238.8,3733,6,0.13,9537.46
Boston,MA,Townhouse,4,55.7,84.4,278.5,0.0,21427.1,1202,1,0.21,4506.45
Chicago,IL,Apartment,9,73.0,68.7,0.0,241.4,6114.8,576,1,0.14,875.16
Phoenix,AZ,House,1,65.7,81.1,0.0,22.2,3845.0,1704,1,0.143,556.91
Seattle,WA,Apartment,2,51.5,69.8,404.4,0.0,11511.0,546,1,0.11,1260.51
Boston,MA,Large House,5,60.9,78.9,122.1,0.0,50547.5,4799,6,0.21,10611.0
Boston,MA,Townhouse,7,82.0,68.9,0.0,510.0,48785.3,1906,2,0.252,12278.41
New York,NY,Condo,2,35.0,70.7,899.3,0.0,61876.3,1226,2,0.198,12246.7
Miami,FL,Large House,1,65.8,73.6,0.0,24.0,13556.3,4766,6,0.121,1639.64
Boston,MA,Apartment,7,74.6,69.3,0.0,289.0,11756.9,951,1,0.252,2977.46
Denver,CO,Large House,12,51.8,70.2,396.6,0.0,128915.8,4157,2,0.132,17017.81
Atlanta,GA,Apartment,7,74.8,69.8,0.0,294.6,14938.7,1177,1,0.156,2316.38
Denver,CO,Large House,1,49.3,60.3,469.7,0.0,111011.6,3023,6,0.132,14653.36
Chicago,IL,Apartment,8,75.3,46.7,0.0,309.3,11006.8,828,1,0.168,1851.16
Seattle,WA,House,4,57.4,64.4,226.7,0.0,26385.4,1661,2,0.1,2638.48
Miami,FL,Apartment,8,87.0,54.7,0.0,660.8,31945.3,1169,1,0.132,4196.79
Los Angeles,CA,Large House,10,65.9,63.7,0.0,27.0,12629.6,4305,3,0.22,2776.76
Miami,FL,Townhouse,1,65.4,49.9,0.0,13.3,3547.4,2036,2,0.121,433.23
Miami,FL,House,2,62.2,50.5,83.5,0.0,11441.6,1699,3,0.121,1403.01
Phoenix,AZ,Large House,9,83.1,83.8,0.0,541.9,127830.9,3765,6,0.13,16630.9
Seattle,WA,Apartment,5,60.9,85.8,123.7,0.0,7938.8,1125,1,0.1,792.16
Houston,TX,Townhouse,2,60.5,68.0,136.0,0.0,18292.3,1975,2,0.132,2399.52
Boston,MA,House,11,41.3,59.9,709.6,0.0,128283.5,2706,5,0.21,26921.47
Seattle,WA,Large House,8,76.8,84.6,0.0,354.3,110682.5,4893,5,0.12,13268.85
Chicago,IL,Apartment,7,79.0,53.1,0.0,421.2,20998.6,1173,2,0.168,3544.39
Houston,TX,Townhouse,7,96.7,57.2,0.0,951.1,102187.2,2186,3,0.144,14711.47
Denver,CO,Townhouse,12,49.1,86.1,476.4,0.0,52267.9,1760,2,0.132,6887.4
Atlanta,GA,Townhouse,11,50.3,72.6,440.2,0.0,42963.6,1553,3,0.13,5572.38
Denver,CO,Townhouse,12,47.6,65.0,521.3,0.0,42819.5,1318,2,0.132,5660.58
Denver,CO,Townhouse,7,75.2,31.5,0.0,306.8,31847.2,2027,1,0.144,4592.81
Houston,TX,Townhouse,3,66.5,33.7,0.0,43.9,4878.2,1493,2,0.12,573.55
Denver,CO,Apartment,6,72.2,70.5,0.0,214.8,9158.1,963,1,0.144,1307.74
Denver,CO,House,4,59.9,32.8,152.1,0.0,28188.4,2546,3,0.12,3379.27
Miami,FL,Large House,1,59.5,67.2,164.6,0.0,41942.8,3026,6,0.121,5089.89
Houston,TX,Townhouse,10,81.0,76.6,0.0,481.0,42754.6,1759,3,0.12,5122.32
Chicago,IL,Apartment,3,40.8,55.7,726.8,0.0,25256.5,677,1,0.14,3521.11
Atlanta,GA,Townhouse,1,47.1,39.3,537.1,0.0,51210.2,1538,2,0.143,7315.96
New York,NY,Large House,11,47.9,63.0,513.0,0.0,143986.8,3616,4,0.18,25925.94
Denver,CO,Condo,3,54.9,39.6,304.1,0.0,23588.4,1333,1,0.12,2826.74
Miami,FL,Condo,4,74.3,47.6,0.0,279.3,19788.6,1479,2,0.11,2181.48
Boston,MA,Large House,11,46.7,56.7,549.3,0.0,128190.7,3018,1,0.21,26924.6
Atlanta,GA,Condo,1,43.8,77.8,635.6,0.0,53827.0,1498,2,0.143,7687.53
Phoenix,AZ,Apartment,9,86.9,47.8,0.0,656.0,24008.1,883,1,0.13,3113.86
Los Angeles,CA,Apartment,3,53.3,42.6,351.9,0.0,19441.7,1050,1,0.22,4265.7
Seattle,WA,Apartment,4,59.5,86.4,166.0,0.0,9806.0,1050,2,0.1,966.75
Boston,MA,Townhouse,1,23.5,77.7,1243.7,0.0,97558.3,1289,1,0.231,22538.97
Houston,TX,Townhouse,7,93.3,56.0,0.0,849.1,66762.4,1597,2,0.144,9620.72
Denver,CO,Apartment,11,56.6,65.1,253.2,0.0,15391.0,1133,1,0.12,1829.83
Denver,CO,Apartment,5,61.8,85.6,95.5,0.0,4582.7,808,1,0.12,562.81
New York,NY,House,3,38.4,53.5,799.1,0.0,137645.1,2592,2,0.18,24777.95
Chicago,IL,Townhouse,11,49.6,30.7,462.8,0.0,60991.4,2108,3,0.14,8524.45
New York,NY,Apartment,10,57.4,86.8,228.9,0.0,13750.4,1110,2,0.18,2485.0
Miami,FL,Condo,7,88.6,43.2,0.0,708.3,46994.1,1461,1,0.132,6191.0
Chicago,IL,Large House,1,27.6,63.0,1121.6,0.0,405388.2,4743,5,0.154,62412.47
Los Angeles,CA,Condo,12,51.5,51.4,404.5,0.0,32496.9,1394,2,0.242,7853.63
Phoenix,AZ,Large House,2,63.2,57.0,54.7,0.0,25990.3,4843,2,0.143,3708.84
Atlanta,GA,Condo,10,65.1,87.5,0.0,2.3,1508.4,1380,2,0.13,188.62
Houston,TX,House,5,78.3,74.0,0.0,400.3,70839.2,3220,3,0.12,8499.22
Miami,FL,Townhouse,8,87.8,66.4,0.0,682.7,59690.0,1764,1,0.132,7893.43
Chicago,IL,Large House,4,57.9,34.6,214.1,0.0,61889.2,3539,6,0.14,8645.23
Denver,CO,Apartment,10,64.7,42.8,9.2,0.0,1485.4,1092,2,0.12,168.68
Denver,CO,House,11,52.7,43.4,370.3,0.0,77818.3,3087,2,0.12,9347.53
Phoenix,AZ,Condo,8,90.0,60.1,0.0,749.0,44571.3,1313,1,0.156,6967.04
Atlanta,GA,Condo,9,66.6,64.0,0.0,47.8,2934.9,943,1,0.13,396.43
Chicago,IL,House,6,76.6,43.9,0.0,348.4,30392.4,1582,1,0.168,5095.28
Houston,TX,Large House,6,92.2,82.9,0.0,815.4,190671.7,3794,4,0.144,27462.67
Los Angeles,CA,Large House,11,57.3,45.8,229.5,0.0,86992.7,4699,3,0.22,19125.35
Seattle,WA,Townhouse,10,62.2,52.6,85.0,0.0,11527.7,1869,1,0.1,1153.43
Miami,FL,Townhouse,8,94.9,30.4,0.0,896.2,88990.7,2011,4,0.132,11744.37
Houston,TX,Apartment,9,84.1,41.2,0.0,573.5,27661.3,1158,2,0.12,3328.05
Los Angeles,CA,Condo,7,74.8,58.7,0.0,294.5,15797.5,1138,1,0.264,4157.0
Seattle,WA,Apartment,4,58.7,39.7,188.0,0.0,5673.5,544,1,0.1,548.91
Atlanta,GA,Condo,1,49.2,61.0,473.3,0.0,26193.4,970,1,0.143,3764.43
New York,NY,Townhouse,2,33.1,58.3,958.0,0.0,83283.2,1421,2,0.198,16478.84
Seattle,WA,Large House,3,55.2,40.9,293.9,0.0,108312.5,4627,5,0.1,10821.83
Miami,FL,House,10,77.3,53.1,0.0,368.9,54841.5,2709,1,0.11,6020.66
Denver,CO,House,3,48.8,84.1,486.8,0.0,89693.9,2740,1,0.12,10778.38
Denver,CO,Large House,2,49.6,84.1,462.2,0.0,115013.0,3190,4,0.132,15161.76
Seattle,WA,Large House,7,77.0,55.7,0.0,359.3,85760.6,3758,1,0.12,10290.56
Seattle,WA,Townhouse,10,61.3,45.3,112.4,0.0,15752.7,2023,1,0.1,1591.67
Los Angeles,CA,Townhouse,10,59.6,30.3,162.7,0.0,23007.5,2097,4,0.22,5041.94
Denver,CO,Apartment,9,71.5,71.3,0.0,196.4,4451.0,507,1,0.12,528.62
Chicago,IL,House,11,42.6,62.2,671.6,0.0,120988.9,2698,3,0.14,16942.93
Seattle,WA,Condo,7,71.8,63.5,0.0,203.6,13647.1,1365,2,0.12,1657.19
Atlanta,GA,Townhouse,12,43.4,81.8,648.6,0.0,64362.6,1607,3,0.143,9193.04
Chicago,IL,Apartment,4,56.9,78.1,244.2,0.0,13491.8,1020,2,0.14,1896.23
New York,NY,Condo,7,82.0,79.4,0.0,511.3,34025.3,1451,1,0.216,7353.48
Los Angeles,CA,Apartment,5,59.8,32.3,156.0,0.0,6328.6,727,1,0.22,1411.68
Atlanta,GA,Large House,5,59.6,76.4,162.8,0.0,60440.4,4457,5,0.13,7857.03
New York,NY,Condo,11,41.9,77.0,691.6,0.0,51981.3,1330,2,0.18,9364.57
Atlanta,GA,Condo,11,51.4,30.0,408.2,0.0,19547.3,836,1,0.13,2561.02
Seattle,WA,Townhouse,11,54.9,61.1,304.2,0.0,31101.1,1604,2,0.1,3092.86
Los Angeles,CA,Large House,5,68.2,50.9,0.0,94.5,31669.1,4487,5,0.22,6958.26
Atlanta,GA,Condo,8,71.6,54.4,0.0,198.3,11684.1,1213,1,0.156,1805.62
Phoenix,AZ,Townhouse,2,68.8,78.8,0.0,112.8,13267.3,2022,3,0.143,1904.99
Seattle,WA,Large House,8,76.6,87.7,0.0,347.2,101121.7,4576,2,0.12,12133.04
Atlanta,GA,Apartment,8,69.7,68.0,0.0,140.3,4167.0,619,1,0.156,657.13
Houston,TX,Townhouse,7,92.2,30.6,0.0,815.0,87715.6,2178,3,0.144,12620.97
Los Angeles,CA,House,11,49.8,85.9,457.2,0.0,93672.6,3033,3,0.22,20602.12
Atlanta,GA,Townhouse,3,52.0,42.0,390.3,0.0,53163.0,2169,2,0.13,6926.1
Houston,TX,Condo,4,72.6,36.4,0.0,226.8,11760.4,1055,2,0.12,1418.28
Boston,MA,Large House,1,32.6,80.9,972.6,0.0,339196.9,4565,5,0.231,78347.09
Atlanta,GA,Townhouse,8,73.0,75.0,0.0,239.4,17433.1,1387,2,0.156,2720.59
Seattle,WA,House,9,68.5,81.6,0.0,104.2,10558.0,1566,3,0.1,1054.08
Los Angeles,CA,Large House,8,69.1,70.4,0.0,122.5,32054.8,3646,6,0.264,8446.49
Miami,FL,Large House,5,79.6,46.2,0.0,438.9,93980.0,3383,5,0.11,10331.53
Chicago,IL,House,7,81.0,52.3,0.0,480.2,50558.3,1931,2,0.168,8484.98
Chicago,IL,Large House,3,39.3,36.0,771.4,0.0,247654.2,4179,6,0.14,34661.02
Seattle,WA,House,4,54.5,78.3,315.1,0.0,39025.1,1798,3,0.1,3902.5
Denver,CO,Large House,12,45.0,63.7,600.0,0.0,169056.0,3646,4,0.132,22311.32
Chicago,IL,Apartment,4,57.4,35.8,228.3,0.0,9432.6,760,1,0.14,1310.96
Miami,FL,Large House,9,85.4,54.7,0.0,613.2,186897.3,4908,3,0.11,20565.89
Atlanta,GA,Condo,10,66.8,47.1,0.0,53.8,4586.1,1389,1,0.13,596.61
Boston,MA,Apartment,7,78.6,87.4,0.0,409.1,19635.8,1128,2,0.252,4953.84
Miami,FL,House,11,70.0,84.4,0.0,151.4,25116.2,2754,5,0.11,2756.53
Miami,FL,Townhouse,11,72.1,53.7,0.0,211.6,16971.6,1498,2,0.11,1878.12
Miami,FL,Large House,9,86.1,41.0,0.0,634.2,195860.8,4977,4,0.11,21553.8
Phoenix,AZ,Apartment,4,72.0,33.8,0.0,210.9,6363.9,670,1,0.13,829.25
New York,NY,House,9,65.0,67.1,0.0,1.2,3423.4,3066,1,0.18,633.47
Seattle,WA,Townhouse,4,57.4,37.6,227.1,0.0,21434.6,1453,2,0.1,2130.29
New York,NY,Townhouse,6,73.7,82.3,0.0,260.2,28591.7,2084,4,0.216,6177.76
Chicago,IL,Large House,3,41.6,74.9,703.0,0.0,227861.4,4210,5,0.14,31897.99
Denver,CO,Townhouse,6,68.3,35.4,0.0,98.1,9922.0,1693,3,0.144,1425.25
Chicago,IL,Townhouse,1,26.4,58.2,1156.8,0.0,84465.7,1200,1,0.154,13024.61
Boston,MA,Townhouse,1,31.0,65.8,1020.6,0.0,123697.5,1984,2,0.231,28576.05
Houston,TX,House,9,84.5,72.9,0.0,585.0,75892.0,2395,4,0.12,9120.18
Houston,TX,Townhouse,2,62.4,75.9,78.1,0.0,9659.3,1632,3,0.132,1287.34
Phoenix,AZ,Townhouse,11,74.1,54.8,0.0,272.6,27962.5,1960,3,0.13,3622.42
Phoenix,AZ,Apartment,11,68.7,67.4,0.0,111.6,5124.1,966,1,0.13,646.91
New York,NY,Large House,1,25.8,37.5,1175.4,0.0,302148.9,3380,1,0.198,59805.8
Los Angeles,CA,Condo,1,43.4,48.7,647.4,0.0,47787.3,1305,1,0.242,11584.45
Boston,MA,Apartment,6,69.6,76.5,0.0,136.8,3664.8,582,1,0.252,922.35
Houston,TX,Townhouse,7,88.2,76.1,0.0,696.6,70513.3,2048,1,0.144,10164.76
Boston,MA,Condo,12,32.6,76.3,971.7,0.0,45422.3,834,1,0.231,10511.84
Boston,MA,House,11,49.4,39.5,469.1,0.0,109794.9,3468,3,0.21,23066.71
Denver,CO,Large House,2,49.4,41.9,468.4,0.0,128498.1,3518,4,0.132,16976.29
Houston,TX,Apartment,4,74.2,40.0,0.0,277.4,13809.7,1148,2,0.12,1641.95
Houston,TX,Apartment,1,63.9,39.3,33.5,0.0,2963.1,1095,2,0.132,381.08
Boston,MA,Apartment,11,49.3,89.8,470.7,0.0,27799.2,1133,2,0.21,5820.21
Chicago,IL,Large House,2,29.3,88.9,1070.2,0.0,265988.6,3257,4,0.154,40972.52
Boston,MA,Condo,1,26.6,38.1,1152.5,0.0,97026.4,1505,2,0.231,22412.52
Boston,MA,Large House,5,64.9,64.0,3.0,0.0,6758.4,4111,6,0.21,1412.21
Boston,MA,Townhouse,10,52.7,39.3,369.3,0.0,49583.9,2136,2,0.21,10403.16
Miami,FL,House,1,62.1,74.0,88.2,0.0,21780.9,3089,6,0.121,2640.28
Miami,FL,Large House,4,71.6,88.0,0.0,199.0,49004.2,3656,6,0.11,5378.06
Boston,MA,Large House,3,40.2,68.5,743.2,0.0,242658.2,4255,3,0.21,50959.14
Los Angeles,CA,Apartment,3,49.0,59.1,479.4,0.0,16912.1,682,1,0.22,3723.5
Seattle,WA,House,9,67.6,52.0,0.0,76.8,14646.8,2777,5,0.1,1447.52
Houston,TX,House,2,63.6,74.6,41.7,0.0,9430.4,2458,1,0.132,1257.69
New York,NY,Large House,5,67.3,80.1,0.0,70.3,22184.9,4083,1,0.18,3981.91
Denver,CO,Apartment,2,44.9,61.6,603.2,0.0,22834.9,736,1,0.132,3019.22
Chicago,IL,Large House,12,35.5,76.0,886.2,0.0,280941.3,4143,4,0.154,43271.94
Seattle,WA,Apartment,3,52.0,69.5,388.6,0.0,13943.8,684,1,0.1,1398.38
Miami,FL,Townhouse,9,86.1,68.0,0.0,633.7,48375.9,1532,2,0.11,5314.29
Houston,TX,Large House,9,89.7,85.6,0.0,739.7,157264.3,3438,4,0.12,18890.18
Boston,MA,House,1,32.8,65.7,965.1,0.0,190621.5,2987,1,0.231,44053.31
Phoenix,AZ,Apartment,5,85.6,31.3,0.0,616.7,18680.1,727,1,0.13,2436.0
Phoenix,AZ,Large House,9,91.3,39.3,0.0,787.8,201260.8,4139,5,0.13,26158.13
Chicago,IL,Townhouse,6,71.3,78.7,0.0,189.9,21416.9,2110,2,0.168,3594.03
Houston,TX,Apartment,12,60.7,79.5,128.1,0.0,6133.7,832,1,0.132,812.7
Los Angeles,CA,Large House,11,56.3,64.6,260.8,0.0,75103.1,3615,1,0.22,16504.92
Miami,FL,Townhouse,7,95.7,43.6,0.0,920.9,73588.7,1626,1,0.132,9717.8
New York,NY,House,1,26.2,63.9,1164.2,0.0,163034.5,2124,1,0.198,32288.74
Chicago,IL,Apartment,11,47.5,64.5,524.1,0.0,24378.7,902,1,0.14,3410.29
Seattle,WA,Condo,3,51.8,74.7,397.2,0.0,26120.9,1144,1,0.1,2602.59
Seattle,WA,Large House,7,71.3,38.1,0.0,189.1,58426.2,4584,6,0.12,7010.66
Atlanta,GA,Condo,9,67.4,46.0,0.0,72.7,5928.4,1430,1,0.13,778.08
Atlanta,GA,Apartment,2,47.2,50.9,532.9,0.0,32743.6,1187,2,0.143,4686.09
New York,NY,Townhouse,3,45.2,78.2,593.5,0.0,57363.0,1558,3,0.18,10322.96
Houston,TX,Condo,11,73.6,81.2,0.0,257.3,14455.3,1182,1,0.12,1716.82
Atlanta,GA,Condo,5,65.9,36.7,0.0,28.1,1824.1,814,1,0.13,218.05
Houston,TX,Large House,4,76.2,45.5,0.0,337.0,73934.6,3417,5,0.12,8881.35
Chicago,IL,Apartment,7,76.6,33.6,0.0,346.6,16113.5,1096,1,0.168,2714.93
Phoenix,AZ,Apartment,8,86.7,69.6,0.0,650.0,31487.6,1170,1,0.156,4928.58
Miami,FL,Apartment,1,59.3,52.8,170.6,0.0,7652.0,799,1,0.121,909.87
Miami,FL,House,10,76.9,60.0,0.0,355.9,50712.1,2588,1,0.11,5595.39
New York,NY,Apartment,4,52.3,53.6,379.9,0.0,20759.3,1042,2,0.18,3730.55
Miami,FL,Townhouse,11,76.0,88.7,0.0,328.8,25339.3,1509,1,0.11,2769.81
Phoenix,AZ,House,1,66.5,43.5,0.0,44.7,12174.6,3433,5,0.143,1736.68
Chicago,IL,Apartment,12,32.2,64.4,984.8,0.0,44670.9,891,1,0.154,6871.82
Atlanta,GA,Townhouse,8,71.1,38.3,0.0,182.0,17147.0,1755,1,0.156,2686.94
Chicago,IL,Townhouse,12,37.1,55.8,837.1,0.0,98824.9,1922,3,0.154,15229.83
Atlanta,GA,Condo,6,67.8,80.4,0.0,85.2,4063.1,869,1,0.156,615.02
Miami,FL,House,7,94.5,79.3,0.0,883.7,100216.4,2121,4,0.132,13238.09
Chicago,IL,Condo,2,27.3,89.2,1132.1,0.0,59113.4,934,1,0.154,9107.68
Atlanta,GA,Condo,10,63.9,51.6,33.8,0.0,2987.2,1037,1,0.13,387.4
Denver,CO,Large House,8,72.7,81.1,0.0,232.2,68353.5,4458,6,0.144,9828.4
Houston,TX,Condo,1,66.3,87.0,0.0,37.6,3143.0,1218,1,0.132,421.74
Houston,TX,Condo,2,68.7,59.4,0.0,110.1,5692.3,981,1,0.132,749.68
Houston,TX,House,7,93.1,79.5,0.0,842.4,138696.3,3089,1,0.144,19968.03
Atlanta,GA,Large House,9,73.8,77.2,0.0,262.7,70032.8,4075,6,0.13,9102.33
New York,NY,Condo,9,73.8,32.4,0.0,265.1,17135.3,1350,2,0.18,3094.97
New York,NY,Condo,5,68.8,76.4,0.0,115.3,7619.7,1250,2,0.18,1358.21
Phoenix,AZ,Large House,1,66.0,57.8,0.0,31.1,14310.2,4413,5,0.143,2029.98
Denver,CO,Apartment,3,50.9,49.4,422.1,0.0,24077.5,1099,1,0.12,2887.44
Houston,TX,House,2,66.9,84.4,0.0,57.5,8559.3,2012,3,0.132,1138.56
Los Angeles,CA,Apartment,2,43.9,72.4,634.4,0.0,31365.0,960,1,0.242,7609.33
Atlanta,GA,Condo,7,70.4,40.3,0.0,163.2,11172.2,1363,2,0.156,1757.72
Chicago,IL,Condo,3,41.2,48.6,714.1,0.0,39638.0,983,1,0.14,5547.16
Chicago,IL,Apartment,3,43.2,45.2,653.2,0.0,23749.1,707,1,0.14,3339.09
Denver,CO,Apartment,10,59.2,69.6,174.9,0.0,9685.4,1005,1,0.12,1159.92
Atlanta,GA,Large House,1,42.8,67.7,666.6,0.0,180038.8,3501,5,0.143,25733.86
Chicago,IL,Condo,1,23.4,81.2,1249.0,0.0,102388.2,1468,2,0.154,15781.3
Phoenix,AZ,Townhouse,2,64.2,40.7,24.9,0.0,3222.9,1250,1,0.143,465.32
Atlanta,GA,Large House,9,72.5,51.6,0.0,224.8,49903.0,3363,4,0.13,6498.13
Miami,FL,Townhouse,7,94.6,80.6,0.0,887.5,88855.0,2039,1,0.132,11727.69
Los Angeles,CA,Townhouse,6,71.2,71.7,0.0,187.4,17574.0,1739,2,0.264,4623.91
Denver,CO,Apartment,8,73.3,80.9,0.0,248.1,12152.8,1119,2,0.144,1753.01
Atlanta,GA,Townhouse,3,52.0,73.8,391.1,0.0,45032.6,1829,3,0.13,5866.56
Atlanta,GA,Condo,12,42.0,31.4,689.5,0.0,42703.0,1097,1,0.143,6091.24
Houston,TX,Large House,7,90.3,63.6,0.0,760.1,180248.9,3847,1,0.144,25936.29
Houston,TX,Townhouse,5,80.1,60.4,0.0,452.3,45632.7,2009,1,0.12,5456.17
Miami,FL,Townhouse,7,93.2,31.7,0.0,844.8,80866.6,1941,3,0.132,10667.62
Miami,FL,House,8,92.5,58.9,0.0,823.7,137563.1,3132,1,0.132,18174.01
Denver,CO,Townhouse,8,78.3,33.4,0.0,398.3,40684.7,2002,4,0.144,5861.2
Miami,FL,Large House,9,87.8,49.9,0.0,683.2,128566.0,3038,2,0.11,14154.1
Los Angeles,CA,Condo,5,68.8,67.6,0.0,115.1,5117.8,831,1,0.22,1128.74
Seattle,WA,Condo,10,64.1,48.9,28.4,0.0,2261.5,919,1,0.1,222.71
Boston,MA,Condo,6,71.2,48.1,0.0,184.8,11516.9,1262,2,0.252,2913.66
Houston,TX,Apartment,8,94.0,84.3,0.0,869.7,36259.7,1018,1,0.144,5215.0
Boston,MA,Large House,5,61.4,82.3,107.0,0.0,42842.7,4588,3,0.21,9014.48
Chicago,IL,Condo,12,31.9,81.9,993.7,0.0,46515.8,837,1,0.154,7155.87
New York,NY,Large House,2,35.9,36.2,873.2,0.0,246218.0,3682,4,0.198,48760.99
New York,NY,Large House,5,63.2,41.6,53.7,0.0,22787.0,4308,2,0.18,4094.43
Boston,MA,Apartment,5,62.7,30.9,67.9,0.0,2860.0,652,1,0.21,601.17
Houston,TX,Large House,6,85.7,86.6,0.0,621.3,159236.4,4125,3,0.144,22933.01
Chicago,IL,Apartment,5,65.4,33.0,0.0,12.2,1556.2,1127,2,0.14,233.99
New York,NY,Apartment,7,78.3,40.7,0.0,397.9,9397.5,555,1,0.216,2033.57
Boston,MA,Large House,6,77.2,72.8,0.0,365.2,84595.9,3639,3,0.252,21319.5
Boston,MA,Large House,3,41.7,57.3,699.5,0.0,172124.4,3190,6,0.21,36154.53
Boston,MA,House,4,50.4,83.7,436.9,0.0,101476.4,3440,2,0.21,21304.57
Chicago,IL,Townhouse,6,69.3,58.5,0.0,129.1,12117.5,1664,2,0.168,2034.2
Chicago,IL,Townhouse,6,70.3,36.2,0.0,158.2,15975.5,1818,3,0.168,2695.76
Miami,FL,Large House,11,71.3,54.0,0.0,189.8,40026.4,3145,3,0.11,4407.74
Denver,CO,Condo,8,72.4,78.8,0.0,222.2,12842.5,1193,1,0.144,1860.69
Seattle,WA,Large House,6,68.4,69.8,0.0,100.8,30652.5,4115,6,0.12,3695.54
Atlanta,GA,House,2,47.6,63.3,521.1,0.0,95399.2,2712,5,0.143,13629.14
Seattle,WA,Apartment,10,60.3,68.7,141.8,0.0,4832.4,611,1,0.1,471.94
Chicago,IL,Large House,11,47.6,69.7,522.9,0.0,188397.2,4658,1,0.14,26367.26
Atlanta,GA,Large House,8,75.8,49.0,0.0,324.5,70582.9,3400,2,0.156,11027.46
Phoenix,AZ,House,12,68.9,65.0,0.0,117.1,24463.9,3374,3,0.143,3498.75
Chicago,IL,Townhouse,1,32.7,30.1,969.6,0.0,93691.5,1578,3,0.154,14447.63
Los Angeles,CA,Townhouse,1,47.0,53.7,539.3,0.0,48184.4,1440,2,0.242,11655.94
Seattle,WA,House,9,66.7,38.3,0.0,52.0,7636.8,1932,3,0.1,777.41
Miami,FL,House,3,66.3,34.3,0.0,40.3,6714.7,2090,2,0.11,747.47
Boston,MA,House,3,43.4,55.0,647.3,0.0,72254.7,1673,1,0.21,15185.05
Atlanta,GA,House,10,62.1,63.1,87.2,0.0,12777.6,1868,2,0.13,1655.3
Chicago,IL,House,10,57.0,73.9,240.6,0.0,25696.5,1515,3,0.14,3588.28
Denver,CO,Large House,6,71.7,72.3,0.0,200.4,40652.1,3068,1,0.144,5853.17
Los Angeles,CA,Condo,12,51.8,89.0,394.9,0.0,35372.0,1548,3,0.242,8558.63
Los Angeles,CA,Large House,10,61.7,74.5,98.3,0.0,27652.7,3181,2,0.22,6066.73
Denver,CO,Large House,5,68.0,62.1,0.0,91.1,28409.8,4255,1,0.12,3407.33
Boston,MA,Large House,12,31.5,88.7,1004.1,0.0,281960.6,3678,4,0.231,65119.59
Atlanta,GA,Townhouse,12,42.6,58.4,671.6,0.0,82926.5,2003,3,0.143,11840.56
Phoenix,AZ,Large House,1,57.8,60.3,215.2,0.0,62881.5,3587,4,0.143,8983.17
Chicago,IL,Large House,5,60.1,36.7,145.7,0.0,43605.7,3563,3,0.14,6108.46
Chicago,IL,House,6,71.6,72.0,0.0,198.4,36072.4,3154,2,0.168,6072.13
New York,NY,Townhouse,2,33.0,79.3,961.3,0.0,128729.6,2190,2,0.198,25498.57
Seattle,WA,House,4,60.3,40.0,142.2,0.0,29873.0,2853,4,0.1,3000.97
New York,NY,Townhouse,2,31.6,58.6,1000.8,0.0,76557.9,1253,1,0.198,15176.4
Denver,CO,Condo,7,74.7,38.7,0.0,292.4,20897.2,1499,2,0.144,2989.67
Boston,MA,House,11,41.0,61.9,720.8,0.0,102875.7,2146,1,0.21,21617.67
Atlanta,GA,Townhouse,6,74.0,45.3,0.0,270.7,20852.0,1476,2,0.156,3251.35
Houston,TX,Large House,4,77.8,89.6,0.0,383.3,98757.1,4064,3,0.12,11831.27
New York,NY,Apartment,1,28.3,71.1,1102.4,0.0,51573.6,921,1,0.198,10220.58
Phoenix,AZ,Condo,1,57.6,65.6,222.9,0.0,11017.3,824,1,0.143,1564.15
Atlanta,GA,Apartment,12,50.6,37.8,433.1,0.0,14097.3,622,1,0.143,2031.91
Atlanta,GA,Condo,2,45.5,58.0,584.0,0.0,50093.2,1512,1,0.143,7168.88
Phoenix,AZ,House,12,66.7,49.4,0.0,51.0,13074.3,3350,6,0.143,1852.59
New York,NY,House,7,76.6,78.8,0.0,347.5,41741.3,2181,1,0.216,8998.89
Houston,TX,Large House,7,91.9,38.6,0.0,807.6,168049.7,3365,6,0.144,24187.89
Los Angeles,CA,House,12,42.3,34.2,679.5,0.0,91952.2,2030,1,0.242,22263.53
New York,NY,House,3,46.3,69.9,560.1,0.0,106324.9,2837,1,0.18,19146.48
Seattle,WA,Large House,1,49.4,59.4,468.0,0.0,148091.8,4055,6,0.11,16303.86
Los Angeles,CA,Large House,4,62.5,79.1,73.8,0.0,20831.3,3006,4,0.22,4585.58
Miami,FL,Townhouse,11,66.6,89.8,0.0,46.6,5093.6,1510,2,0.11,554.91
Miami,FL,Apartment,8,87.8,32.4,0.0,683.0,22459.9,796,1,0.132,2952.35
Seattle,WA,Apartment,11,49.8,68.0,454.5,0.0,20545.0,867,1,0.1,2040.1
Houston,TX,Apartment,12,63.9,33.8,33.2,0.0,2833.0,1107,1,0.132,366.27
Denver,CO,House,1,40.6,77.3,733.2,0.0,76866.2,1575,2,0.132,10131.07
Denver,CO,House,11,50.5,64.8,435.3,0.0,97013.8,3282,5,0.12,11623.13
Chicago,IL,House,11,49.1,67.1,477.8,0.0,49610.5,1539,2,0.14,6951.42
New York,NY,Condo,11,48.2,35.8,503.8,0.0,24460.5,851,1,0.18,4416.3
Los Angeles,CA,Apartment,2,43.6,42.2,641.1,0.0,33216.5,1009,1,0.242,8051.83
Seattle,WA,Townhouse,2,46.2,87.9,563.5,0.0,76644.9,2199,2,0.11,8412.76
Chicago,IL,Townhouse,2,28.4,54.9,1097.6,0.0,88679.1,1323,2,0.154,13658.72
Boston,MA,Condo,10,53.0,80.8,360.0,0.0,17524.8,841,1,0.21,3691.32
New York,NY,House,2,28.8,35.3,1086.2,0.0,108553.9,1513,1,0.198,21509.14
Seattle,WA,House,12,43.4,46.3,647.1,0.0,75932.6,1759,1,0.11,8342.16
Chicago,IL,Large House,12,29.8,60.0,1056.0,0.0,248230.8,3077,5,0.154,38232.64
Phoenix,AZ,Townhouse,7,88.9,89.2,0.0,717.6,42841.1,1204,1,0.156,6687.96
Denver,CO,Large House,4,59.6,46.6,162.2,0.0,53631.0,3950,6,0.12,6447.59
Boston,MA,House,3,46.2,33.2,563.2,0.0,69145.5,1827,3,0.21,14508.94
Phoenix,AZ,Townhouse,10,75.4,74.4,0.0,313.0,32916.1,2024,4,0.13,4266.13
New York,NY,House,9,73.0,73.3,0.0,238.5,23499.4,1737,1,0.18,4222.94
Houston,TX,Townhouse,4,74.3,35.9,0.0,277.8,28717.3,1997,1,0.12,3460.87
Seattle,WA,Condo,2,43.5,56.2,643.7,0.0,46678.6,1282,2,0.11,5139.02
Chicago,IL,House,6,76.2,67.9,0.0,335.9,33283.0,1779,2,0.168,5579.63
Chicago,IL,Apartment,12,30.8,36.7,1025.8,0.0,56455.5,1082,1,0.154,8690.88
Miami,FL,Condo,5,84.9,68.3,0.0,596.9,38619.7,1418,1,0.11,4234.96
Denver,CO,Condo,2,51.6,43.0,401.3,0.0,28241.2,1221,2,0.132,3726.35
New York,NY,House,12,30.5,56.1,1035.7,0.0,224894.9,3287,2,0.198,44546.29
Chicago,IL,Large House,1,23.4,58.2,1248.0,0.0,365652.6,3855,1,0.154,56291.85
Denver,CO,House,8,77.2,57.1,0.0,366.4,64179.1,3158,6,0.144,9244.13
New York,NY,House,4,52.0,68.9,391.3,0.0,47060.2,1771,2,0.18,8470.03
Phoenix,AZ,Condo,12,68.8,57.8,0.0,112.9,7465.6,1270,1,0.143,1075.71
Chicago,IL,Townhouse,11,46.3,81.6,560.0,0.0,58160.1,1675,3,0.14,8158.15
Miami,FL,Large House,1,64.5,71.9,14.1,0.0,8774.4,3607,4,0.121,1064.71
Houston,TX,Apartment,10,80.1,84.6,0.0,454.4,16070.3,843,1,0.12,1910.5
Seattle,WA,Townhouse,8,72.7,40.5,0.0,229.7,22098.8,1833,1,0.12,2634.54
Houston,TX,Condo,6,89.5,74.2,0.0,734.7,34828.9,1044,1,0.144,5030.2
Houston,TX,Condo,6,88.0,55.4,0.0,691.1,36455.2,1161,2,0.144,5244.46
Boston,MA,House,9,68.7,61.9,0.0,111.0,17763.0,2578,1,0.21,3746.21
Boston,MA,Large House,6,78.5,78.5,0.0,403.6,118870.3,4638,6,0.252,29937.93
Boston,MA,Apartment,2,29.9,87.4,1053.5,0.0,48148.8,900,1,0.231,11113.42
Chicago,IL,House,3,42.2,67.6,683.8,0.0,149915.0,3291,2,0.14,21006.88
Denver,CO,Condo,8,73.4,68.7,0.0,253.2,14060.2,1155,2,0.144,2007.19
Houston,TX,Large House,11,71.8,69.3,0.0,203.6,50124.7,3687,4,0.12,6014.41
Denver,CO,Large House,8,74.7,83.9,0.0,290.2,73681.0,3937,3,0.144,10621.63
Houston,TX,House,6,90.7,32.8,0.0,770.9,143815.4,3488,3,0.144,20707.66
Chicago,IL,Large House,3,39.9,88.4,754.4,0.0,258352.0,4457,5,0.14,36177.0
Chicago,IL,Condo,4,58.9,64.5,181.9,0.0,10099.4,919,1,0.14,1408.71
Houston,TX,Large House,12,62.2,50.6,84.9,0.0,24118.3,3071,6,0.132,3185.21
Chicago,IL,Large House,5,64.0,60.0,28.6,0.0,10951.3,3248,1,0.14,1531.5
Miami,FL,Condo,1,66.8,49.9,0.0,52.7,5347.1,1556,3,0.121,645.95
Phoenix,AZ,Large House,11,73.3,85.3,0.0,248.6,53909.4,3301,5,0.13,6992.71
Boston,MA,Apartment,3,40.1,54.1,747.6,0.0,45753.6,1194,1,0.21,9606.1
Los Angeles,CA,Townhouse,1,42.0,61.6,691.5,0.0,77755.2,1822,3,0.242,18827.45
Houston,TX,Apartment,2,66.8,87.5,0.0,53.1,3369.1,1051,2,0.132,440.5
Boston,MA,Townhouse,10,61.4,84.5,107.0,0.0,13754.2,1819,3,0.21,2874.3
Seattle,WA,Townhouse,7,72.8,51.1,0.0,235.4,19596.9,1581,1,0.12,2366.6
Los Angeles,CA,Condo,12,50.0,47.3,448.9,0.0,32344.9,1254,2,0.242,7846.28
Seattle,WA,House,3,53.0,38.6,360.6,0.0,79216.7,3211,5,0.1,7941.21
Denver,CO,Townhouse,2,43.9,54.6,633.5,0.0,84538.8,2155,4,0.132,11155.7
Denver,CO,House,12,44.0,79.9,630.2,0.0,112075.8,2663,2,0.132,14793.63
Phoenix,AZ,Large House,5,84.4,43.5,0.0,582.0,145675.2,4011,5,0.13,18923.93
Phoenix,AZ,House,2,64.2,59.5,24.9,0.0,7966.4,2839,3,0.143,1128.98
Los Angeles,CA,Townhouse,8,75.0,51.7,0.0,299.7,33765.6,2193,1,0.264,8911.55
Phoenix,AZ,House,12,62.7,74.0,68.0,0.0,17377.1,3175,1,0.143,2475.31
Atlanta,GA,Apartment,3,55.8,38.1,276.5,0.0,12127.7,827,1,0.13,1567.51
Seattle,WA,Townhouse,1,45.3,86.2,591.1,0.0,54737.5,1496,2,0.11,6031.79
Chicago,IL,Apartment,10,60.7,79.6,128.3,0.0,4977.2,671,1,0.14,688.84
Miami,FL,Apartment,9,90.2,30.8,0.0,757.0,34173.8,1093,2,0.11,3754.04
Boston,MA,House,6,70.0,39.3,0.0,150.7,30264.2,3386,2,0.252,7614.11
Denver,CO,Large House,12,50.5,72.8,436.2,0.0,160251.4,4702,5,0.132,21165.29
Seattle,WA,House,2,52.2,58.8,383.0,0.0,45164.8,1738,1,0.11,4962.63
Boston,MA,Large House,9,65.7,48.3,0.0,21.7,11905.2,4563,3,0.21,2484.83
Chicago,IL,Condo,12,29.3,37.8,1072.4,0.0,61913.1,1032,2,0.154,9542.25
Los Angeles,CA,Apartment,1,40.4,36.5,737.2,0.0,37632.5,995,1,0.242,9107.62
New York,NY,House,2,27.4,48.1,1127.0,0.0,249926.7,3360,3,0.198,49469.34
Los Angeles,CA,Large House,4,54.8,51.1,304.6,0.0,101268.4,4203,2,0.22,22292.88
Phoenix,AZ,Large House,6,91.6,76.8,0.0,796.5,182623.6,3721,2,0.156,28489.48
Los Angeles,CA,Apartment,10,64.2,87.9,25.3,0.0,1094.6,514,1,0.22,250.98
New York,NY,Apartment,4,52.7,65.4,370.1,0.0,19799.8,1016,2,0.18,3582.28
Chicago,IL,Townhouse,7,79.1,54.5,0.0,424.3,35017.7,1634,1,0.168,5875.54
Boston,MA,Apartment,9,71.6,72.3,0.0,198.7,5700.9,639,1,0.21,1178.82
Miami,FL,House,2,64.6,74.2,12.9,0.0,4727.8,2288,3,0.121,585.71
Houston,TX,Large House,7,88.9,34.2,0.0,716.6,159560.5,3595,4,0.144,22975.74
Miami,FL,Condo,1,63.7,53.8,38.4,0.0,4680.3,1490,2,0.121,573.37
Los Angeles,CA,Condo,7,77.4,83.5,0.0,372.4,20936.7,1210,1,0.264,5521.84
Houston,TX,Townhouse,4,72.2,80.3,0.0,216.8,20849.3,1809,2,0.12,2493.06
Atlanta,GA,Large House,5,68.4,51.4,0.0,103.0,34488.7,4548,6,0.13,4501.54
Boston,MA,Large House,5,61.1,45.0,117.6,0.0,33672.8,3301,4,0.21,7076.41
Chicago,IL,Apartment,2,32.0,31.6,990.6,0.0,27917.5,554,1,0.154,4303.48
Miami,FL,Condo,5,84.6,69.7,0.0,588.1,38533.1,1436,1,0.11,4238.33
Boston,MA,Condo,5,64.9,45.7,2.9,0.0,1726.1,1477,2,0.21,376.87
Denver,CO,Apartment,1,43.8,48.9,634.9,0.0,30668.1,940,1,0.132,4046.57
New York,NY,Condo,9,72.8,39.8,0.0,235.4,16782.2,1475,2,0.18,3013.3
Seattle,WA,House,2,49.6,71.1,462.0,0.0,83331.9,2665,4,0.11,9165.55
Chicago,IL,Large House,1,27.9,88.3,1111.6,0.0,321921.9,3801,3,0.154,49570.08
Phoenix,AZ,Townhouse,1,58.3,52.0,201.5,0.0,16210.3,1228,1,0.143,2321.43
Miami,FL,House,2,69.9,54.7,0.0,147.6,21006.6,2376,3,0.121,2531.57
Houston,TX,Townhouse,10,83.7,36.9,0.0,560.7,35898.3,1286,1,0.12,4309.33
New York,NY,House,11,45.7,84.1,579.6,0.0,126987.5,3268,4,0.18,22865.59
Atlanta,GA,Apartment,6,69.2,35.9,0.0,126.7,5297.7,886,1,0.156,834.07
Houston,TX,Townhouse,8,89.4,66.9,0.0,731.9,62189.8,1714,3,0.144,8952.78
Boston,MA,Apartment,9,66.7,47.8,0.0,49.5,2114.9,719,1,0.21,456.31
Atlanta,GA,Apartment,12,47.9,46.4,512.4,0.0,28966.1,1092,1,0.143,4143.4
Seattle,WA,Condo,6,71.0,48.0,0.0,181.4,7922.9,878,1,0.12,943.28
Seattle,WA,House,5,63.5,75.8,44.0,0.0,11429.9,2779,5,0.1,1123.73
Denver,CO,Condo,10,63.6,79.4,41.8,0.0,4362.3,1311,1,0.12,514.19
Denver,CO,Large House,7,77.3,33.6,0.0,368.0,115083.5,4914,5,0.144,16570.52
Houston,TX,Condo,12,67.4,54.6,0.0,73.2,6449.8,1501,2,0.132,867.81
Houston,TX,House,5,83.5,45.4,0.0,553.8,95475.0,3186,3,0.12,11453.23
Los Angeles,CA,Condo,4,61.0,48.6,120.9,0.0,6340.9,828,1,0.22,1414.65
Seattle,WA,Apartment,4,54.4,45.5,319.1,0.0,11268.3,663,1,0.1,1133.18
Chicago,IL,Apartment,12,28.6,83.8,1093.4,0.0,55366.5,997,1,0.154,8518.35
Los Angeles,CA,House,6,70.0,80.4,0.0,149.1,25474.3,2875,1,0.264,6714.66
Atlanta,GA,Large House,2,51.3,87.0,411.3,0.0,131357.2,4068,6,0.143,18774.16
Los Angeles,CA,Condo,10,60.3,65.1,141.2,0.0,8086.3,925,1,0.22,1788.91
Houston,TX,House,4,72.8,88.2,0.0,232.5,23690.6,1795,1,0.12,2833.04
Atlanta,GA,Apartment,8,76.0,36.8,0.0,329.9,14848.4,1046,2,0.156,2315.34
Houston,TX,Townhouse,3,72.2,79.3,0.0,214.7,17842.6,1571,2,0.12,2159.78
Atlanta,GA,Apartment,12,48.9,77.3,482.8,0.0,29427.0,1178,1,0.143,4210.17
Phoenix,AZ,Townhouse,11,74.6,53.3,0.0,287.3,19731.1,1324,1,0.13,2560.76
Phoenix,AZ,Townhouse,2,63.0,81.6,60.8,0.0,10112.6,2158,2,0.143,1443.66
Miami,FL,House,1,65.2,86.4,0.0,7.0,3013.5,2061,1,0.121,361.15
Miami,FL,House,2,67.0,60.4,0.0,59.5,13417.0,3188,2,0.121,1627.54
Denver,CO,Townhouse,8,76.6,68.5,0.0,348.6,33867.0,1911,1,0.144,4874.59
Chicago,IL,Apartment,7,77.1,34.9,0.0,364.1,10848.3,704,1,0.168,1823.17
Chicago,IL,Large House,11,44.5,82.4,614.6,0.0,181976.0,3840,3,0.14,25463.58
Atlanta,GA,Townhouse,5,63.1,40.9,55.7,0.0,6226.9,1403,1,0.13,827.28
Atlanta,GA,Condo,1,49.1,88.4,477.9,0.0,22408.1,823,1,0.143,3212.42
Chicago,IL,Apartment,7,80.0,39.0,0.0,450.1,21578.5,1132,2,0.168,3612.0
Atlanta,GA,Apartment,1,47.7,85.7,518.0,0.0,27979.6,1038,2,0.143,4000.86
Houston,TX,Condo,4,73.9,59.7,0.0,266.4,20307.8,1600,2,0.12,2451.19
Atlanta,GA,Condo,5,60.9,40.8,123.2,0.0,12208.6,1544,3,0.13,1568.27
Phoenix,AZ,Condo,10,78.7,71.1,0.0,410.9,24009.2,1261,1,0.13,3101.61
Chicago,IL,Townhouse,12,30.1,53.0,1046.3,0.0,102775.0,1607,3,0.154,15831.23
Los Angeles,CA,Apartment,9,68.3,44.1,0.0,99.9,2866.5,560,1,0.22,650.5
Atlanta,GA,Apartment,1,43.0,53.7,659.2,0.0,25699.8,759,1,0.143,3693.8
Denver,CO,Apartment,10,58.7,59.6,189.0,0.0,7070.0,683,1,0.12,847.12
Los Angeles,CA,Townhouse,12,43.4,37.0,647.5,0.0,69533.6,1743,2,0.242,16812.25
Phoenix,AZ,Townhouse,7,93.1,75.7,0.0,843.9,61935.9,1489,2,0.156,9654.53
Chicago,IL,Townhouse,12,33.6,85.4,943.3,0.0,98168.4,1703,1,0.154,15115.53
Houston,TX,Condo,1,57.4,45.6,229.2,0.0,14111.6,1035,1,0.132,1860.18
Boston,MA,Apartment,8,76.6,36.7,0.0,347.3,12853.5,865,1,0.252,3225.0
Miami,FL,Apartment,4,79.3,75.0,0.0,430.5,14399.9,790,1,0.11,1586.52
Atlanta,GA,Condo,10,61.2,34.6,115.1,0.0,5959.8,804,1,0.13,781.84
Miami,FL,Apartment,5,80.9,65.4,0.0,478.3,24046.5,1197,1,0.11,2658.59
Chicago,IL,Apartment,2,31.5,87.3,1003.8,0.0,49629.3,971,1,0.154,7623.15
New York,NY,Large House,8,82.0,84.4,0.0,509.9,117494.6,3665,6,0.216,25364.01
New York,NY,Townhouse,6,76.4,62.8,0.0,343.1,35298.2,2017,1,0.216,7608.12
Phoenix,AZ,Condo,4,71.9,81.1,0.0,206.8,16006.5,1589,2,0.13,2092.02
Phoenix,AZ,Condo,2,68.0,74.2,0.0,90.3,5668.6,1105,2,0.143,826.76
Atlanta,GA,Condo,6,74.3,60.8,0.0,279.6,19632.1,1481,1,0.156,3078.02
Boston,MA,Townhouse,10,52.9,55.4,362.9,0.0,41456.7,1814,2,0.21,8693.37
Seattle,WA,Apartment,1,49.7,70.6,458.0,0.0,24523.0,1025,2,0.11,2706.07
Boston,MA,Large House,11,40.8,58.1,724.8,0.0,240965.7,4325,5,0.21,50614.87
Phoenix,AZ,Condo,3,73.4,61.4,0.0,252.5,18161.5,1500,2,0.13,2342.91
Los Angeles,CA,Apartment,9,69.1,57.9,0.0,123.9,3655.4,610,1,0.22,816.69
Miami,FL,Townhouse,10,76.1,69.7,0.0,334.2,21867.8,1283,1,0.11,2392.74
Seattle,WA,Apartment,2,46.1,73.4,565.8,0.0,27089.6,926,1,0.11,2977.85
Phoenix,AZ,Townhouse,3,65.8,88.9,0.0,23.5,3026.2,1416,1,0.13,400.34
Seattle,WA,Large House,1,41.2,40.3,715.0,0.0,165672.7,3011,4,0.11,18231.67
Atlanta,GA,House,5,62.6,70.4,71.8,0.0,16470.3,2766,5,0.13,2136.94
Phoenix,AZ,Apartment,3,66.9,79.0,0.0,57.2,2110.4,638,1,0.13,261.88
New York,NY,Condo,8,78.5,56.1,0.0,404.9,27507.0,1464,1,0.216,5953.11
Houston,TX,Apartment,5,81.7,31.3,0.0,502.2,20378.0,974,1,0.12,2431.46
Boston,MA,House,8,77.9,42.1,0.0,385.6,32751.8,1540,2,0.252,8266.8
New York,NY,Townhouse,1,32.8,80.9,966.2,0.0,77190.1,1305,2,0.198,15287.47
Denver,CO,Townhouse,1,44.9,65.5,604.2,0.0,63482.4,1699,2,0.132,8386.82
Boston,MA,Condo,12,32.2,49.0,983.4,0.0,47404.2,862,1,0.231,10966.08
Seattle,WA,House,2,52.4,50.8,378.3,0.0,65098.2,2513,5,0.11,7141.63
Phoenix,AZ,Condo,8,88.3,43.2,0.0,699.6,36778.5,1152,2,0.156,5731.01
Atlanta,GA,House,3,54.2,53.4,323.1,0.0,73287.0,3308,3,0.13,9544.95
Miami,FL,House,3,67.8,75.0,0.0,84.7,15396.1,2773,2,0.11,1678.73
Houston,TX,Condo,10,82.9,86.6,0.0,538.0,32102.6,1303,1,0.12,3841.7
Denver,CO,Apartment,1,43.6,39.5,642.9,0.0,28728.3,867,1,0.132,3807.92
New York,NY,Apartment,6,75.2,37.2,0.0,305.3,12274.9,940,1,0.216,2641.7
Miami,FL,Townhouse,1,59.7,39.1,159.8,0.0,21361.8,1988,3,0.121,2585.39
Los Angeles,CA,Apartment,8,78.7,76.9,0.0,412.4,16864.4,968,1,0.264,4466.53
Los Angeles,CA,Large House,1,41.7,37.1,699.9,0.0,216897.2,4038,1,0.242,52483.58
Phoenix,AZ,House,9,83.5,51.8,0.0,556.3,75710.7,2520,1,0.13,9827.31
Houston,TX,House,7,89.5,78.5,0.0,733.6,120598.1,3075,1,0.144,17366.32
Los Angeles,CA,Townhouse,6,69.6,69.9,0.0,138.2,14840.5,1932,2,0.264,3928.04
Seattle,WA,Condo,3,56.2,83.9,264.6,0.0,19431.4,1239,2,0.1,1943.79
Miami,FL,Apartment,8,93.2,61.0,0.0,845.3,22476.8,649,1,0.132,2960.47
Seattle,WA,Condo,7,77.6,69.6,0.0,377.8,15224.4,862,1,0.12,1843.03
New York,NY,Large House,5,68.9,72.0,0.0,115.7,32094.6,3858,4,0.18,5785.89
Miami,FL,Townhouse,1,66.0,66.6,0.0,30.1,5205.9,2046,3,0.121,626.07
Houston,TX,Large House,10,81.5,71.8,0.0,495.6,143569.3,4614,5,0.12,17239.58
Seattle,WA,Condo,5,64.4,53.4,18.8,0.0,1848.1,886,1,0.1,200.01
Denver,CO,Large House,5,64.1,48.7,26.5,0.0,11073.2,3437,1,0.12,1334.21
New York,NY,Apartment,9,66.4,76.4,0.0,42.4,3006.0,1106,2,0.18,560.55
Los Angeles,CA,Apartment,6,67.2,75.4,0.0,67.1,2854.9,765,1,0.264,751.64
Atlanta,GA,Apartment,8,77.1,89.3,0.0,361.6,13042.3,847,1,0.156,2050.37
Denver,CO,Large House,4,55.8,77.1,274.6,0.0,81516.0,3717,3,0.12,9788.81
Seattle,WA,Large House,12,45.3,64.9,591.6,0.0,160040.6,3507,1,0.11,17598.92
Los Angeles,CA,Condo,12,42.8,33.7,665.4,0.0,46582.9,1235,2,0.242,11272.11
Boston,MA,Apartment,6,74.9,61.1,0.0,296.5,15281.0,1193,2,0.252,3841.36
Boston,MA,House,8,79.3,55.0,0.0,429.5,68496.6,2911,4,0.252,17261.37
Boston,MA,House,3,42.1,61.7,686.0,0.0,159712.6,3482,6,0.21,33537.86
New York,NY,Condo,9,70.0,54.5,0.0,150.5,8870.5,1178,1,0.18,1599.56
New York,NY,Large House,3,40.0,52.5,748.5,0.0,186245.1,3241,3,0.18,33505.24
Chicago,IL,Condo,10,61.4,48.3,109.0,0.0,8526.7,1231,1,0.14,1181.06
Boston,MA,Apartment,2,27.7,32.7,1119.7,0.0,60390.0,1060,2,0.231,13942.47
Boston,MA,Townhouse,7,82.3,38.0,0.0,520.1,43997.3,1686,3,0.252,11092.78
Boston,MA,House,3,40.3,78.0,742.4,0.0,162215.5,3274,6,0.21,34061.64
Houston,TX,House,6,92.6,83.4,0.0,827.4,115057.3,2607,1,0.144,16574.09
Chicago,IL,Apartment,10,57.6,37.4,221.7,0.0,13819.4,1145,2,0.14,1922.42
Atlanta,GA,Large House,10,66.6,61.3,0.0,47.2,18546.4,4551,1,0.13,2411.14
New York,NY,Apartment,11,49.6,46.5,461.3,0.0,24955.5,1044,1,0.18,4505.18
Atlanta,GA,House,2,49.1,54.1,477.9,0.0,101758.2,3152,5,0.143,14565.89
New York,NY,Townhouse,7,74.2,61.7,0.0,277.2,19961.1,1384,2,0.216,4295.24
Los Angeles,CA,Large House,3,48.8,76.1,485.2,0.0,134953.2,3584,2,0.22,29707.8
Chicago,IL,Apartment,10,52.3,33.5,381.8,0.0,16648.4,833,1,0.14,2323.58
Seattle,WA,Townhouse,5,59.5,44.4,164.4,0.0,17288.1,1584,1,0.1,1718.27
Denver,CO,Large House,7,72.7,49.1,0.0,230.8,74553.9,4944,1,0.144,10718.37
New York,NY,House,11,42.7,87.8,669.3,0.0,88267.9,1978,1,0.18,15878.07
Denver,CO,Condo,5,63.5,80.8,46.2,0.0,4944.9,1381,2,0.12,604.7
Chicago,IL,Townhouse,9,69.4,55.4,0.0,131.3,10163.7,1372,1,0.14,1420.99
New York,NY,House,10,52.0,86.0,389.8,0.0,55442.2,2092,2,0.18,9983.51
Seattle,WA,Townhouse,11,49.5,74.4,466.4,0.0,41262.4,1417,2,0.1,4118.27
Seattle,WA,Apartment,3,55.8,42.7,276.5,0.0,15836.0,1069,2,0.1,1595.68
Miami,FL,Townhouse,12,61.5,89.0,106.2,0.0,12403.6,1663,2,0.121,1499.23
Atlanta,GA,Townhouse,1,46.5,30.1,556.1,0.0,73517.1,2135,2,0.143,10529.0
Chicago,IL,House,9,71.0,75.7,0.0,181.0,35622.4,3333,6,0.14,4998.63
Los Angeles,CA,Large House,1,44.5,37.4,616.4,0.0,229956.0,4827,6,0.242,55644.41
Atlanta,GA,Townhouse,7,71.2,52.2,0.0,187.4,13808.7,1381,1,0.156,2134.53
New York,NY,Townhouse,11,41.9,79.0,692.5,0.0,91490.0,2143,3,0.18,16480.53
Houston,TX,Condo,8,88.8,84.3,0.0,714.2,37981.7,1171,1,0.144,5457.73
Houston,TX,House,2,65.7,59.6,0.0,20.7,7349.5,3281,3,0.132,976.53
Atlanta,GA,Large House,10,62.9,74.8,63.6,0.0,20116.3,3359,1,0.13,2632.46
Houston,TX,Large House,12,60.9,70.7,122.4,0.0,48332.5,4602,3,0.132,6387.61
Denver,CO,Large House,5,67.8,30.1,0.0,84.9,28399.3,4394,5,0.12,3414.84
New York,NY,Townhouse,7,76.7,70.8,0.0,352.2,37349.0,2064,4,0.216,8061.84
New York,NY,Condo,1,28.3,49.0,1100.3,0.0,66750.8,1084,2,0.198,13210.05
Atlanta,GA,Apartment,12,51.6,85.0,402.7,0.0,15341.7,731,1,0.143,2187.03
Los Angeles,CA,Apartment,1,48.1,65.6,507.6,0.0,26068.8,991,1,0.242,6302.01
Phoenix,AZ,Condo,2,69.6,80.0,0.0,137.6,9080.4,1284,1,0.143,1299.28
Houston,TX,Apartment,10,82.6,67.5,0.0,529.2,25128.8,1134,2,0.12,2998.88
New York,NY,Apartment,7,81.8,33.7,0.0,504.8,17373.7,820,1,0.216,3734.91
Atlanta,GA,House,2,43.6,33.1,643.3,0.0,73651.4,1708,3,0.143,10528.21
Atlanta,GA,House,4,60.9,67.4,123.8,0.0,30346.2,3270,5,0.13,3943.57
Seattle,WA,Large House,10,63.5,70.5,44.7,0.0,14960.7,3207,3,0.1,1496.76
Atlanta,GA,Condo,2,49.0,34.1,481.4,0.0,24928.3,905,1,0.143,3552.5
Atlanta,GA,Condo,11,52.6,58.9,373.4,0.0,28534.8,1321,2,0.13,3696.96
Chicago,IL,Apartment,1,28.8,60.8,1084.6,0.0,34800.6,630,1,0.154,5353.6
Atlanta,GA,Large House,3,50.1,50.6,447.4,0.0,115299.4,3301,4,0.13,14969.25
Atlanta,GA,Condo,1,44.2,41.7,623.4,0.0,36728.2,1043,1,0.143,5268.47
Los Angeles,CA,Townhouse,4,59.9,88.9,151.6,0.0,19191.5,1883,2,0.22,4215.38
Atlanta,GA,Large House,6,70.2,39.7,0.0,155.6,45337.0,4261,3,0.156,7084.13
New York,NY,House,4,55.4,71.6,288.4,0.0,67072.5,3384,1,0.18,12061.58
Boston,MA,Townhouse,12,32.0,79.6,989.9,0.0,95622.7,1584,1,0.231,22069.23
Miami,FL,Apartment,9,84.9,41.7,0.0,597.2,15349.0,617,1,0.11,1699.01
New York,NY,Apartment,4,50.7,83.1,427.8,0.0,15719.6,702,1,0.18,2823.12
Denver,CO,Condo,3,48.8,45.7,487.2,0.0,27705.0,1000,1,0.12,3337.85
Chicago,IL,House,11,43.4,42.6,648.5,0.0,134533.3,3112,1,0.14,18829.44
Miami,FL,Condo,9,90.8,33.9,0.0,773.5,50356.3,1438,2,0.11,5556.15
Houston,TX,Condo,9,85.2,55.8,0.0,605.4,32909.9,1187,2,0.12,3966.02
Atlanta,GA,Large House,4,55.9,38.9,271.7,0.0,103187.1,4749,5,0.13,13419.5
Phoenix,AZ,Condo,9,84.1,34.9,0.0,572.8,36676.7,1398,2,0.13,4774.51
Los Angeles,CA,Condo,9,70.0,57.9,0.0,149.6,9115.6,1197,2,0.22,2000.39
Boston,MA,House,8,78.4,77.4,0.0,401.4,45452.7,2049,4,0.252,11442.36
Houston,TX,House,4,74.1,83.3,0.0,271.8,35325.3,2310,2,0.12,4256.45
Miami,FL,Townhouse,9,89.5,47.7,0.0,735.5,46758.5,1286,1,0.11,5132.64
New York,NY,House,9,68.3,58.1,0.0,97.8,17356.4,2772,3,0.18,3136.33
Miami,FL,Townhouse,7,91.4,45.9,0.0,792.5,47810.6,1225,1,0.132,6327.05
Phoenix,AZ,Large House,9,82.8,46.6,0.0,533.4,137624.6,4119,6,0.13,17875.94
Miami,FL,Apartment,9,84.0,49.8,0.0,569.0,16670.2,705,1,0.11,1846.34
Phoenix,AZ,Condo,12,69.0,75.1,0.0,119.5,8863.0,1418,1,0.143,1283.9
New York,NY,Townhouse,5,67.8,54.2,0.0,84.9,10626.8,2042,3,0.18,1916.02
New York,NY,House,11,48.7,43.7,490.4,0.0,84201.0,2549,2,0.18,15144.57
Houston,TX,Large House,10,82.6,73.4,0.0,527.3,152088.9,4609,5,0.12,18262.34
Miami,FL,Condo,7,91.2,56.3,0.0,785.3,56669.0,1588,3,0.132,7461.51
Chicago,IL,Large House,3,37.1,78.6,837.1,0.0,232902.2,3625,6,0.14,32599.91
Seattle,WA,House,11,56.6,71.4,251.1,0.0,53285.6,3041,4,0.1,5332.04
Atlanta,GA,Apartment,3,52.7,77.9,369.5,0.0,12847.8,657,1,0.13,1673.17
Seattle,WA,House,4,53.6,53.2,340.9,0.0,80361.3,3442,4,0.1,8029.29
Boston,MA,Townhouse,2,33.7,40.7,937.5,0.0,78851.9,1375,1,0.231,18218.92
New York,NY,Condo,4,51.8,44.0,394.9,0.0,19823.9,871,1,0.18,3551.1
New York,NY,Townhouse,9,67.3,84.6,0.0,68.0,5215.3,1211,1,0.18,958.34
Chicago,IL,Large House,7,74.7,87.3,0.0,290.6,75132.7,3979,6,0.168,12607.49
Houston,TX,Townhouse,7,88.6,64.5,0.0,707.6,71587.2,2037,4,0.144,10296.68
Boston,MA,Townhouse,4,53.5,79.5,346.3,0.0,26377.3,1207,1,0.21,5529.11
Miami,FL,Large House,8,91.8,74.2,0.0,802.8,195175.7,3942,4,0.132,25778.43
Boston,MA,Townhouse,12,31.9,79.4,992.7,0.0,125223.0,2062,3,0.231,28923.11
Chicago,IL,Large House,12,31.8,69.5,994.6,0.0,295027.6,3884,4,0.154,45418.08
New York,NY,Condo,3,43.7,34.0,640.0,0.0,39231.9,1080,2,0.18,7077.83
Boston,MA,House,9,64.8,36.3,7.0,0.0,2931.1,1748,2,0.21,608.57
Boston,MA,Condo,5,64.6,34.4,11.3,0.0,1671.2,1012,1,0.21,360.94
Seattle,WA,Townhouse,12,46.0,30.6,571.0,0.0,56676.5,1608,1,0.11,6251.1
Miami,FL,House,8,86.8,69.4,0.0,654.8,85927.2,2444,1,0.132,11339.9
Boston,MA,Townhouse,3,43.1,40.6,657.9,0.0,55601.4,1374,1,0.21,11685.96
Chicago,IL,Apartment,11,41.5,51.5,704.0,0.0,18438.1,511,1,0.14,2562.71
Denver,CO,Condo,8,77.4,78.7,0.0,371.0,26164.5,1513,1,0.144,3776.35
Los Angeles,CA,House,12,42.5,30.3,674.3,0.0,96188.0,2131,4,0.242,23288.18
Houston,TX,Townhouse,4,71.2,31.7,0.0,184.8,13825.6,1404,1,0.12,1671.89
Los Angeles,CA,Condo,2,50.2,32.6,442.8,0.0,37458.5,1480,1,0.242,9077.59
Miami,FL,Large House,11,68.1,62.5,0.0,92.1,23632.7,3388,5,0.11,2584.43
Houston,TX,Apartment,6,83.1,69.2,0.0,544.5,18766.3,831,1,0.144,2690.86
Houston,TX,Apartment,11,66.4,83.1,0.0,43.2,2066.1,785,1,0.12,258.64
Boston,MA,Apartment,12,30.5,35.7,1034.4,0.0,55159.3,1049,1,0.231,12747.03
Seattle,WA,Condo,6,75.8,70.0,0.0,323.4,14816.1,979,1,0.12,1758.64
Atlanta,GA,House,7,75.0,72.3,0.0,301.0,42663.9,2546,2,0.156,6636.42
Los Angeles,CA,Townhouse,4,60.6,67.2,132.8,0.0,17609.3,1955,2,0.22,3869.03
Phoenix,AZ,Condo,3,71.4,44.3,0.0,192.6,11231.3,1184,1,0.13,1479.61
Boston,MA,Townhouse,3,43.4,75.6,646.9,0.0,59270.5,1484,2,0.21,12465.91
Phoenix,AZ,Apartment,4,73.4,62.4,0.0,252.7,9332.3,839,1,0.13,1219.8
Houston,TX,Condo,10,76.8,67.8,0.0,355.1,19771.3,1190,2,0.12,2372.22
Houston,TX,Apartment,11,67.3,40.4,0.0,67.7,2368.1,644,1,0.12,295.98
Houston,TX,Condo,9,89.2,48.7,0.0,727.5,29097.4,880,1,0.12,3481.49
Chicago,IL,Large House,4,54.8,88.1,307.1,0.0,88104.7,3620,3,0.14,12349.16
Boston,MA,Apartment,6,70.7,56.5,0.0,170.3,7006.2,907,1,0.252,1774.97
Chicago,IL,House,1,27.3,35.0,1131.8,0.0,228894.9,3060,4,0.154,35241.82
Denver,CO,Condo,9,67.6,57.8,0.0,77.2,6703.3,1544,1,0.12,799.4
Atlanta,GA,House,2,50.1,41.7,445.5,0.0,65803.6,2182,2,0.143,9390.08
Denver,CO,Townhouse,8,78.4,88.2,0.0,402.1,32914.4,1614,2,0.144,4739.26
Atlanta,GA,Apartment,7,73.8,63.9,0.0,265.4,6193.1,539,1,0.156,963.58
Phoenix,AZ,Townhouse,9,88.3,52.1,0.0,700.5,66759.8,1926,2,0.13,8674.18
Seattle,WA,Condo,4,62.2,51.7,83.6,0.0,7209.6,1289,1,0.1,702.09
Chicago,IL,Townhouse,10,53.5,44.8,345.8,0.0,36540.2,1666,3,0.14,5122.13
Chicago,IL,Apartment,2,31.0,65.2,1020.7,0.0,30970.2,594,1,0.154,4770.15
Houston,TX,House,3,67.5,48.1,0.0,75.9,16559.9,3199,4,0.12,1993.53
Seattle,WA,Large House,5,66.5,85.5,0.0,45.7,18435.2,4503,4,0.1,1827.89
Atlanta,GA,Townhouse,3,56.3,53.9,261.0,0.0,24595.7,1475,1,0.13,3216.92
Boston,MA,Apartment,2,32.2,69.3,982.5,0.0,28654.1,571,1,0.231,6605.92
Miami,FL,Condo,12,63.9,60.2,34.1,0.0,2611.8,937,1,0.121,318.71
Houston,TX,Condo,4,79.1,41.5,0.0,422.8,16960.4,860,1,0.12,2050.11
Boston,MA,Large House,2,28.7,47.6,1090.2,0.0,397268.8,4778,6,0.231,91760.15
Miami,FL,Apartment,10,79.9,75.6,0.0,445.6,13782.4,740,1,0.11,1506.71
New York,NY,Large House,1,28.2,30.4,1103.3,0.0,268784.6,3198,2,0.198,53238.83
Phoenix,AZ,House,8,92.0,50.2,0.0,811.3,132272.4,3050,3,0.156,20628.21
Miami,FL,Condo,6,86.8,33.4,0.0,653.5,44081.2,1481,2,0.132,5811.92
Los Angeles,CA,Apartment,8,69.3,37.4,0.0,127.7,5488.5,911,1,0.264,1467.0
Houston,TX,Townhouse,8,92.6,58.5,0.0,827.7,74923.4,1833,3,0.144,10776.49
Miami,FL,Apartment,11,75.7,74.1,0.0,320.9,11970.9,868,1,0.11,1306.14
Boston,MA,House,12,31.5,86.3,1005.5,0.0,183077.0,2754,1,0.231,42289.83
Los Angeles,CA,House,5,66.1,82.2,0.0,33.6,7978.1,2743,2,0.22,1766.57
Denver,CO,Apartment,3,50.0,70.4,449.6,0.0,23599.0,1009,1,0.12,2846.88
Chicago,IL,House,2,29.4,40.2,1067.0,0.0,175420.1,2487,2,0.154,27022.69
Los Angeles,CA,House,12,51.3,49.6,411.3,0.0,43407.0,1559,1,0.242,10495.72
Phoenix,AZ,House,11,67.4,62.1,0.0,70.7,8700.7,1752,3,0.13,1114.7
Miami,FL,Condo,10,75.6,50.6,0.0,319.4,24066.9,1584,3,0.11,2657.07
Seattle,WA,Large House,7,72.2,36.9,0.0,217.1,66429.9,4655,2,0.12,7955.15
Atlanta,GA,Condo,12,43.3,48.8,651.8,0.0,33802.0,918,1,0.143,4843.16
Phoenix,AZ,Apartment,10,83.5,88.8,0.0,554.1,24131.7,1048,1,0.13,3131.72
Chicago,IL,Large House,11,42.2,53.7,683.4,0.0,222733.7,4232,5,0.14,31181.15
Chicago,IL,Townhouse,4,53.6,66.1,343.3,0.0,37171.3,1711,3,0.14,5210.59
New York,NY,Large House,6,78.9,37.4,0.0,417.1,96102.3,3632,5,0.216,20766.36
Boston,MA,Condo,8,72.6,78.6,0.0,227.6,12114.7,1098,2,0.252,3061.58
Houston,TX,Apartment,3,68.0,78.9,0.0,89.7,4567.3,999,1,0.12,534.44
New York,NY,Large House,7,80.8,89.4,0.0,473.4,109913.2,3691,4,0.216,23736.89
Denver,CO,Townhouse,5,66.0,62.9,0.0,30.3,4661.2,1913,1,0.12,552.28
Atlanta,GA,Apartment,12,48.5,64.6,493.6,0.0,20753.1,811,1,0.143,2966.98
Chicago,IL,Condo,4,56.4,30.5,259.4,0.0,23875.8,1566,1,0.14,3345.63
Chicago,IL,House,7,83.3,35.8,0.0,547.8,85712.7,2891,2,0.168,14386.92
New York,NY,Apartment,9,69.9,88.2,0.0,148.0,8055.0,1165,2,0.18,1446.06
New York,NY,Apartment,4,52.0,65.8,389.2,0.0,18389.7,906,1,0.18,3319.96
Los Angeles,CA,House,11,55.3,56.7,290.3,0.0,45725.8,2282,3,0.22,10044.34
Los Angeles,CA,House,11,51.2,65.2,412.5,0.0,80659.9,2869,5,0.22,17744.36
Los Angeles,CA,Large House,3,57.0,72.2,240.0,0.0,73254.8,3786,4,0.22,16101.06
Miami,FL,Apartment,12,63.1,72.0,58.4,0.0,3984.8,1050,1,0.121,494.86
Denver,CO,House,2,48.4,79.1,498.3,0.0,86327.6,2562,5,0.132,11405.39
Houston,TX,Apartment,3,65.1,56.8,0.0,1.6,1024.4,1113,1,0.12,104.49
Atlanta,GA,Condo,11,54.6,81.1,311.3,0.0,17385.9,965,1,0.13,2279.36
Denver,CO,Townhouse,6,70.2,86.7,0.0,156.9,18728.9,2189,2,0.144,2688.98
Denver,CO,Townhouse,11,50.4,59.4,438.0,0.0,47768.2,1746,2,0.12,5748.61
Miami,FL,Large House,9,88.9,69.8,0.0,716.4,178928.2,4045,2,0.11,19663.57
Chicago,IL,Townhouse,4,55.0,43.0,299.4,0.0,41460.5,2180,2,0.14,5789.61
Atlanta,GA,House,2,45.6,69.0,581.8,0.0,102360.7,2626,3,0.143,14635.83
Phoenix,AZ,House,12,61.0,67.8,118.9,0.0,16062.4,1793,3,0.143,2302.25
Houston,TX,Townhouse,10,83.2,66.3,0.0,546.2,51243.3,1873,3,0.12,6135.34
Seattle,WA,House,1,42.5,46.2,675.8,0.0,156860.5,3474,5,0.11,17262.02
Seattle,WA,Apartment,6,69.6,50.0,0.0,138.8,7393.3,1155,1,0.12,901.95
Houston,TX,Townhouse,1,66.8,43.3,0.0,53.8,4938.3,1300,2,0.132,663.17
Los Angeles,CA,Condo,9,70.9,78.4,0.0,176.6,13507.2,1545,2,0.22,2965.55
Atlanta,GA,Townhouse,9,74.0,40.2,0.0,269.0,20696.2,1477,1,0.13,2686.09
Miami,FL,Large House,9,86.8,37.7,0.0,653.1,170799.2,4217,4,0.11,18788.45
Chicago,IL,Condo,3,37.5,73.5,824.1,0.0,55163.5,1187,2,0.14,7731.19
Houston,TX,Large House,7,88.8,89.2,0.0,714.9,196754.1,4447,4,0.144,28332.68
Phoenix,AZ,House,9,90.8,78.8,0.0,774.4,142350.5,3428,6,0.13,18519.88
Phoenix,AZ,House,6,89.3,34.6,0.0,730.4,126154.7,3231,1,0.156,19663.88
Atlanta,GA,Apartment,2,51.1,30.6,417.5,0.0,17356.1,792,1,0.143,2489.01
Chicago,IL,House,8,79.0,54.3,0.0,419.4,59024.4,2554,5,0.168,9932.53
New York,NY,House,12,30.4,74.3,1036.7,0.0,177981.3,2594,3,0.198,35253.24
Denver,CO,Large House,1,49.6,70.5,460.6,0.0,152344.3,4243,4,0.132,20110.38
Houston,TX,Condo,2,65.1,87.1,0.0,4.1,1340.8,1175,1,0.132,172.15
Miami,FL,Apartment,6,91.3,81.0,0.0,789.5,38866.5,1195,1,0.132,5121.98
Boston,MA,Townhouse,5,67.4,64.1,0.0,71.4,6285.1,1418,1,0.21,1312.06
Denver,CO,Apartment,8,69.6,30.4,0.0,137.2,7312.3,1132,2,0.144,1044.91
Los Angeles,CA,Apartment,6,69.5,36.1,0.0,136.4,4413.9,690,1,0.264,1148.67
Denver,CO,Condo,7,70.1,76.2,0.0,152.1,7071.0,926,1,0.144,1017.05
Miami,FL,Townhouse,6,88.4,46.2,0.0,700.9,56900.1,1638,1,0.132,7517.07
Boston,MA,Condo,3,37.1,83.0,838.3,0.0,54857.4,1162,2,0.21,11504.48
Phoenix,AZ,Apartment,3,72.4,84.1,0.0,223.2,8825.3,904,1,0.13,1135.26
Boston,MA,Townhouse,2,32.5,78.0,975.0,0.0,97258.5,1631,2,0.231,22459.71
Seattle,WA,Large House,12,50.4,53.3,437.1,0.0,167023.4,4891,6,0.11,18356.89
New York,NY,Condo,3,44.7,44.2,609.8,0.0,39795.4,1152,1,0.18,7156.85
Atlanta,GA,Apartment,7,72.8,35.0,0.0,234.7,10180.8,991,1,0.156,1592.91
Denver,CO,Condo,4,61.6,89.7,100.7,0.0,7039.4,1087,1,0.12,857.55
Houston,TX,House,12,66.0,60.1,0.0,30.3,8189.5,3103,1,0.132,1100.71
Atlanta,GA,Condo,4,57.0,46.4,239.6,0.0,13024.7,923,1,0.13,1679.06
New York,NY,Large House,4,52.8,61.5,365.9,0.0,91443.7,3186,1,0.18,16479.06
Houston,TX,Townhouse,7,92.1,68.6,0.0,813.0,67650.5,1690,1,0.144,9732.44
Phoenix,AZ,Townhouse,12,62.2,32.9,84.0,0.0,9800.8,1628,1,0.143,1383.61
Miami,FL,Condo,5,86.1,36.0,0.0,632.5,36994.4,1283,2,0.11,4087.32
Miami,FL,Townhouse,5,83.7,71.0,0.0,560.7,36799.0,1314,1,0.11,4033.1
Miami,FL,Townhouse,12,64.3,52.3,21.3,0.0,4864.3,1997,3,0.121,576.98
Seattle,WA,Apartment,2,43.4,88.1,647.7,0.0,21182.5,633,1,0.11,2342.78
Houston,TX,House,2,66.2,48.1,0.0,35.7,5172.9,1653,3,0.132,693.26
Denver,CO,Condo,1,44.2,72.7,624.5,0.0,32951.7,930,1,0.132,4360.0
Denver,CO,Townhouse,6,73.2,84.7,0.0,245.2,21391.8,1659,3,0.144,3077.18
Denver,CO,Apartment,3,54.0,37.7,331.0,0.0,19419.0,1113,2,0.12,2332.92
Houston,TX,House,8,94.7,88.3,0.0,891.1,138068.2,2902,5,0.144,19891.85
Seattle,WA,Large House,7,72.7,41.0,0.0,231.4,58313.9,3820,5,0.12,6986.39
New York,NY,Large House,8,79.2,45.5,0.0,426.2,108882.1,4031,6,0.216,23510.38
Phoenix,AZ,Large House,2,60.5,44.3,136.3,0.0,38477.3,3350,2,0.143,5488.18
Phoenix,AZ,Condo,5,86.9,42.6,0.0,656.9,25407.4,852,1,0.13,3308.91
Atlanta,GA,Townhouse,6,73.2,54.5,0.0,246.6,16707.7,1285,2,0.156,2599.38
New York,NY,Apartment,6,70.8,88.3,0.0,173.0,5697.4,724,1,0.216,1249.78
Atlanta,GA,Apartment,12,50.7,68.1,429.0,0.0,19934.6,891,1,0.143,2863.32
Houston,TX,Townhouse,5,78.6,43.9,0.0,406.7,29122.8,1408,2,0.12,3489.49
Boston,MA,Apartment,8,73.9,81.7,0.0,265.5,7860.7,685,1,0.252,1980.52
Chicago,IL,Townhouse,1,31.9,79.0,994.4,0.0,92126.3,1517,1,0.154,14174.96
Chicago,IL,Apartment,7,83.1,88.2,0.0,542.7,16924.7,751,1,0.168,2844.43
New York,NY,Large House,2,27.2,79.6,1133.8,0.0,326013.2,3773,4,0.198,64556.39
New York,NY,Condo,4,51.7,86.3,399.7,0.0,36437.4,1588,1,0.18,6570.43
New York,NY,Apartment,9,66.0,58.8,0.0,30.7,1828.1,846,1,0.18,326.84
Chicago,IL,Townhouse,6,71.4,62.6,0.0,193.1,17363.6,1690,1,0.168,2918.83
New York,NY,Apartment,2,28.0,83.2,1109.2,0.0,59651.5,1057,2,0.198,11791.04
Houston,TX,Apartment,4,72.5,69.3,0.0,224.2,9198.3,937,1,0.12,1118.95
Seattle,WA,Apartment,8,71.2,87.4,0.0,187.4,5638.4,673,1,0.12,659.66
Miami,FL,Apartment,6,89.0,40.7,0.0,721.4,17483.4,586,1,0.132,2311.79
Seattle,WA,Condo,11,55.2,47.2,292.6,0.0,25803.2,1503,2,0.1,2571.17
Boston,MA,Townhouse,5,67.9,81.7,0.0,86.7,10608.3,2030,1,0.21,2238.84
Chicago,IL,Townhouse,3,44.2,77.1,623.6,0.0,61598.6,1599,2,0.14,8606.5
Atlanta,GA,House,12,42.9,89.7,662.9,0.0,91537.8,2070,2,0.143,13085.3
Miami,FL,House,7,93.0,68.2,0.0,840.5,111644.4,2485,4,0.132,14754.82
Houston,TX,House,7,92.4,59.6,0.0,821.6,115408.9,2625,4,0.144,16608.09
Los Angeles,CA,Large House,12,47.8,71.6,516.6,0.0,155117.9,3863,5,0.242,37546.66
Houston,TX,Townhouse,1,60.6,58.4,131.3,0.0,12489.0,1408,1,0.132,1632.95
Miami,FL,Townhouse,3,66.4,81.2,0.0,43.2,4890.8,1501,2,0.11,554.51
Houston,TX,Condo,4,72.2,71.7,0.0,215.2,8906.4,857,1,0.12,1078.1
Seattle,WA,Townhouse,1,46.6,34.4,551.2,0.0,65458.1,1918,1,0.11,7215.21
New York,NY,Condo,6,71.5,30.7,0.0,193.5,9044.7,944,1,0.216,1950.32
Chicago,IL,House,12,33.3,86.9,951.8,0.0,112731.9,1786,3,0.154,17369.61
Boston,MA,Apartment,5,60.6,68.5,132.0,0.0,4657.0,613,1,0.21,964.92
Chicago,IL,Apartment,7,79.5,79.8,0.0,436.2,17211.0,933,1,0.168,2891.52
Houston,TX,House,3,70.2,88.7,0.0,156.5,18919.7,2056,1,0.12,2258.84
Atlanta,GA,Apartment,4,61.2,88.6,113.2,0.0,5943.7,901,1,0.13,755.76
Boston,MA,House,6,77.3,39.9,0.0,368.2,57825.8,2836,4,0.252,14577.96
Houston,TX,Townhouse,2,63.6,76.7,41.2,0.0,4568.5,1306,1,0.132,592.62
Chicago,IL,Large House,2,33.0,75.4,960.9,0.0,229801.1,3133,2,0.154,35391.44
New York,NY,Condo,5,65.6,77.4,0.0,19.1,1546.0,887,1,0.18,270.86
Phoenix,AZ,Apartment,6,88.0,48.9,0.0,690.1,22487.8,789,1,0.156,3502.33
Chicago,IL,Apartment,6,74.0,76.5,0.0,270.7,10665.9,917,1,0.168,1803.71
Boston,MA,Large House,1,24.5,57.8,1214.5,0.0,332068.7,3594,2,0.231,76691.61
Houston,TX,Condo,11,73.7,39.7,0.0,260.6,18342.7,1469,1,0.12,2201.77
Atlanta,GA,Large House,6,69.4,51.6,0.0,131.7,36016.1,3916,2,0.156,5615.74
Seattle,WA,Condo,4,62.6,64.0,72.6,0.0,7152.5,1425,1,0.1,699.15
New York,NY,Condo,5,65.0,57.3,0.3,0.0,1265.2,1360,1,0.18,219.55
Los Angeles,CA,Townhouse,10,57.9,40.8,213.2,0.0,21915.5,1572,2,0.22,4811.72
Boston,MA,Townhouse,8,81.4,88.3,0.0,491.9,45947.3,1865,1,0.252,11573.26
Phoenix,AZ,House,7,96.2,37.7,0.0,935.1,162290.7,3255,5,0.156,25331.14
Miami,FL,Townhouse,2,65.1,45.8,0.0,1.8,2299.6,1898,2,0.121,285.55
Atlanta,GA,Apartment,12,43.5,36.3,643.6,0.0,24811.3,750,1,0.143,3550.83
Los Angeles,CA,Condo,7,73.5,58.1,0.0,254.7,15502.5,1273,1,0.264,4105.39
Los Angeles,CA,Apartment,3,54.7,42.0,309.5,0.0,9994.6,610,1,0.22,2191.49
Atlanta,GA,House,4,54.1,57.3,325.7,0.0,65783.9,2938,4,0.13,8569.84
Chicago,IL,Condo,6,78.9,76.5,0.0,416.3,26536.4,1381,1,0.168,4470.46
Seattle,WA,House,4,61.7,87.2,99.6,0.0,12263.6,1610,1,0.1,1217.16
Chicago,IL,Apartment,3,41.1,47.9,718.5,0.0,21075.1,570,1,0.14,2965.37
Denver,CO,Condo,11,57.3,35.5,230.8,0.0,14648.7,1065,1,0.12,1751.53
Phoenix,AZ,Condo,4,75.8,62.1,0.0,324.5,17813.9,1157,2,0.13,2334.44
Seattle,WA,Townhouse,12,50.2,63.7,443.1,0.0,49460.3,1784,2,0.11,5428.58
Atlanta,GA,Large House,3,56.9,86.3,244.1,0.0,72401.7,3663,6,0.13,9421.69
Miami,FL,Apartment,3,70.0,49.0,0.0,149.8,6741.2,969,1,0.11,748.49
Phoenix,AZ,Large House,12,68.4,81.4,0.0,103.0,22818.0,3007,4,0.143,3268.53
Atlanta,GA,Apartment,1,44.2,62.8,623.9,0.0,23167.3,723,1,0.143,3308.03
Miami,FL,Condo,4,74.7,51.8,0.0,291.1,20533.0,1495,1,0.11,2250.91
Los Angeles,CA,House,11,53.1,51.1,356.9,0.0,59498.2,2433,4,0.22,13090.54
Miami,FL,Apartment,3,68.7,63.2,0.0,111.9,5146.4,969,1,0.11,563.54
Phoenix,AZ,House,11,76.0,78.4,0.0,328.6,37756.3,2080,1,0.13,4914.31
Atlanta,GA,House,2,52.3,36.0,381.8,0.0,65700.2,2516,5,0.143,9398.37
New York,NY,Townhouse,7,81.8,63.1,0.0,503.1,35594.5,1416,1,0.216,7702.67
Los Angeles,CA,Townhouse,8,76.0,74.5,0.0,331.2,27600.7,1622,3,0.264,7281.57
Houston,TX,Large House,5,79.6,80.3,0.0,439.3,98745.4,3548,6,0.12,11846.04
Houston,TX,Apartment,7,87.3,77.4,0.0,667.9,14833.6,533,1,0.144,2136.8
Atlanta,GA,Townhouse,6,68.4,88.4,0.0,102.5,8260.9,1374,2,0.156,1294.48
New York,NY,Large House,7,77.9,73.7,0.0,387.1,80587.3,3263,6,0.216,17399.57
Chicago,IL,House,4,57.0,60.3,239.6,0.0,28715.3,1703,3,0.14,4031.51
Phoenix,AZ,Large House,3,67.0,35.6,0.0,61.1,24493.8,4942,3,0.13,3189.35
Atlanta,GA,Condo,1,45.7,31.5,578.5,0.0,46976.6,1432,1,0.143,6737.0
Miami,FL,Condo,4,74.0,62.1,0.0,269.1,18731.1,1468,1,0.11,2071.62
Seattle,WA,Townhouse,11,49.8,38.6,455.1,0.0,35534.5,1252,2,0.1,3572.84
Los Angeles,CA,Apartment,8,70.1,46.9,0.0,152.1,7821.2,1110,1,0.264,2048.5
Boston,MA,Townhouse,4,53.9,31.3,332.7,0.0,33508.9,1600,1,0.21,7055.23
Los Angeles,CA,Condo,11,57.9,68.0,213.1,0.0,15695.2,1229,2,0.22,3439.4
Phoenix,AZ,Apartment,3,66.2,50.6,0.0,35.2,2662.0,1175,1,0.13,365.85
Atlanta,GA,Large House,1,47.4,85.6,527.5,0.0,136180.9,3324,5,0.143,19455.05
New York,NY,Large House,9,66.2,51.9,0.0,34.9,15391.6,4558,2,0.18,2751.66
Chicago,IL,Condo,2,36.4,46.1,858.0,0.0,74598.3,1545,3,0.154,11506.27
Miami,FL,Large House,11,73.5,59.7,0.0,253.6,59724.0,3602,4,0.11,6565.63
Houston,TX,Townhouse,3,74.6,36.2,0.0,288.6,21063.6,1402,2,0.12,2531.13
Chicago,IL,Condo,12,36.8,55.4,845.1,0.0,61793.8,1299,2,0.154,9528.88
Atlanta,GA,Apartment,10,59.0,51.2,180.1,0.0,8924.9,892,1,0.13,1173.01
Boston,MA,Condo,1,28.9,47.6,1083.9,0.0,80322.4,1323,2,0.231,18560.28
Denver,CO,Townhouse,7,71.8,49.4,0.0,204.0,13401.4,1230,1,0.144,1924.12
Los Angeles,CA,Condo,11,50.5,48.9,436.5,0.0,29488.4,1180,2,0.22,6494.98
Miami,FL,Condo,8,95.0,63.7,0.0,899.6,56077.1,1381,2,0.132,7406.25
Denver,CO,Condo,2,50.2,86.8,445.1,0.0,35128.3,1374,2,0.132,4643.8
Atlanta,GA,House,11,52.2,49.2,384.7,0.0,79839.2,3048,4,0.13,10391.2
Boston,MA,Apartment,5,61.2,40.3,112.8,0.0,6059.7,931,1,0.21,1267.86
Atlanta,GA,Apartment,5,68.1,47.1,0.0,93.5,2519.9,518,1,0.13,323.7
Denver,CO,Large House,1,40.2,58.2,745.1,0.0,211605.5,3690,6,0.132,27928.52
Phoenix,AZ,Townhouse,6,87.0,63.4,0.0,660.1,64545.8,1971,2,0.156,10073.65
Seattle,WA,Townhouse,12,50.5,88.0,435.4,0.0,45259.0,1665,2,0.11,4973.44
Atlanta,GA,Apartment,1,48.3,38.3,502.4,0.0,19093.0,729,1,0.143,2744.76
Seattle,WA,Condo,3,54.2,78.7,322.8,0.0,16755.9,890,1,0.1,1677.09
New York,NY,Apartment,5,60.5,48.3,135.6,0.0,4176.2,544,1,0.18,759.24
Seattle,WA,Townhouse,12,47.8,37.2,515.0,0.0,43856.5,1374,1,0.11,4810.14
Atlanta,GA,House,11,54.2,44.4,323.5,0.0,53414.0,2415,1,0.13,6943.43
Phoenix,AZ,Townhouse,12,59.9,76.0,152.5,0.0,17284.6,1694,1,0.143,2465.81
Houston,TX,Condo,12,68.7,33.6,0.0,111.5,5099.7,879,1,0.132,661.8
Seattle,WA,Condo,8,71.1,65.4,0.0,182.6,8200.8,907,1,0.12,998.44
Phoenix,AZ,House,11,67.1,37.8,0.0,61.7,8184.0,1815,3,0.13,1059.34
Boston,MA,Large House,9,65.9,46.7,0.0,26.4,10037.3,3415,4,0.21,2100.13
Atlanta,GA,Apartment,3,54.5,44.4,316.5,0.0,16337.9,972,1,0.13,2111.41
New York,NY,House,11,43.5,37.1,644.4,0.0,111581.8,2587,4,0.18,20078.9
Houston,TX,Condo,7,92.1,33.2,0.0,812.4,48299.3,1314,2,0.144,6939.01
Seattle,WA,House,4,57.0,65.6,239.2,0.0,35132.8,2102,2,0.1,3513.03
Seattle,WA,Apartment,11,58.6,43.2,192.3,0.0,5749.5,551,1,0.1,556.38
Phoenix,AZ,Condo,2,62.8,83.0,67.4,0.0,6312.0,1344,1,0.143,898.8
Seattle,WA,Apartment,4,55.1,77.1,298.3,0.0,12232.5,774,1,0.1,1214.77
Atlanta,GA,Townhouse,12,43.9,84.5,634.5,0.0,47095.8,1203,1,0.143,6744.26
Houston,TX,Condo,6,84.7,49.9,0.0,590.0,40280.1,1497,1,0.144,5818.82
Boston,MA,House,6,78.7,82.9,0.0,412.3,34728.6,1542,1,0.252,8762.02
New York,NY,Large House,6,74.8,59.3,0.0,294.9,94750.3,4985,4,0.216,20450.45
New York,NY,Large House,11,45.3,40.0,592.4,0.0,164274.4,3595,2,0.18,29553.14
Phoenix,AZ,Townhouse,8,89.5,62.7,0.0,735.2,62092.3,1702,3,0.156,9676.54
Boston,MA,Apartment,6,77.9,76.5,0.0,387.4,13338.9,808,1,0.252,3377.5
Atlanta,GA,House,2,44.5,54.6,615.6,0.0,84320.8,2052,1,0.143,12077.64
Miami,FL,House,1,60.6,74.7,132.2,0.0,19721.4,2000,4,0.121,2404.48
Los Angeles,CA,Townhouse,11,58.0,57.0,210.2,0.0,26174.4,1895,3,0.22,5759.45
Phoenix,AZ,Townhouse,6,87.2,89.6,0.0,665.2,52944.3,1600,3,0.156,8240.96
Denver,CO,Townhouse,10,65.0,64.0,1.4,0.0,1681.8,1325,2,0.12,195.7
Los Angeles,CA,Apartment,8,75.8,61.4,0.0,324.3,9009.2,650,1,0.264,2380.74
Chicago,IL,Townhouse,8,80.0,30.9,0.0,449.9,33750.8,1495,1,0.168,5661.45
Atlanta,GA,Apartment,1,40.1,51.1,748.5,0.0,38490.5,1000,2,0.143,5486.13
Chicago,IL,Townhouse,5,69.5,72.8,0.0,136.1,15184.6,2004,2,0.14,2135.17
Seattle,WA,Large House,2,43.3,86.0,650.4,0.0,179916.8,3595,2,0.11,19797.99
Seattle,WA,House,7,78.9,85.2,0.0,417.9,79393.6,3480,1,0.12,9514.17
Seattle,WA,Townhouse,10,59.5,55.0,165.0,0.0,14633.5,1342,1,0.1,1455.55
Phoenix,AZ,Large House,11,67.8,76.9,0.0,85.0,25666.7,3944,5,0.13,3320.52
Denver,CO,House,12,46.7,55.7,549.5,0.0,79070.0,2141,3,0.132,10433.65
New York,NY,Large House,1,23.9,38.4,1233.5,0.0,465484.7,4960,4,0.198,92177.43
Atlanta,GA,Large House,6,71.4,63.9,0.0,193.0,42367.7,3260,5,0.156,6619.58
Seattle,WA,Condo,7,74.6,75.8,0.0,288.8,20306.9,1486,1,0.12,2450.4
Los Angeles,CA,Apartment,5,62.3,35.8,80.0,0.0,5647.5,1165,1,0.22,1241.71
Miami,FL,Apartment,2,67.0,61.0,0.0,60.5,3646.7,1098,1,0.121,459.95
Chicago,IL,Condo,11,43.0,48.7,659.7,0.0,54283.3,1455,1,0.14,7579.92
Boston,MA,Large House,12,28.7,39.2,1089.9,0.0,283131.9,3411,1,0.231,65404.27
Houston,TX,Condo,2,68.3,56.6,0.0,99.8,6795.6,1285,1,0.132,881.9
Seattle,WA,House,3,55.4,62.8,287.5,0.0,63034.7,3179,2,0.1,6310.72
Atlanta,GA,Apartment,7,71.8,79.1,0.0,205.4,5984.0,649,1,0.156,920.33
Denver,CO,Condo,8,71.9,36.0,0.0,206.8,13122.9,1291,2,0.144,1884.39
Phoenix,AZ,House,7,91.6,78.8,0.0,799.2,124786.1,2928,1,0.156,19457.97
Los Angeles,CA,Large House,7,73.0,68.7,0.0,240.8,48122.1,3022,5,0.264,12709.02
New York,NY,Townhouse,3,41.6,30.5,702.5,0.0,72672.8,1679,3,0.18,13081.14
Denver,CO,Condo,6,69.9,33.8,0.0,147.2,11564.7,1523,3,0.144,1659.4
Atlanta,GA,Townhouse,8,71.8,75.8,0.0,203.5,20807.3,1932,1,0.156,3241.69
Boston,MA,House,8,77.8,85.6,0.0,382.8,57707.7,2740,2,0.252,14543.35
Chicago,IL,Townhouse,10,57.8,79.8,214.7,0.0,30415.1,2178,3,0.14,4239.3
Chicago,IL,Condo,2,32.0,70.8,990.2,0.0,82032.3,1481,1,0.154,12622.23
Houston,TX,Apartment,3,74.2,33.7,0.0,276.7,10648.7,893,1,0.12,1259.34
Los Angeles,CA,House,6,75.2,49.3,0.0,307.1,46804.0,2742,1,0.264,12351.37
Atlanta,GA,Large House,4,57.9,70.7,212.7,0.0,58705.7,3400,3,0.13,7641.43
Seattle,WA,Large House,4,53.2,87.6,352.7,0.0,88500.0,3176,5,0.1,8831.33
Chicago,IL,Apartment,6,72.4,70.9,0.0,222.2,9075.9,917,1,0.168,1533.89
Denver,CO,House,4,58.7,58.4,188.9,0.0,42900.6,3204,2,0.12,5152.81
Denver,CO,Condo,2,49.3,82.4,472.4,0.0,33781.6,1249,2,0.132,4444.26
Denver,CO,Townhouse,2,45.3,66.1,590.8,0.0,48267.0,1320,2,0.132,6360.2
Phoenix,AZ,Townhouse,7,87.7,82.3,0.0,680.4,64881.2,1920,2,0.156,10104.46
Atlanta,GA,Condo,9,69.0,33.4,0.0,119.8,9022.8,1425,2,0.13,1157.4
Boston,MA,Townhouse,11,43.4,45.7,648.6,0.0,49133.4,1230,1,0.21,10328.6
Chicago,IL,Condo,9,73.2,69.8,0.0,247.3,18534.0,1551,2,0.14,2584.19
Los Angeles,CA,Large House,10,60.5,34.2,136.2,0.0,50819.9,4439,1,0.22,11189.94
Los Angeles,CA,Large House,8,71.7,32.5,0.0,201.2,65730.2,4938,2,0.264,17353.07
Miami,FL,House,8,86.2,33.3,0.0,636.4,72714.0,2121,2,0.132,9610.71
Denver,CO,Large House,7,77.4,63.1,0.0,371.4,104040.0,4396,6,0.144,14992.39
Chicago,IL,House,12,29.2,37.1,1075.3,0.0,168685.5,2374,2,0.154,25993.71
Miami,FL,Condo,6,85.4,35.5,0.0,611.5,34658.5,1247,1,0.132,4571.44
Denver,CO,Large House,1,48.7,45.0,488.0,0.0,175537.1,4642,1,0.132,23153.16
Boston,MA,Condo,5,63.5,69.3,45.1,0.0,2895.1,844,1,0.21,599.67
Atlanta,GA,House,8,75.6,34.6,0.0,317.0,50087.6,2846,1,0.156,7801.9
Miami,FL,Condo,8,95.4,76.8,0.0,912.4,62949.6,1530,2,0.132,8315.49
Denver,CO,Townhouse,6,71.0,33.2,0.0,181.0,18909.4,1914,3,0.144,2731.18
Atlanta,GA,House,5,68.1,80.5,0.0,93.6,9941.4,1660,1,0.13,1284.58
Denver,CO,Condo,2,43.4,44.1,649.2,0.0,43308.7,1181,1,0.132,5727.32
Los Angeles,CA,Apartment,8,71.8,53.1,0.0,203.4,4937.1,534,1,0.264,1286.76
Phoenix,AZ,Large House,7,95.6,53.1,0.0,918.8,226167.1,4014,1,0.156,35270.3
Chicago,IL,House,9,67.1,62.5,0.0,61.5,7173.7,1607,3,0.14,985.36
Atlanta,GA,Townhouse,5,66.6,50.5,0.0,47.2,6848.2,2029,2,0.13,887.63
Seattle,WA,Apartment,2,52.5,85.9,374.3,0.0,20958.2,1066,2,0.11,2325.04
Denver,CO,House,7,77.7,45.6,0.0,380.7,56417.4,2672,5,0.144,8122.8
Houston,TX,Condo,1,57.9,45.0,214.3,0.0,13999.4,1087,2,0.132,1841.42
Seattle,WA,Apartment,10,59.7,45.0,159.4,0.0,6970.3,780,1,0.1,707.89
New York,NY,Apartment,5,68.4,80.9,0.0,100.8,5417.0,1082,2,0.18,955.75
New York,NY,House,1,27.8,80.7,1115.9,0.0,256230.7,3478,3,0.198,50716.02
Los Angeles,CA,Townhouse,10,66.5,56.4,0.0,46.0,5778.9,1764,2,0.22,1282.84
Phoenix,AZ,House,3,66.7,82.3,0.0,52.3,7813.8,1965,3,0.13,1005.1
New York,NY,Condo,11,45.8,32.5,576.0,0.0,43179.9,1318,2,0.18,7754.82
Phoenix,AZ,Townhouse,1,62.4,32.7,77.9,0.0,10854.1,1894,2,0.143,1536.5
Denver,CO,House,2,45.4,49.5,588.9,0.0,100210.2,2546,1,0.132,13240.66
Seattle,WA,Apartment,11,50.4,49.6,437.1,0.0,21361.6,936,1,0.1,2129.56
Seattle,WA,Townhouse,8,75.2,39.6,0.0,306.6,34206.6,2165,3,0.12,4122.0
Atlanta,GA,Apartment,2,51.1,60.6,417.6,0.0,24502.2,1123,1,0.143,3504.15
Atlanta,GA,Townhouse,4,53.3,73.6,350.2,0.0,35207.7,1587,3,0.13,4596.91
Los Angeles,CA,Apartment,4,58.4,37.3,198.3,0.0,11827.0,1078,2,0.22,2613.87
Atlanta,GA,House,11,53.4,46.2,347.7,0.0,61567.0,2574,5,0.13,7995.43
Houston,TX,Townhouse,4,73.3,48.9,0.0,249.3,26536.8,2018,3,0.12,3192.14
Boston,MA,House,6,74.6,34.6,0.0,288.1,26878.9,1663,2,0.252,6772.86
Houston,TX,House,7,95.3,89.2,0.0,908.3,95574.9,1970,3,0.144,13752.59
Seattle,WA,Large House,11,51.6,47.2,401.9,0.0,103582.9,3282,5,0.1,10341.55
Seattle,WA,Large House,3,53.3,76.4,350.2,0.0,115459.7,4179,4,0.1,11561.02
New York,NY,Condo,2,34.7,72.7,910.3,0.0,62779.5,1228,2,0.198,12414.37
New York,NY,House,1,32.9,37.9,963.0,0.0,185705.9,2913,2,0.198,36786.51
Seattle,WA,Townhouse,3,52.6,72.7,372.9,0.0,37876.6,1611,3,0.1,3803.56
Miami,FL,Large House,10,84.9,32.7,0.0,598.2,158294.1,4262,1,0.11,17406.55
Boston,MA,House,11,42.9,58.6,663.2,0.0,107331.2,2421,4,0.21,22526.89
Atlanta,GA,Large House,2,48.9,52.2,481.9,0.0,123829.3,3311,1,0.143,17702.77
Boston,MA,Condo,9,66.8,76.4,0.0,53.8,5273.2,1539,3,0.21,1107.11
New York,NY,Large House,9,69.8,80.6,0.0,143.9,48316.5,4837,5,0.18,8689.87
Miami,FL,Condo,3,69.3,46.7,0.0,129.2,5712.0,842,1,0.11,620.9
Miami,FL,Townhouse,3,67.7,56.3,0.0,82.2,6794.5,1321,2,0.11,738.93
Phoenix,AZ,Large House,2,66.7,38.5,0.0,49.9,20771.4,4893,2,0.143,2983.87
Chicago,IL,Apartment,10,52.1,80.0,388.0,0.0,10913.2,540,1,0.14,1515.97
Atlanta,GA,House,12,50.3,47.7,440.7,0.0,71751.9,2411,2,0.143,10268.77
Los Angeles,CA,House,7,70.9,38.2,0.0,176.1,25935.3,2510,3,0.264,6853.68
Miami,FL,Apartment,12,62.3,60.4,81.9,0.0,3612.6,727,1,0.121,442.35
Denver,CO,Apartment,12,46.3,85.9,560.0,0.0,23831.9,822,1,0.132,3138.51
Denver,CO,Apartment,11,51.5,65.2,406.2,0.0,24283.5,1142,1,0.12,2902.83
Houston,TX,Townhouse,8,94.1,74.0,0.0,874.2,58352.7,1355,2,0.144,8390.74
Los Angeles,CA,Large House,12,42.0,34.0,689.0,0.0,240060.6,4534,2,0.242,58083.02
Chicago,IL,Apartment,7,80.3,44.1,0.0,459.3,14813.3,769,1,0.168,2489.84
Chicago,IL,Townhouse,4,55.7,59.4,279.6,0.0,37561.6,2096,3,0.14,5262.53
Denver,CO,House,5,60.1,82.9,146.3,0.0,18082.4,1697,1,0.12,2161.37
Boston,MA,Townhouse,4,50.2,57.9,445.3,0.0,52177.9,1878,2,0.21,10941.9
Seattle,WA,Condo,8,75.9,31.7,0.0,326.2,19974.3,1300,2,0.12,2385.52
Seattle,WA,Apartment,9,71.7,54.7,0.0,202.5,7548.7,830,1,0.1,751.88
Phoenix,AZ,Apartment,5,80.4,79.1,0.0,462.0,19282.0,997,1,0.13,2503.05
Atlanta,GA,Condo,9,74.5,66.8,0.0,284.4,13615.2,1011,1,0.13,1774.18
New York,NY,Apartment,7,83.1,76.0,0.0,543.7,13458.3,592,1,0.216,2913.18
Denver,CO,Condo,6,75.9,80.3,0.0,325.6,20585.3,1348,1,0.144,2972.99
Phoenix,AZ,Condo,6,85.2,74.0,0.0,604.7,31614.7,1139,2,0.156,4913.34
New York,NY,Large House,2,34.9,32.5,902.6,0.0,277995.9,4027,4,0.198,55024.15
Houston,TX,Apartment,5,83.6,37.9,0.0,556.6,14585.7,626,1,0.12,1741.09
Los Angeles,CA,Apartment,2,43.2,74.6,654.0,0.0,34242.0,1016,2,0.242,8303.32
Los Angeles,CA,Large House,7,78.6,77.1,0.0,407.8,87927.4,3397,5,0.264,23222.57
Phoenix,AZ,Townhouse,8,88.6,69.4,0.0,709.3,49367.0,1407,1,0.156,7692.9
Los Angeles,CA,Condo,7,74.8,84.5,0.0,295.0,19270.6,1374,2,0.264,5077.22
New York,NY,House,12,35.6,72.9,881.2,0.0,134860.2,2306,3,0.198,26705.44
New York,NY,House,4,53.8,36.5,337.0,0.0,55757.7,2415,3,0.18,10022.14
Los Angeles,CA,Apartment,9,73.6,59.4,0.0,259.4,7572.7,673,1,0.22,1651.66
Atlanta,GA,House,9,72.6,33.5,0.0,228.2,39105.8,2980,5,0.13,5080.23
Miami,FL,Condo,1,65.7,46.1,0.0,21.4,2219.8,1129,2,0.121,271.1
Boston,MA,Large House,8,74.4,57.7,0.0,280.7,66592.3,3641,6,0.252,16783.45
Los Angeles,CA,Apartment,7,71.3,30.8,0.0,188.2,4925.5,579,1,0.264,1285.2
Houston,TX,House,2,65.0,67.6,1.4,0.0,2055.3,1579,2,0.132,256.9
Denver,CO,House,7,71.2,89.7,0.0,185.3,16507.6,1518,2,0.144,2392.3
Phoenix,AZ,Large House,6,88.6,40.0,0.0,709.1,186733.3,4259,3,0.156,29137.79
Atlanta,GA,Townhouse,9,69.7,42.6,0.0,141.6,14318.5,1819,2,0.13,1871.28
Chicago,IL,Condo,9,64.1,55.0,27.1,0.0,3777.8,1532,2,0.14,511.57
New York,NY,Townhouse,12,34.9,62.3,901.8,0.0,76739.7,1392,1,0.198,15176.91
Boston,MA,Large House,3,43.4,83.0,649.1,0.0,156849.8,3136,3,0.21,32919.02
Houston,TX,Townhouse,5,82.8,48.3,0.0,535.3,54883.8,2040,4,0.12,6582.19
Phoenix,AZ,Large House,9,84.0,65.6,0.0,570.8,153701.7,4313,6,0.13,19969.88
Chicago,IL,Townhouse,10,60.0,65.2,150.9,0.0,13234.2,1304,1,0.14,1845.99
Atlanta,GA,Large House,5,67.7,70.1,0.0,81.4,31187.2,4979,6,0.13,4041.06
Houston,TX,Condo,2,61.4,58.5,107.0,0.0,9677.2,1429,1,0.132,1260.51
New York,NY,Condo,9,70.6,49.6,0.0,169.5,10640.0,1250,2,0.18,1899.89
Denver,CO,House,7,77.1,51.3,0.0,361.9,61828.0,3084,4,0.144,8895.91
Los Angeles,CA,Large House,4,62.5,80.0,76.4,0.0,34669.9,4956,2,0.22,7640.97
Denver,CO,House,8,75.9,63.5,0.0,325.6,52908.5,2923,3,0.144,7612.75
New York,NY,Townhouse,8,75.5,55.4,0.0,313.8,32251.7,1989,3,0.216,6981.42
Houston,TX,House,6,93.0,41.8,0.0,838.6,83676.9,1866,3,0.144,12037.27
Atlanta,GA,Townhouse,6,75.2,60.2,0.0,304.7,20344.2,1296,2,0.156,3164.61
Phoenix,AZ,House,7,94.0,46.5,0.0,871.3,73946.1,1589,3,0.156,11538.47
New York,NY,House,10,56.9,58.4,242.9,0.0,47615.6,2794,4,0.18,8580.83
Los Angeles,CA,Apartment,6,73.1,40.6,0.0,241.7,5707.6,529,1,0.264,1490.12
Los Angeles,CA,Apartment,8,72.1,81.5,0.0,214.3,10850.7,1152,1,0.264,2878.69
Atlanta,GA,Apartment,6,75.0,40.2,0.0,299.3,15471.4,1188,2,0.156,2422.42
Miami,FL,Large House,1,61.0,80.3,119.0,0.0,50827.4,4926,6,0.121,6132.72
Denver,CO,Condo,12,43.7,32.7,638.2,0.0,38740.8,1073,1,0.132,5121.33
Seattle,WA,Condo,11,52.1,63.6,386.7,0.0,34669.6,1564,1,0.1,3465.61
Los Angeles,CA,Large House,8,78.2,41.0,0.0,395.4,79326.2,3180,1,0.264,20934.83
New York,NY,Condo,1,27.6,82.6,1121.9,0.0,64269.7,1022,2,0.198,12717.72
Houston,TX,Condo,5,84.1,40.7,0.0,571.8,22274.6,854,1,0.12,2665.57
Houston,TX,Condo,5,86.8,45.6,0.0,653.8,29863.0,1004,1,0.12,3567.25
Miami,FL,Large House,6,88.2,79.8,0.0,696.9,160694.3,3714,6,0.132,21198.46
Atlanta,GA,House,3,49.1,72.1,476.8,0.0,83934.8,2601,5,0.13,10923.96
Phoenix,AZ,Condo,6,88.5,74.6,0.0,705.5,48676.4,1516,3,0.156,7594.05
Houston,TX,Townhouse,4,71.3,36.9,0.0,189.4,17140.4,1678,2,0.12,2044.3
Chicago,IL,House,10,57.6,69.5,220.9,0.0,33742.1,2161,3,0.14,4716.79
Los Angeles,CA,Townhouse,1,44.8,50.2,607.4,0.0,51260.9,1362,2,0.242,12392.61
Miami,FL,Townhouse,3,66.9,31.3,0.0,55.8,6531.0,1678,3,0.11,716.66
Atlanta,GA,House,12,50.3,45.2,439.8,0.0,69136.0,2317,4,0.143,9879.97
Seattle,WA,Townhouse,1,47.6,84.1,521.0,0.0,70938.4,2194,2,0.11,7800.06
Phoenix,AZ,Large House,7,88.6,40.0,0.0,709.2,184483.0,4214,1,0.156,28783.22
Denver,CO,Condo,10,58.3,50.0,201.0,0.0,18930.8,1569,1,0.12,2290.51
Phoenix,AZ,Condo,6,84.7,30.1,0.0,589.6,34187.3,1269,2,0.156,5348.53
Phoenix,AZ,Townhouse,2,68.6,56.2,0.0,107.3,8654.1,1389,1,0.143,1223.7
Denver,CO,Townhouse,1,43.4,58.2,646.6,0.0,67264.1,1688,1,0.132,8886.81
Boston,MA,House,8,79.6,35.7,0.0,438.9,70488.1,2946,2,0.252,17773.52
Chicago,IL,House,6,77.2,73.8,0.0,365.9,67384.4,3339,3,0.168,11316.34
Los Angeles,CA,Townhouse,8,78.7,31.6,0.0,411.1,39440.1,1885,3,0.264,10399.32
Houston,TX,Townhouse,6,91.2,66.6,0.0,787.0,60371.5,1548,3,0.144,8710.09
Houston,TX,Condo,8,88.1,56.1,0.0,693.4,31215.1,992,1,0.144,4501.13
Seattle,WA,Condo,5,65.8,58.8,0.0,22.6,2266.9,1118,2,0.1,244.89
Chicago,IL,Condo,7,78.6,35.0,0.0,409.5,28454.9,1498,1,0.168,4764.48
Seattle,WA,Apartment,3,52.7,53.0,367.6,0.0,15933.4,826,1,0.1,1592.79
Seattle,WA,House,1,42.6,68.0,672.4,0.0,95403.0,2120,4,0.11,10506.42
Boston,MA,Large House,6,76.1,80.7,0.0,333.6,98268.7,4599,4,0.252,24748.17
Chicago,IL,House,9,72.7,34.8,0.0,231.1,40310.2,3055,4,0.14,5661.36
Atlanta,GA,Townhouse,4,60.3,57.3,141.7,0.0,16611.8,1727,3,0.13,2150.8
Los Angeles,CA,House,8,77.9,71.2,0.0,386.7,47691.3,2251,1,0.264,12584.01
Phoenix,AZ,Apartment,9,84.9,55.0,0.0,598.0,19197.0,773,1,0.13,2487.52
New York,NY,Large House,2,27.4,74.3,1129.0,0.0,321253.9,3731,6,0.198,63591.64
Los Angeles,CA,Condo,12,46.3,46.5,560.7,0.0,30271.9,948,1,0.242,7333.37
Houston,TX,Large House,10,75.8,52.4,0.0,323.0,81114.1,3938,1,0.12,9752.77
Los Angeles,CA,House,9,68.4,68.2,0.0,101.3,18923.5,2985,1,0.22,4159.2
Chicago,IL,Townhouse,12,36.8,80.2,845.1,0.0,96861.3,1868,3,0.154,14901.29
Houston,TX,Large House,5,82.1,81.3,0.0,514.2,116729.6,3620,5,0.12,14019.51
Miami,FL,Large House,8,88.7,71.3,0.0,712.4,151711.9,3440,4,0.132,20026.04
New York,NY,Large House,7,80.8,46.4,0.0,473.5,144263.9,4863,2,0.216,31141.75
Seattle,WA,Condo,5,65.0,88.6,0.3,0.0,1144.2,1073,2,0.1,103.27
New York,NY,Townhouse,4,56.3,66.6,261.6,0.0,21298.2,1265,2,0.18,3830.51
Atlanta,GA,Townhouse,9,74.3,30.8,0.0,279.0,23139.7,1598,2,0.13,3002.01
Boston,MA,Condo,8,74.1,71.9,0.0,273.2,20379.2,1560,2,0.252,5125.8
New York,NY,Large House,2,32.6,50.7,971.6,0.0,318524.8,4293,4,0.198,63087.3
Miami,FL,Townhouse,5,81.5,58.0,0.0,495.4,48862.6,1968,2,0.11,5378.29
Atlanta,GA,Townhouse,10,67.0,31.4,0.0,58.7,6537.5,1641,2,0.13,852.13
Boston,MA,Condo,7,77.8,86.9,0.0,383.5,24004.3,1350,1,0.252,6044.91
Houston,TX,Apartment,10,83.6,76.0,0.0,559.5,18647.1,796,1,0.12,2256.81
Denver,CO,House,6,70.2,66.0,0.0,155.5,27941.4,3038,2,0.144,4018.09
Los Angeles,CA,Townhouse,9,68.9,81.5,0.0,117.7,11908.5,1748,3,0.22,2618.43
Boston,MA,Condo,3,37.0,79.8,839.0,0.0,57125.7,1209,2,0.21,12002.65
Los Angeles,CA,House,10,66.7,54.6,0.0,52.3,11209.5,2837,4,0.22,2470.84
Chicago,IL,Large House,10,58.0,73.9,210.1,0.0,68586.8,4030,1,0.14,9595.15
Houston,TX,Condo,10,81.8,87.1,0.0,505.3,33408.1,1440,2,0.12,4013.03
Seattle,WA,Large House,9,73.5,39.7,0.0,255.1,78972.3,4768,2,0.1,7912.22
Chicago,IL,House,12,31.2,47.6,1013.2,0.0,226851.7,3386,2,0.154,34923.44
Boston,MA,House,4,53.4,44.5,346.9,0.0,68992.8,2900,5,0.21,14486.94
Los Angeles,CA,Large House,6,68.4,73.3,0.0,103.5,35666.5,4786,2,0.264,9425.89
Seattle,WA,Large House,8,69.7,55.0,0.0,141.1,46613.3,4765,4,0.12,5602.23
Los Angeles,CA,Large House,11,49.2,58.8,472.9,0.0,151020.4,4093,6,0.22,33216.2
Seattle,WA,Apartment,6,70.3,37.4,0.0,158.6,6522.2,909,1,0.12,773.17
Atlanta,GA,Apartment,12,46.1,50.4,566.1,0.0,19771.3,673,1,0.143,2839.12
Houston,TX,Townhouse,2,66.9,57.5,0.0,58.1,6164.8,1537,3,0.132,823.86
Phoenix,AZ,Townhouse,5,80.3,57.0,0.0,459.2,44009.5,1905,2,0.13,5712.24
New York,NY,Condo,3,37.3,82.8,832.2,0.0,62466.5,1334,2,0.18,11252.51
Phoenix,AZ,Condo,10,79.8,56.4,0.0,442.6,29671.6,1449,2,0.13,3867.05
Chicago,IL,Condo,10,54.6,43.7,312.8,0.0,20165.0,1099,2,0.14,2826.43
Chicago,IL,Large House,1,30.2,74.7,1043.7,0.0,281173.2,3531,3,0.154,43296.91
Atlanta,GA,Condo,6,71.9,60.1,0.0,206.1,14632.0,1459,1,0.156,2277.71
Boston,MA,Condo,9,68.8,52.8,0.0,115.2,7835.5,1293,1,0.21,1628.05
Houston,TX,Townhouse,4,73.8,76.7,0.0,263.5,19623.3,1429,1,0.12,2360.8
Miami,FL,House,8,94.4,80.7,0.0,882.0,125231.7,2666,1,0.132,16531.55
Houston,TX,Condo,6,87.0,35.9,0.0,659.5,44328.0,1480,1,0.144,6365.92
Denver,CO,Large House,12,51.7,33.4,398.9,0.0,127766.6,4101,1,0.132,16855.11
Phoenix,AZ,Condo,12,61.3,73.0,111.5,0.0,10325.7,1466,1,0.143,1495.74
Phoenix,AZ,Large House,5,78.9,79.8,0.0,417.0,84376.7,3187,6,0.13,10985.09
Denver,CO,Townhouse,1,42.4,75.7,676.8,0.0,58811.0,1412,1,0.132,7746.98
New York,NY,Townhouse,11,44.8,56.5,606.5,0.0,47699.9,1274,1,0.18,8569.98
Atlanta,GA,Condo,10,62.7,64.9,69.2,0.0,6374.7,1298,2,0.13,813.18
Boston,MA,Condo,10,61.9,45.1,92.3,0.0,8840.6,1450,2,0.21,1847.37
Chicago,IL,Townhouse,9,66.8,68.7,0.0,55.1,6421.5,1694,3,0.14,900.3
Miami,FL,Townhouse,11,69.1,56.4,0.0,122.6,12601.6,1774,3,0.11,1404.01
Boston,MA,Apartment,6,74.0,40.7,0.0,268.7,12044.1,1021,2,0.252,3042.03
Los Angeles,CA,House,6,74.2,41.6,0.0,276.8,43873.7,2806,5,0.264,11571.92
Phoenix,AZ,Large House,5,81.7,71.1,0.0,501.6,115214.2,3655,5,0.13,14966.26
Chicago,IL,Townhouse,3,44.9,81.1,604.3,0.0,52214.7,1396,2,0.14,7296.35
Denver,CO,House,11,56.8,46.2,246.1,0.0,46924.1,2719,4,0.12,5629.78
Phoenix,AZ,Townhouse,3,72.3,79.8,0.0,218.0,17488.5,1513,2,0.13,2265.83
Atlanta,GA,House,7,70.6,54.5,0.0,166.6,14950.1,1511,2,0.156,2317.81
Boston,MA,Townhouse,1,25.1,73.0,1197.4,0.0,148575.6,2038,2,0.231,34315.91
Miami,FL,House,7,95.0,67.1,0.0,899.2,103831.9,2167,2,0.132,13696.77
Los Angeles,CA,Condo,3,56.4,65.6,257.6,0.0,17356.8,1133,2,0.22,3836.36
Seattle,WA,House,4,53.6,33.4,342.2,0.0,48754.9,2073,4,0.1,4877.0
Boston,MA,Townhouse,2,35.8,34.4,875.7,0.0,90263.9,1683,1,0.231,20860.25
Chicago,IL,Condo,10,57.6,56.3,221.4,0.0,14519.6,1106,1,0.14,2034.61
Phoenix,AZ,Large House,9,88.9,38.4,0.0,716.9,207107.9,4673,3,0.13,26938.85
Miami,FL,Townhouse,8,87.8,58.1,0.0,685.2,66630.6,1965,1,0.132,8788.56
Phoenix,AZ,Townhouse,10,76.4,68.5,0.0,342.1,34256.9,1965,1,0.13,4465.65
New York,NY,Large House,1,26.7,63.9,1148.0,0.0,425897.4,4869,5,0.198,84346.07
Miami,FL,Large House,8,89.3,34.0,0.0,730.1,161702.1,3578,5,0.132,21328.36
Denver,CO,Apartment,9,70.7,58.1,0.0,172.2,5218.9,662,1,0.12,613.9
Los Angeles,CA,House,5,67.9,89.7,0.0,86.8,14074.3,2453,4,0.22,3089.56
Chicago,IL,Large House,6,76.8,74.4,0.0,354.3,89085.2,3929,5,0.168,14981.88
Seattle,WA,Large House,5,67.3,31.1,0.0,68.5,16688.1,3013,5,0.1,1665.89
Phoenix,AZ,Condo,10,80.3,69.2,0.0,459.7,31609.8,1490,2,0.13,4122.14
Miami,FL,Large House,3,67.1,40.9,0.0,61.8,16832.5,3386,2,0.11,1855.65
New York,NY,Condo,9,67.3,48.9,0.0,68.2,4544.2,1156,1,0.18,806.3
Phoenix,AZ,Condo,7,96.4,43.0,0.0,940.9,45615.8,1077,1,0.156,7101.55
Boston,MA,Apartment,7,82.7,81.3,0.0,530.3,11619.2,526,1,0.252,2910.0
Boston,MA,House,4,54.9,37.5,302.9,0.0,40177.6,1921,2,0.21,8437.57
Atlanta,GA,Large House,2,44.2,59.3,623.9,0.0,160278.1,3333,2,0.143,22929.76
Miami,FL,House,4,79.0,51.6,0.0,419.9,44233.2,1930,1,0.11,4850.13
Boston,MA,Apartment,1,27.0,81.4,1139.9,0.0,51451.0,889,1,0.231,11903.02
Los Angeles,CA,House,11,59.0,35.1,180.1,0.0,27245.9,2115,2,0.22,5989.69
Boston,MA,Apartment,5,60.5,80.8,136.4,0.0,8989.3,1162,2,0.21,1868.12
Denver,CO,Condo,3,54.6,33.7,311.3,0.0,27481.9,1511,2,0.12,3312.48
Phoenix,AZ,Townhouse,10,79.2,40.5,0.0,425.8,34872.5,1624,1,0.13,4519.48
Chicago,IL,Townhouse,2,27.3,42.2,1131.0,0.0,138205.5,2005,2,0.154,21278.58
Phoenix,AZ,Large House,6,86.3,83.3,0.0,639.5,121057.2,3058,1,0.156,18899.81
Seattle,WA,Apartment,9,66.6,30.9,0.0,47.5,2569.9,886,1,0.1,240.68
Los Angeles,CA,Apartment,8,77.6,62.2,0.0,376.8,15503.7,975,1,0.264,4097.11
New York,NY,Townhouse,8,73.3,69.4,0.0,248.5,21861.7,1680,2,0.216,4726.67
Los Angeles,CA,House,8,71.0,43.2,0.0,178.9,31943.5,3033,5,0.264,8450.77
Houston,TX,Apartment,12,61.8,66.9,95.3,0.0,3372.6,597,1,0.132,435.2
Phoenix,AZ,Townhouse,12,65.7,61.2,0.0,20.5,4767.1,2197,4,0.143,697.04
Chicago,IL,Townhouse,7,75.5,74.2,0.0,313.6,25775.9,1583,3,0.168,4340.26
Seattle,WA,Apartment,4,54.4,32.0,317.1,0.0,11584.8,686,1,0.1,1144.95
Miami,FL,Apartment,10,83.6,41.3,0.0,557.3,23081.3,992,1,0.11,2557.78
Seattle,WA,House,4,58.5,37.1,196.2,0.0,33841.0,2428,3,0.1,3394.84
Miami,FL,Townhouse,3,73.1,59.2,0.0,242.1,18630.1,1461,2,0.11,2055.84
Miami,FL,Large House,5,81.3,31.5,0.0,488.0,95822.0,3129,3,0.11,10524.2
Boston,MA,Apartment,2,28.3,50.9,1102.1,0.0,59618.1,1063,2,0.231,13773.91
Los Angeles,CA,Large House,3,48.9,80.4,481.5,0.0,143014.7,3814,5,0.22,31443.91
Miami,FL,Large House,10,80.6,61.8,0.0,468.9,135048.1,4597,2,0.11,14856.62
Denver,CO,Condo,12,45.7,36.0,577.7,0.0,43893.7,1343,1,0.132,5799.34
Atlanta,GA,Condo,12,50.6,46.7,432.5,0.0,23759.9,955,1,0.143,3415.62
Phoenix,AZ,House,9,90.9,58.1,0.0,778.1,145290.6,3490,4,0.13,18905.31
New York,NY,Apartment,5,62.1,74.0,87.4,0.0,5744.1,1069,2,0.18,1016.61
Seattle,WA,Condo,3,54.6,78.4,310.6,0.0,23410.0,1292,1,0.1,2330.69
Chicago,IL,House,7,76.5,51.0,0.0,344.6,51599.7,2711,2,0.168,8686.71
Chicago,IL,House,2,36.4,39.1,856.7,0.0,170020.6,2986,5,0.154,26190.06
Miami,FL,Apartment,11,71.2,76.3,0.0,187.3,5260.0,620,1,0.11,567.89
Boston,MA,Townhouse,2,33.1,39.2,957.0,0.0,102833.4,1754,3,0.231,23764.69
Miami,FL,Townhouse,1,58.1,58.0,206.1,0.0,21450.0,1590,2,0.121,2610.5
Boston,MA,Townhouse,4,49.9,73.9,453.4,0.0,49079.4,1735,1,0.21,10321.28
Houston,TX,House,12,63.2,68.3,53.5,0.0,16277.3,3472,4,0.132,2139.81
Phoenix,AZ,Townhouse,11,70.2,80.2,0.0,155.9,14858.4,1720,2,0.13,1914.91
Los Angeles,CA,House,4,55.2,56.0,293.6,0.0,54784.9,2699,4,0.22,12072.58
Boston,MA,Large House,10,55.8,61.1,277.3,0.0,104536.7,4715,5,0.21,21948.02
Atlanta,GA,Apartment,10,62.8,37.0,67.3,0.0,4976.6,1158,1,0.13,641.38
Atlanta,GA,House,7,73.5,77.3,0.0,254.2,42560.8,2971,1,0.156,6642.42
Denver,CO,Apartment,7,76.7,31.5,0.0,350.7,17162.7,1143,2,0.144,2452.4
Miami,FL,Apartment,5,84.3,81.0,0.0,578.7,22131.4,922,1,0.11,2447.19
Miami,FL,Townhouse,4,78.8,49.5,0.0,415.1,31252.9,1483,2,0.11,3443.21
Chicago,IL,Condo,9,70.5,74.4,0.0,164.5,13279.2,1589,3,0.14,1870.33
Chicago,IL,House,2,33.2,74.4,955.1,0.0,138248.5,2183,3,0.154,21279.38
Phoenix,AZ,Apartment,12,62.1,59.8,86.1,0.0,3060.1,592,1,0.143,432.9
Phoenix,AZ,House,6,92.0,75.3,0.0,808.7,94988.1,2190,4,0.156,14811.05
Los Angeles,CA,Condo,10,64.6,62.3,13.0,0.0,1979.3,1117,2,0.22,443.27
Houston,TX,Apartment,2,68.5,38.7,0.0,105.7,5757.5,1112,2,0.132,754.14
Chicago,IL,House,2,35.1,83.2,895.6,0.0,192135.1,3230,6,0.154,29591.61
Los Angeles,CA,Townhouse,4,55.5,39.3,286.2,0.0,30193.6,1653,1,0.22,6623.65
Houston,TX,Condo,4,77.5,43.0,0.0,374.4,18012.6,1031,2,0.12,2151.26
New York,NY,Large House,8,76.1,63.1,0.0,334.4,100882.7,4716,4,0.216,21787.15
Denver,CO,Large House,7,78.9,88.7,0.0,416.6,113018.2,4284,5,0.144,16282.89
Miami,FL,Townhouse,7,96.0,86.2,0.0,930.0,72207.6,1579,2,0.132,9525.69
Chicago,IL,Townhouse,12,29.0,85.0,1081.0,0.0,95788.9,1452,1,0.154,14759.83
Denver,CO,Townhouse,2,50.2,73.1,444.0,0.0,56182.7,2026,2,0.132,7418.28
Houston,TX,House,5,81.6,56.3,0.0,498.1,72238.9,2676,1,0.12,8651.26
Chicago,IL,Apartment,9,73.0,58.6,0.0,238.8,10067.0,959,1,0.14,1391.93
Miami,FL,Apartment,12,68.5,73.7,0.0,104.2,4027.9,782,1,0.121,487.0
Chicago,IL,House,4,52.1,71.8,387.1,0.0,75277.4,2855,4,0.14,10528.14
Denver,CO,House,3,56.8,65.2,245.9,0.0,52976.9,3069,5,0.12,6376.07
New York,NY,Townhouse,10,58.1,61.8,205.8,0.0,17762.8,1322,1,0.18,3206.61
Houston,TX,Large House,3,65.3,85.7,0.0,8.8,8499.4,4711,2,0.12,1013.2
Los Angeles,CA,House,10,65.0,52.9,0.0,1.5,3792.3,2935,4,0.22,848.19
Chicago,IL,Apartment,5,67.1,82.7,0.0,62.2,2936.8,863,1,0.14,398.53
Seattle,WA,Condo,4,56.4,75.1,258.1,0.0,17586.3,1159,1,0.1,1739.44
Atlanta,GA,Apartment,9,66.0,30.1,0.0,28.6,1286.7,560,1,0.13,147.78
Miami,FL,House,5,82.6,81.6,0.0,529.0,44902.6,1556,3,0.11,4926.82
Atlanta,GA,House,3,56.8,35.8,247.3,0.0,44720.4,2596,2,0.13,5799.84
Miami,FL,Large House,3,72.1,82.8,0.0,211.9,67673.5,4825,4,0.11,7430.04
Boston,MA,Apartment,10,60.1,48.7,147.8,0.0,4473.7,539,1,0.21,933.45
Chicago,IL,Large House,9,69.0,66.2,0.0,119.3,28181.0,3342,1,0.14,3962.14
Boston,MA,Large House,7,83.4,70.1,0.0,553.2,158889.2,4605,4,0.252,40029.92
Chicago,IL,Condo,8,72.4,33.5,0.0,222.5,10790.1,992,1,0.168,1811.96
Atlanta,GA,Apartment,9,74.1,63.8,0.0,273.6,7103.7,593,1,0.13,924.35
Denver,CO,Condo,5,63.5,41.9,45.6,0.0,4022.3,1128,1,0.12,479.73
Seattle,WA,House,2,47.9,49.3,512.6,0.0,86166.3,2504,1,0.11,9473.85
Boston,MA,Townhouse,11,45.3,32.5,591.7,0.0,70038.1,1915,1,0.21,14700.29
Atlanta,GA,Large House,9,68.1,32.9,0.0,94.1,23773.1,3355,6,0.13,3109.18
Seattle,WA,Condo,6,74.2,71.0,0.0,277.1,17745.9,1350,1,0.12,2129.85
Chicago,IL,Large House,6,69.4,42.9,0.0,133.4,41338.1,4394,6,0.168,6932.23
Houston,TX,Townhouse,2,65.0,64.3,1.4,0.0,2160.6,1931,1,0.132,267.01
Seattle,WA,Condo,12,42.0,44.4,688.6,0.0,35785.6,919,1,0.11,3949.67
Chicago,IL,House,4,49.4,38.5,466.6,0.0,71390.6,2261,4,0.14,10001.42
Seattle,WA,Large House,12,45.1,86.4,597.1,0.0,220167.4,4768,6,0.11,24234.97
Seattle,WA,Apartment,7,72.8,84.1,0.0,233.4,9519.8,923,1,0.12,1141.91
Atlanta,GA,Apartment,11,56.0,56.9,271.2,0.0,13114.0,904,1,0.13,1693.74
Los Angeles,CA,Apartment,3,48.8,49.6,485.0,0.0,25238.3,1000,1,0.22,5542.69
Seattle,WA,Townhouse,9,73.6,45.7,0.0,256.7,20118.2,1493,2,0.1,2007.62
Houston,TX,Apartment,9,83.3,89.7,0.0,548.1,23023.7,1009,1,0.12,2747.22
Houston,TX,Apartment,7,94.6,78.4,0.0,888.8,25057.5,688,1,0.144,3612.89
Boston,MA,Condo,8,78.6,60.2,0.0,408.9,26830.4,1411,1,0.252,6772.01
Miami,FL,Apartment,10,78.4,87.0,0.0,402.4,8869.0,514,1,0.11,969.59
Houston,TX,Apartment,7,96.5,60.3,0.0,944.0,34326.5,889,1,0.144,4948.11
Miami,FL,House,1,57.7,44.7,219.2,0.0,50728.3,3284,4,0.121,6140.4
Chicago,IL,Large House,6,75.8,54.6,0.0,325.4,64738.2,3116,1,0.168,10880.77
Chicago,IL,Townhouse,6,78.0,71.1,0.0,390.5,24431.8,1239,1,0.168,4084.68
New York,NY,House,10,59.6,32.1,161.3,0.0,20254.7,1745,1,0.18,3626.64
Boston,MA,Large House,11,46.9,53.2,544.3,0.0,159802.2,3790,3,0.21,33547.96
Boston,MA,Large House,5,64.5,85.2,13.5,0.0,9031.5,3706,6,0.21,1898.07
Miami,FL,Condo,3,74.6,53.3,0.0,288.9,14917.6,1093,1,0.11,1627.35
New York,NY,House,5,64.6,72.6,12.0,0.0,3405.8,1794,1,0.18,602.12
Seattle,WA,Condo,11,58.4,55.3,197.4,0.0,13722.5,1161,1,0.1,1381.59
Boston,MA,House,8,75.3,53.9,0.0,307.8,38685.4,2244,3,0.252,9736.95
Houston,TX,Condo,10,84.0,62.9,0.0,570.1,26101.5,999,1,0.12,3128.51
Phoenix,AZ,Condo,7,88.1,69.1,0.0,692.6,29668.4,944,1,0.156,4641.59
Atlanta,GA,House,1,43.4,83.4,648.7,0.0,82597.4,1908,1,0.143,11828.91
Seattle,WA,Condo,8,72.9,70.0,0.0,235.8,9338.6,824,1,0.12,1130.47
Atlanta,GA,Condo,11,50.5,49.0,434.8,0.0,30084.3,1211,1,0.13,3920.5
Boston,MA,Townhouse,10,58.8,77.2,187.1,0.0,26303.6,2155,1,0.21,5504.09
New York,NY,Townhouse,2,29.0,39.0,1079.1,0.0,100055.5,1520,2,0.198,19824.62
Miami,FL,Large House,6,87.8,72.2,0.0,682.5,177341.6,4194,4,0.132,23393.16
Denver,CO,Condo,3,48.2,84.6,504.5,0.0,27773.0,967,1,0.12,3335.23
Boston,MA,Townhouse,12,37.8,69.8,817.2,0.0,103548.1,2068,2,0.231,23917.42
New York,NY,Condo,7,78.8,76.0,0.0,413.1,24703.6,1284,2,0.216,5355.49
Miami,FL,House,10,79.5,31.2,0.0,434.2,63343.1,2671,2,0.11,6974.61
Miami,FL,Townhouse,2,60.7,38.1,129.3,0.0,18693.0,2107,3,0.121,2257.6
Chicago,IL,Apartment,11,42.9,77.6,662.3,0.0,23931.6,701,1,0.14,3344.61
Boston,MA,Apartment,10,61.9,51.9,92.5,0.0,6139.2,1104,2,0.21,1289.76
Denver,CO,Apartment,8,69.5,44.3,0.0,135.6,5202.5,826,1,0.144,747.11
Seattle,WA,Townhouse,1,46.6,50.0,552.2,0.0,50566.3,1479,2,0.11,5577.17
Atlanta,GA,Apartment,12,45.0,42.0,599.2,0.0,33529.4,1087,1,0.143,4790.24
Phoenix,AZ,House,6,87.1,50.5,0.0,662.2,80456.6,2251,4,0.156,12559.99
Denver,CO,Condo,8,69.8,57.0,0.0,145.0,8152.9,1088,2,0.144,1186.23
Miami,FL,Large House,2,68.1,36.4,0.0,91.9,20666.6,3047,2,0.121,2495.59
Chicago,IL,Large House,4,57.6,30.6,220.9,0.0,81691.9,4595,1,0.14,11449.15
Atlanta,GA,Apartment,3,53.3,49.9,350.7,0.0,20328.1,1096,2,0.13,2647.16
New York,NY,Condo,4,50.9,73.1,424.3,0.0,37881.1,1563,1,0.18,6815.91
Houston,TX,Condo,1,60.9,67.5,123.9,0.0,11854.4,1534,1,0.132,1577.48
Boston,MA,Large House,12,30.9,70.6,1023.6,0.0,264284.7,3381,4,0.231,61032.23
Chicago,IL,Large House,1,32.7,45.8,967.7,0.0,233670.3,3162,2,0.154,35988.24
Houston,TX,Apartment,12,60.9,49.3,123.9,0.0,4234.1,577,1,0.132,545.4
Atlanta,GA,Townhouse,10,63.4,43.1,47.8,0.0,6521.3,1622,3,0.13,841.56
Houston,TX,Large House,1,59.5,75.3,164.5,0.0,59579.1,4341,6,0.132,7846.95
Miami,FL,Apartment,10,81.7,83.9,0.0,502.2,19724.3,940,1,0.11,2188.76
Los Angeles,CA,Townhouse,10,64.0,66.3,30.6,0.0,5890.4,1989,2,0.22,1298.65
Miami,FL,House,6,86.7,48.0,0.0,651.1,105912.5,3020,4,0.132,13982.29
Houston,TX,Condo,10,81.9,54.6,0.0,507.3,22782.2,974,1,0.12,2726.84
Seattle,WA,House,8,70.4,75.0,0.0,162.6,23282.4,2426,2,0.12,2774.87
Chicago,IL,Townhouse,7,78.0,30.8,0.0,389.8,41431.6,2091,2,0.168,6966.99
Chicago,IL,Condo,10,52.9,53.5,361.5,0.0,20555.8,988,1,0.14,2871.31
New York,NY,House,7,82.3,81.2,0.0,518.9,51332.3,1824,2,0.216,11075.37
Atlanta,GA,House,7,74.9,69.9,0.0,296.2,39544.8,2391,2,0.156,6153.23
Miami,FL,House,10,77.4,86.6,0.0,370.5,42805.9,2092,2,0.11,4705.3
New York,NY,Townhouse,11,46.3,71.0,560.9,0.0,47367.0,1362,2,0.18,8510.93
Chicago,IL,Large House,5,63.7,71.3,38.0,0.0,15800.7,3698,6,0.14,2214.72
Boston,MA,Apartment,1,27.2,42.6,1134.9,0.0,55135.8,957,1,0.231,12725.71
Miami,FL,House,5,82.8,49.9,0.0,533.2,76152.4,2636,3,0.11,8361.85
Miami,FL,Large House,4,77.1,78.8,0.0,362.8,102911.7,4450,5,0.11,11322.82
New York,NY,Townhouse,9,67.8,38.9,0.0,85.2,10697.9,2101,1,0.18,1926.79
Boston,MA,Large House,12,32.5,76.6,975.2,0.0,263657.1,3544,1,0.231,60895.85
Chicago,IL,Townhouse,1,25.2,30.2,1193.0,0.0,122321.1,1685,1,0.154,18842.28
Denver,CO,Condo,5,68.9,66.3,0.0,115.6,6950.7,1127,2,0.12,847.05
Houston,TX,Large House,10,82.3,74.1,0.0,520.0,105564.4,3246,3,0.12,12679.69
Phoenix,AZ,Condo,7,90.0,42.3,0.0,749.5,41813.6,1233,1,0.156,6504.07
Seattle,WA,Apartment,6,70.5,52.9,0.0,164.0,7215.0,976,1,0.12,863.56
Miami,FL,Apartment,5,79.0,66.4,0.0,419.3,17032.8,966,1,0.11,1877.07
Miami,FL,Apartment,2,65.5,52.1,0.0,15.8,854.3,553,1,0.121,112.2
Denver,CO,Apartment,11,53.0,49.6,361.3,0.0,17977.6,944,1,0.12,2138.69
Phoenix,AZ,Townhouse,10,75.4,60.7,0.0,311.8,31844.6,1974,3,0.13,4148.35
Boston,MA,Apartment,2,28.0,39.8,1109.3,0.0,36321.9,643,1,0.231,8374.04
Miami,FL,Townhouse,6,86.4,34.2,0.0,643.1,41054.7,1283,2,0.132,5401.71
Seattle,WA,House,12,50.2,78.9,443.1,0.0,54607.2,1817,3,0.11,5991.4
Phoenix,AZ,Condo,4,71.5,80.6,0.0,195.7,8190.4,857,1,0.13,1046.45
Houston,TX,Condo,3,68.2,75.4,0.0,96.9,4978.4,940,1,0.12,578.18
Phoenix,AZ,House,1,62.5,32.4,75.0,0.0,17518.2,2871,4,0.143,2493.45
Atlanta,GA,House,1,45.8,52.1,575.5,0.0,85374.5,2215,1,0.143,12195.13
Houston,TX,Condo,9,84.7,52.5,0.0,589.7,21736.7,807,1,0.12,2621.8
Atlanta,GA,Townhouse,6,75.0,53.6,0.0,299.4,21732.3,1400,2,0.156,3388.31
Boston,MA,Large House,11,47.7,42.3,519.0,0.0,176217.8,4375,5,0.21,37001.23
Los Angeles,CA,Condo,4,60.4,47.9,139.3,0.0,13837.0,1577,3,0.22,3032.71
Atlanta,GA,Townhouse,6,72.5,43.8,0.0,224.3,19832.0,1674,1,0.156,3107.53
Houston,TX,Large House,1,59.2,40.9,175.1,0.0,52193.7,3634,1,0.132,6889.55
Seattle,WA,Townhouse,8,76.5,85.2,0.0,346.2,28476.9,1600,3,0.12,3421.1
Houston,TX,Apartment,10,83.5,67.2,0.0,555.8,14198.0,609,1,0.12,1721.63
New York,NY,Townhouse,8,77.7,39.6,0.0,380.4,30831.8,1590,3,0.216,6648.28
Houston,TX,House,12,59.8,55.0,157.2,0.0,37371.9,3294,3,0.132,4943.91
Los Angeles,CA,Townhouse,3,56.3,83.2,261.0,0.0,24711.6,1469,2,0.22,5424.73
New York,NY,House,3,37.9,44.1,814.2,0.0,82710.5,1529,1,0.18,14891.09
Denver,CO,Townhouse,5,59.6,71.5,161.0,0.0,13172.4,1223,2,0.12,1576.59
Seattle,WA,Apartment,1,48.3,54.7,500.9,0.0,26370.4,1009,2,0.11,2903.81
New York,NY,Apartment,5,62.0,46.0,89.2,0.0,4278.8,788,1,0.18,788.7
Houston,TX,Condo,12,69.0,32.6,0.0,118.8,7802.8,1258,1,0.132,1044.25
Denver,CO,House,4,55.9,35.3,274.0,0.0,56002.4,2965,1,0.12,6733.11
Denver,CO,Condo,6,73.3,62.4,0.0,247.9,17556.4,1474,2,0.144,2533.7
Seattle,WA,Condo,10,61.7,50.8,99.8,0.0,7888.3,1211,2,0.1,801.4
Boston,MA,Large House,7,74.9,45.2,0.0,295.9,71366.2,3737,4,0.252,18001.26
Boston,MA,House,9,65.6,32.6,0.0,19.3,7448.7,3264,6,0.21,1578.61
Chicago,IL,Large House,6,77.3,39.6,0.0,369.6,96942.6,4106,6,0.168,16271.93
Houston,TX,House,2,68.8,89.4,0.0,114.2,22764.8,3186,4,0.132,3005.73
Atlanta,GA,Apartment,5,66.4,71.0,0.0,41.9,2790.1,1063,1,0.13,362.28
Miami,FL,Townhouse,9,87.2,79.2,0.0,666.9,71612.4,2159,4,0.11,7871.41
Seattle,WA,Apartment,4,54.6,71.6,313.3,0.0,19267.1,1155,2,0.1,1935.36
Denver,CO,Apartment,8,75.9,48.4,0.0,328.5,9169.9,647,1,0.144,1312.57
Houston,TX,Large House,11,66.2,31.9,0.0,37.1,11167.9,3197,2,0.12,1327.57
Los Angeles,CA,Apartment,5,63.2,51.5,53.4,0.0,3423.4,963,1,0.22,761.06
Phoenix,AZ,Townhouse,7,90.0,67.2,0.0,751.1,58797.9,1583,1,0.156,9177.88
Atlanta,GA,Apartment,11,54.0,51.1,330.0,0.0,17403.1,1003,1,0.13,2261.35
Seattle,WA,Large House,2,48.9,82.8,483.9,0.0,145887.5,3865,6,0.11,16055.02
New York,NY,House,1,30.6,35.2,1032.3,0.0,236979.3,3471,4,0.198,46905.58
Houston,TX,Apartment,8,88.4,89.0,0.0,702.4,25667.0,888,1,0.144,3688.44
Boston,MA,Condo,10,52.1,37.7,386.9,0.0,27217.9,1220,1,0.21,5727.0
Denver,CO,House,2,47.6,71.8,521.0,0.0,88485.0,2528,2,0.132,11697.02
New York,NY,Townhouse,10,53.7,57.1,337.8,0.0,28333.6,1320,2,0.18,5081.64
Atlanta,GA,Townhouse,7,79.7,34.6,0.0,440.6,29121.2,1312,1,0.156,4532.88
Seattle,WA,Condo,7,71.8,50.4,0.0,204.8,8494.9,844,1,0.12,1033.21
Houston,TX,House,12,60.0,38.4,149.5,0.0,37203.3,3441,1,0.132,4928.7
Atlanta,GA,Apartment,8,76.9,55.8,0.0,358.3,15494.8,1008,2,0.156,2433.09
Miami,FL,Large House,2,60.3,56.2,139.9,0.0,45749.6,3857,4,0.121,5518.38
Los Angeles,CA,Townhouse,11,53.0,85.2,359.6,0.0,35612.9,1566,2,0.22,7849.85
Los Angeles,CA,Apartment,3,53.6,56.8,340.6,0.0,10683.6,588,1,0.22,2345.32
Phoenix,AZ,House,2,61.9,54.8,94.3,0.0,25809.8,3488,6,0.143,3680.09
Chicago,IL,Townhouse,3,40.9,52.3,722.8,0.0,87420.7,1964,3,0.14,12219.39
Denver,CO,Townhouse,10,60.0,78.7,149.0,0.0,17339.3,1743,1,0.12,2070.46
Boston,MA,Condo,4,53.8,42.8,336.5,0.0,28830.0,1479,2,0.21,6056.42
Denver,CO,Apartment,3,55.6,38.7,282.6,0.0,17817.0,1183,1,0.12,2137.15
Los Angeles,CA,Large House,3,54.5,80.4,314.0,0.0,87614.8,3505,6,0.22,19264.26
Phoenix,AZ,House,1,57.4,49.2,227.1,0.0,48540.9,3040,4,0.143,6929.05
Miami,FL,House,8,93.5,37.6,0.0,854.6,124939.0,2741,2,0.132,16503.56
Seattle,WA,Condo,4,58.0,34.5,210.9,0.0,17870.4,1413,2,0.1,1783.73
Denver,CO,Apartment,12,45.7,53.6,579.1,0.0,19405.3,649,1,0.132,2573.77
Miami,FL,Townhouse,9,91.2,81.3,0.0,785.8,70589.8,1819,2,0.11,7764.39
Atlanta,GA,Large House,11,55.6,64.4,281.7,0.0,95389.3,4239,5,0.13,12384.25
Boston,MA,Townhouse,9,70.3,45.1,0.0,159.4,15203.2,1729,3,0.21,3183.53
Phoenix,AZ,Large House,9,91.3,49.4,0.0,788.0,168439.1,3466,3,0.13,21884.74
Phoenix,AZ,Condo,6,85.8,65.9,0.0,623.6,37914.9,1330,2,0.156,5902.25
Atlanta,GA,Condo,12,48.9,51.7,483.9,0.0,30415.6,1102,1,0.143,4342.28
Boston,MA,Large House,9,71.2,82.6,0.0,187.4,41922.9,3355,1,0.21,8792.03
Miami,FL,Condo,11,68.5,59.1,0.0,103.7,7292.8,1308,2,0.11,804.93
Denver,CO,Townhouse,3,49.5,88.0,464.2,0.0,42251.6,1460,1,0.12,5089.54
New York,NY,Apartment,4,53.5,89.5,343.6,0.0,13780.4,760,1,0.18,2471.56
Atlanta,GA,House,4,62.8,67.7,65.5,0.0,10959.6,2044,1,0.13,1409.06
Seattle,WA,House,6,67.8,51.7,0.0,84.3,9651.9,1744,1,0.12,1140.4
Los Angeles,CA,Townhouse,2,45.7,77.0,579.5,0.0,63363.1,1761,3,0.242,15341.34
Houston,TX,Apartment,11,66.1,50.3,0.0,33.0,2412.6,1080,1,0.12,280.6
Seattle,WA,Condo,4,62.3,51.2,81.6,0.0,5672.0,1025,2,0.1,548.12
Atlanta,GA,Townhouse,4,55.0,67.0,299.1,0.0,26323.1,1375,2,0.13,3405.66
Atlanta,GA,Townhouse,8,71.5,54.4,0.0,193.9,13690.3,1327,1,0.156,2140.07
Chicago,IL,Condo,5,62.4,48.5,78.4,0.0,4843.9,909,1,0.14,682.13
Seattle,WA,House,4,61.5,54.5,105.8,0.0,15756.9,1975,1,0.1,1561.7
Seattle,WA,Large House,7,77.7,42.3,0.0,379.5,73824.3,3047,5,0.12,8856.38
Denver,CO,Townhouse,6,71.1,53.3,0.0,182.3,12082.9,1221,2,0.144,1728.16
Chicago,IL,Apartment,10,53.7,54.2,339.5,0.0,21454.9,1199,2,0.14,2997.82
Phoenix,AZ,Condo,12,62.8,82.7,66.2,0.0,5159.7,1097,1,0.143,745.29
Atlanta,GA,Condo,11,53.5,78.0,344.3,0.0,30092.1,1514,1,0.13,3905.79
Seattle,WA,Apartment,8,78.1,35.4,0.0,392.8,15669.7,946,1,0.12,1869.5
Miami,FL,Townhouse,8,88.2,65.1,0.0,695.7,46881.4,1361,1,0.132,6189.58
Houston,TX,Apartment,7,94.6,35.4,0.0,888.2,31898.0,873,1,0.144,4577.0
Denver,CO,Apartment,5,63.5,47.6,44.1,0.0,1916.7,581,1,0.12,221.15
Chicago,IL,Condo,7,79.2,43.9,0.0,426.2,21995.2,1119,1,0.168,3677.28
Chicago,IL,Townhouse,9,72.9,44.2,0.0,238.5,21157.5,1681,2,0.14,2949.87
Los Angeles,CA,Apartment,2,48.3,76.7,499.8,0.0,20098.5,775,1,0.242,4858.59
Chicago,IL,Condo,9,71.9,49.5,0.0,206.1,9902.0,991,1,0.14,1377.18
New York,NY,Large House,9,67.9,40.0,0.0,88.1,31496.3,4832,1,0.18,5683.19
Houston,TX,Large House,6,87.6,57.3,0.0,678.7,175521.8,4175,3,0.144,25283.68
Chicago,IL,Large House,1,24.4,47.2,1219.2,0.0,291224.2,3137,4,0.154,44848.13
Seattle,WA,Large House,9,73.9,58.0,0.0,266.6,77798.1,4487,4,0.1,7780.6
Atlanta,GA,Large House,12,46.1,45.1,568.4,0.0,207660.1,4715,6,0.143,29682.07
Boston,MA,Condo,1,29.0,52.1,1080.1,0.0,61016.1,1011,1,0.231,14098.9
Seattle,WA,House,7,70.2,59.2,0.0,157.2,19906.0,2113,3,0.12,2377.34
Chicago,IL,House,10,53.4,77.6,348.0,0.0,74540.6,3118,6,0.14,10421.37
Houston,TX,House,5,81.7,57.9,0.0,499.9,68075.9,2496,4,0.12,8167.65
Seattle,WA,Apartment,4,56.0,33.2,271.4,0.0,9418.3,649,1,0.1,937.29
Seattle,WA,Apartment,10,65.2,63.1,0.0,6.3,851.7,801,1,0.1,104.42
Boston,MA,Apartment,6,72.1,60.4,0.0,213.1,7825.1,839,1,0.252,1955.99
Denver,CO,Townhouse,1,46.3,52.3,560.8,0.0,42504.3,1225,1,0.132,5603.93
Atlanta,GA,House,6,68.8,33.1,0.0,115.5,19928.8,2773,3,0.156,3093.83
Boston,MA,House,7,74.4,76.8,0.0,280.8,48613.4,3063,5,0.252,12253.23
Los Angeles,CA,Condo,7,77.3,68.1,0.0,369.4,19648.6,1138,2,0.264,5197.71
Houston,TX,Apartment,10,78.9,32.5,0.0,418.3,15717.4,893,1,0.12,1904.23
Houston,TX,House,10,83.0,83.0,0.0,539.8,55441.3,1896,2,0.12,6655.68
Houston,TX,Apartment,2,62.7,59.0,70.3,0.0,2892.9,667,1,0.132,380.6
Chicago,IL,House,2,31.6,84.0,1002.1,0.0,110466.8,1663,3,0.154,17031.07
Boston,MA,Townhouse,10,60.9,78.9,123.2,0.0,15122.7,1771,3,0.21,3182.37
Denver,CO,Condo,11,57.1,76.7,238.1,0.0,21107.9,1498,2,0.12,2545.55
Seattle,WA,House,5,64.0,73.5,30.3,0.0,6912.9,2172,3,0.1,709.37
Phoenix,AZ,Townhouse,2,65.6,80.7,0.0,16.5,3763.5,2043,2,0.143,556.43
Boston,MA,Condo,2,32.1,54.8,988.2,0.0,83933.6,1514,3,0.231,19391.33
Phoenix,AZ,Apartment,4,80.5,69.8,0.0,464.5,13063.3,666,1,0.13,1715.28
New York,NY,House,7,75.5,58.4,0.0,316.2,55830.1,3169,4,0.216,12076.81
Los Angeles,CA,Townhouse,4,62.3,53.8,81.6,0.0,10131.3,1698,2,0.22,2226.09
Houston,TX,Townhouse,4,74.4,65.9,0.0,280.8,26491.7,1825,1,0.12,3193.13
Los Angeles,CA,Apartment,2,48.4,59.6,497.9,0.0,13071.2,508,1,0.242,3182.04
Chicago,IL,Apartment,1,23.3,47.5,1250.2,0.0,62338.9,982,1,0.154,9607.34
Miami,FL,Large House,2,68.9,49.8,0.0,117.9,25701.6,3082,2,0.121,3113.21
New York,NY,Large House,1,30.9,83.8,1023.1,0.0,365257.9,4682,2,0.198,72320.67
Phoenix,AZ,Large House,5,77.7,66.8,0.0,381.5,103302.4,4260,5,0.13,13427.81
Phoenix,AZ,Condo,11,71.1,59.8,0.0,184.5,14615.3,1594,3,0.13,1891.34
Seattle,WA,Townhouse,11,57.1,51.5,236.9,0.0,20971.0,1366,2,0.1,2088.85
Seattle,WA,House,4,59.7,42.6,160.1,0.0,36168.8,3126,3,0.1,3625.01
New York,NY,Apartment,1,24.5,89.9,1215.7,0.0,67830.1,1101,1,0.198,13439.27
Phoenix,AZ,Townhouse,12,61.4,58.9,108.2,0.0,11723.4,1527,3,0.143,1693.64
Denver,CO,Large House,5,61.1,58.4,117.1,0.0,49899.0,4919,6,0.12,5974.15
Houston,TX,Townhouse,2,68.4,78.2,0.0,102.3,7438.1,1250,1,0.132,994.33
Boston,MA,House,12,32.5,78.9,975.1,0.0,210843.1,3266,3,0.231,48713.06
Miami,FL,Large House,12,67.7,39.9,0.0,80.8,20508.5,3376,1,0.121,2465.26
Miami,FL,Condo,1,62.1,59.7,86.2,0.0,5364.3,943,1,0.121,637.18
Chicago,IL,House,1,29.3,72.7,1070.5,0.0,217573.8,3078,1,0.154,33501.29
New York,NY,Apartment,8,74.1,50.0,0.0,273.3,12017.0,1013,1,0.216,2605.13
Denver,CO,Townhouse,9,74.9,66.7,0.0,298.1,24811.7,1600,3,0.12,2974.8
New York,NY,House,12,30.9,89.8,1022.9,0.0,183650.9,2710,5,0.198,36354.26
New York,NY,House,10,56.7,82.7,247.6,0.0,47925.0,2784,1,0.18,8643.06
Atlanta,GA,Large House,4,61.3,43.4,109.6,0.0,46451.8,4890,3,0.13,6054.4
New York,NY,Condo,11,43.9,30.3,631.6,0.0,49778.4,1393,2,0.18,8948.98
Boston,MA,Condo,7,74.5,34.6,0.0,284.3,10909.8,802,1,0.252,2750.69
Denver,CO,House,1,47.7,69.8,519.3,0.0,88319.9,2527,3,0.132,11661.44
Denver,CO,Large House,5,67.6,85.5,0.0,76.6,26758.0,4596,1,0.12,3219.99
Chicago,IL,Large House,11,46.9,34.8,544.5,0.0,143520.8,3410,1,0.14,20110.77
New York,NY,Apartment,3,43.6,70.3,642.8,0.0,25247.9,764,1,0.18,4560.85
Houston,TX,Condo,6,86.1,62.5,0.0,632.8,25943.8,899,1,0.144,3718.65
Chicago,IL,Apartment,1,30.8,77.7,1026.4,0.0,39018.3,745,1,0.154,6027.42
Los Angeles,CA,House,6,73.7,76.8,0.0,259.8,25815.8,1748,3,0.264,6800.24
Atlanta,GA,Townhouse,2,46.5,53.3,554.0,0.0,53549.3,1564,1,0.143,7675.35
New York,NY,Large House,2,28.5,39.6,1096.3,0.0,261381.7,3129,2,0.198,51754.98
Boston,MA,Townhouse,1,30.9,55.9,1022.2,0.0,96729.5,1548,2,0.231,22355.55
Seattle,WA,Condo,3,54.7,74.9,308.0,0.0,17734.3,994,1,0.1,1793.15
Houston,TX,House,9,85.9,68.6,0.0,626.2,103885.2,3078,4,0.12,12447.91
Boston,MA,Condo,1,23.2,69.9,1254.9,0.0,96932.6,1384,2,0.231,22384.99
New York,NY,Townhouse,8,80.4,65.7,0.0,462.9,29964.3,1287,1,0.216,6456.95
Chicago,IL,House,8,79.3,50.4,0.0,427.8,61982.0,2633,5,0.168,10394.28
Miami,FL,Condo,5,79.9,81.5,0.0,448.0,27911.7,1349,2,0.11,3062.29
Chicago,IL,Townhouse,7,77.4,54.7,0.0,372.0,25668.2,1356,2,0.168,4313.5
Los Angeles,CA,House,5,63.1,31.6,57.9,0.0,14822.8,3012,3,0.22,3248.4
Los Angeles,CA,Condo,9,68.6,35.7,0.0,108.8,8090.7,1417,1,0.22,1773.32
Los Angeles,CA,Condo,10,59.3,46.6,170.5,0.0,10612.6,1017,1,0.22,2336.79
Denver,CO,Apartment,12,51.1,69.5,418.1,0.0,23171.0,1062,2,0.132,3054.72
New York,NY,Townhouse,7,76.7,33.1,0.0,350.7,23197.4,1295,2,0.216,5028.59
Atlanta,GA,Apartment,2,47.7,51.7,519.2,0.0,26548.9,988,1,0.143,3787.06
Atlanta,GA,Large House,4,54.7,68.9,309.5,0.0,77774.9,3167,3,0.13,10125.4
New York,NY,House,4,50.7,87.4,429.2,0.0,86913.1,2992,2,0.18,15644.75
Seattle,WA,Apartment,11,54.8,73.8,307.0,0.0,16983.2,1035,2,0.1,1698.03
Houston,TX,Apartment,7,88.9,61.7,0.0,717.7,21197.8,716,1,0.144,3048.66
Atlanta,GA,House,10,59.5,81.4,165.3,0.0,24931.5,2089,3,0.13,3237.9
Atlanta,GA,House,1,45.9,74.8,572.8,0.0,66659.5,1734,2,0.143,9535.38
Atlanta,GA,Apartment,11,56.1,43.9,266.7,0.0,10707.0,754,1,0.13,1373.77
Los Angeles,CA,House,3,49.8,36.8,457.0,0.0,107038.2,3476,2,0.22,23536.8
Los Angeles,CA,Apartment,7,72.1,38.7,0.0,211.9,5793.9,609,1,0.264,1541.03
Miami,FL,Townhouse,7,92.2,46.5,0.0,815.7,64049.8,1587,3,0.132,8468.89
Chicago,IL,Condo,7,82.7,81.5,0.0,531.0,28289.0,1161,1,0.168,4752.15
Phoenix,AZ,House,1,61.3,39.5,110.0,0.0,16698.9,2016,1,0.143,2401.29
Boston,MA,Large House,5,61.1,47.2,116.9,0.0,34609.2,3417,4,0.21,7255.02
New York,NY,House,9,68.5,48.2,0.0,106.3,11062.2,1633,3,0.18,1979.23
Phoenix,AZ,House,7,91.8,56.3,0.0,804.1,88122.0,2052,2,0.156,13758.27
Boston,MA,House,4,54.1,86.0,327.1,0.0,77331.6,3442,5,0.21,16248.5
Denver,CO,Townhouse,12,50.6,61.0,431.4,0.0,35126.0,1301,2,0.132,4632.78
Los Angeles,CA,Large House,2,45.5,44.7,584.4,0.0,157868.6,3494,3,0.242,38221.45
Atlanta,GA,Large House,9,71.3,88.6,0.0,188.3,61265.4,4887,2,0.13,7982.85
Miami,FL,Large House,7,87.0,41.6,0.0,660.4,170331.5,4163,3,0.132,22476.02
Seattle,WA,Townhouse,12,47.9,67.7,514.1,0.0,64742.6,2023,3,0.11,7140.12
Atlanta,GA,Large House,6,70.7,41.8,0.0,171.6,37281.8,3196,4,0.156,5797.8
Miami,FL,Townhouse,8,91.3,59.6,0.0,789.7,76947.8,1977,1,0.132,10159.61
Los Angeles,CA,Apartment,10,61.1,32.6,116.8,0.0,4342.4,640,1,0.22,956.72
Los Angeles,CA,Apartment,11,56.2,43.2,264.5,0.0,15021.9,1061,2,0.22,3299.65
New York,NY,Townhouse,1,24.2,46.8,1223.9,0.0,159703.0,2140,4,0.198,31619.19
Houston,TX,Apartment,6,83.9,45.0,0.0,568.1,17573.1,742,1,0.144,2540.38
Houston,TX,Apartment,8,92.6,71.8,0.0,827.2,26535.2,783,1,0.144,3834.76
Houston,TX,House,6,88.0,43.8,0.0,691.1,63155.2,1704,1,0.144,9074.35
Miami,FL,Townhouse,8,87.6,74.3,0.0,679.3,59834.1,1769,3,0.132,7900.97
Phoenix,AZ,Condo,3,72.4,73.9,0.0,221.2,10239.3,960,1,0.13,1319.47
Chicago,IL,Townhouse,8,74.3,38.1,0.0,277.7,18196.3,1262,2,0.168,3073.47
Houston,TX,Townhouse,11,74.3,55.9,0.0,280.4,28743.4,1974,2,0.12,3462.55
Chicago,IL,House,7,77.7,62.0,0.0,382.4,31864.9,1515,1,0.168,5369.01
Los Angeles,CA,Apartment,3,48.5,36.5,493.9,0.0,18299.5,716,1,0.22,4038.39
Phoenix,AZ,Large House,12,64.3,84.1,20.7,0.0,12315.2,4136,6,0.143,1779.54
Atlanta,GA,Townhouse,8,78.5,55.5,0.0,406.1,27977.5,1361,1,0.156,4376.28
Phoenix,AZ,Townhouse,5,86.3,77.9,0.0,637.9,57658.1,1820,1,0.13,7483.41
Phoenix,AZ,House,9,90.7,36.9,0.0,772.4,101205.3,2452,1,0.13,13172.72
Houston,TX,Large House,2,63.9,69.0,31.6,0.0,15452.8,4147,4,0.132,2052.44
New York,NY,Large House,3,45.0,44.4,600.3,0.0,189866.3,4103,2,0.18,34190.27
Denver,CO,Apartment,4,56.4,62.3,258.3,0.0,14464.6,1051,1,0.12,1729.04
Chicago,IL,Condo,1,31.5,42.3,1004.9,0.0,69739.3,1237,2,0.154,10728.67
Los Angeles,CA,Large House,3,47.7,73.3,518.6,0.0,172166.0,4279,4,0.22,37886.04
Miami,FL,House,3,74.9,50.3,0.0,297.8,48142.1,2895,3,0.11,5276.09
New York,NY,Apartment,12,31.2,75.5,1013.3,0.0,27488.2,531,1,0.198,5446.1
Los Angeles,CA,Condo,8,76.8,62.3,0.0,355.1,14938.1,900,1,0.264,3955.15
Atlanta,GA,Apartment,12,45.1,70.3,596.1,0.0,20145.5,653,1,0.143,2880.97
Phoenix,AZ,Townhouse,5,82.5,38.9,0.0,523.7,35726.8,1363,1,0.13,4646.08
Phoenix,AZ,House,9,83.5,79.5,0.0,555.2,100701.7,3364,1,0.13,13096.09
New York,NY,Townhouse,7,79.1,58.0,0.0,422.1,35683.2,1680,1,0.216,7689.54
Phoenix,AZ,Condo,7,87.9,73.4,0.0,686.6,36022.6,1153,2,0.156,5605.52
Seattle,WA,Large House,2,44.5,46.2,615.2,0.0,165388.2,3482,4,0.11,18185.56
New York,NY,Townhouse,5,67.9,52.5,0.0,85.5,10488.1,2041,2,0.18,1896.43
Boston,MA,Apartment,7,78.1,81.4,0.0,393.1,11875.5,712,1,0.252,2997.34
New York,NY,Large House,11,41.8,33.9,694.6,0.0,264556.0,4951,5,0.18,47601.96
Los Angeles,CA,House,5,60.2,63.3,142.7,0.0,33762.6,3209,5,0.22,7407.97
Phoenix,AZ,Condo,9,90.8,44.9,0.0,774.1,45059.2,1285,2,0.13,5866.43
Houston,TX,Large House,11,68.7,39.3,0.0,110.3,24998.7,3131,4,0.12,3007.72
Atlanta,GA,Townhouse,12,46.1,39.5,567.7,0.0,48309.4,1374,2,0.143,6905.04
Chicago,IL,Townhouse,12,32.3,36.2,980.7,0.0,116591.5,1942,3,0.154,17945.17
Boston,MA,Apartment,7,75.6,86.8,0.0,317.0,10831.8,798,1,0.252,2721.24
New York,NY,Condo,7,77.4,71.0,0.0,372.0,18012.3,1034,2,0.216,3909.02
New York,NY,Apartment,8,76.1,46.8,0.0,333.4,12581.1,886,1,0.216,2720.55
Denver,CO,Large House,1,47.3,52.1,530.8,0.0,188166.3,4581,2,0.132,24838.0
Chicago,IL,Townhouse,6,73.7,79.9,0.0,259.7,26105.3,1942,1,0.168,4393.22
New York,NY,Townhouse,11,49.9,47.5,452.1,0.0,52128.2,1854,1,0.18,9371.72
Miami,FL,Condo,9,90.8,37.3,0.0,775.0,37451.5,1063,2,0.11,4131.93
Los Angeles,CA,Apartment,2,48.3,73.3,502.1,0.0,29117.7,1114,2,0.242,7048.25
Atlanta,GA,Condo,4,59.3,41.9,170.7,0.0,14504.1,1407,1,0.13,1881.73
Miami,FL,Condo,1,64.2,87.4,23.0,0.0,2801.4,1216,1,0.121,343.44
Denver,CO,House,6,70.6,60.0,0.0,168.5,22628.3,2297,1,0.144,3260.58
Denver,CO,Apartment,1,48.2,89.8,503.9,0.0,17916.3,689,1,0.132,2349.22
Seattle,WA,Apartment,9,67.4,52.6,0.0,73.3,2446.0,630,1,0.1,252.71
Phoenix,AZ,Townhouse,10,84.2,82.9,0.0,575.0,38032.4,1322,2,0.13,4939.89
Atlanta,GA,Townhouse,3,47.8,66.2,517.1,0.0,67579.3,2107,1,0.13,8800.14
Atlanta,GA,Townhouse,2,45.3,53.8,592.2,0.0,64174.4,1752,2,0.143,9190.46
Atlanta,GA,Condo,7,78.1,39.5,0.0,394.5,18272.2,999,1,0.156,2854.54
Chicago,IL,Apartment,4,52.4,55.1,379.4,0.0,19039.2,962,1,0.14,2682.84
Phoenix,AZ,Condo,9,91.4,32.6,0.0,792.2,48366.6,1348,2,0.13,6268.51
Miami,FL,Condo,8,90.4,77.4,0.0,760.6,41482.9,1204,2,0.132,5483.5
Los Angeles,CA,Condo,7,79.4,86.6,0.0,431.7,31961.5,1599,1,0.264,8420.05
Houston,TX,Townhouse,7,87.9,82.3,0.0,686.5,54763.1,1607,3,0.144,7872.05
Boston,MA,Apartment,6,78.5,76.1,0.0,405.8,12263.8,717,1,0.252,3084.09
New York,NY,House,9,68.4,36.5,0.0,100.9,16790.6,2626,2,0.18,3021.72
Denver,CO,Condo,10,59.9,87.8,152.9,0.0,9570.9,1015,2,0.12,1140.67
Denver,CO,Apartment,9,68.4,44.2,0.0,102.8,4877.6,958,1,0.12,601.82
Denver,CO,Condo,7,72.3,52.5,0.0,220.1,9103.7,847,1,0.144,1293.07
Miami,FL,House,12,65.1,32.8,0.0,1.7,3400.4,2921,1,0.121,414.03
Los Angeles,CA,Townhouse,5,68.3,72.9,0.0,100.5,10445.6,1787,1,0.22,2288.25
Chicago,IL,House,10,58.2,67.6,202.9,0.0,42614.2,2946,5,0.14,5968.9
Seattle,WA,Townhouse,9,72.6,74.8,0.0,227.8,22487.4,1857,3,0.1,2259.18
Boston,MA,Apartment,9,69.4,52.0,0.0,130.6,4907.4,802,1,0.21,1048.63
Houston,TX,Condo,6,85.9,76.3,0.0,628.3,39496.5,1378,1,0.144,5690.28
Houston,TX,Condo,4,79.4,78.4,0.0,431.8,18142.9,910,1,0.12,2188.37
Seattle,WA,House,10,61.1,72.0,117.7,0.0,23215.2,2646,1,0.1,2320.44
Seattle,WA,Apartment,8,75.4,40.4,0.0,312.6,12375.3,927,1,0.12,1487.5
Houston,TX,Large House,10,81.7,66.1,0.0,501.0,108309.7,3451,3,0.12,12986.93
Denver,CO,Condo,11,57.4,88.9,229.2,0.0,18706.0,1374,1,0.12,2260.61
Seattle,WA,Apartment,3,50.4,63.0,437.6,0.0,24741.4,1079,2,0.1,2460.03
Atlanta,GA,Townhouse,9,69.3,46.0,0.0,130.2,13821.2,1892,1,0.13,1792.06
Seattle,WA,Townhouse,7,79.2,43.0,0.0,427.0,39722.1,1845,1,0.12,4779.0
Los Angeles,CA,Condo,4,58.7,88.8,188.5,0.0,15356.5,1341,2,0.22,3368.51
Houston,TX,Townhouse,7,89.4,77.8,0.0,732.2,63409.7,1754,1,0.144,9131.36
New York,NY,Apartment,3,37.0,70.1,839.7,0.0,42417.5,989,1,0.18,7639.16
Seattle,WA,Apartment,1,45.0,34.5,598.8,0.0,19162.7,619,1,0.11,2120.46
Miami,FL,Apartment,1,62.3,66.7,81.7,0.0,2824.4,567,1,0.121,333.47
Atlanta,GA,Apartment,12,46.5,76.4,554.1,0.0,23801.5,829,1,0.143,3404.49
Atlanta,GA,House,11,49.5,52.1,464.9,0.0,73496.5,2342,2,0.13,9545.35
Boston,MA,House,8,75.9,33.5,0.0,327.2,49697.9,2726,3,0.252,12539.29
Seattle,WA,House,11,50.4,31.2,438.8,0.0,52661.1,1766,3,0.1,5275.94
Boston,MA,House,7,83.8,63.9,0.0,564.6,103268.9,3390,1,0.252,26006.42
Phoenix,AZ,Apartment,7,87.7,41.7,0.0,680.1,29154.6,1036,2,0.156,4537.41
Chicago,IL,Townhouse,6,71.0,84.9,0.0,180.8,18720.3,1932,1,0.168,3143.7
Los Angeles,CA,House,1,46.8,34.7,546.6,0.0,70237.4,1919,1,0.242,16992.64
Houston,TX,House,4,80.8,49.1,0.0,473.9,82539.9,3189,5,0.12,9906.63
Miami,FL,House,2,64.5,83.5,15.8,0.0,4037.9,1889,1,0.121,480.86
Atlanta,GA,Apartment,12,42.5,81.8,675.7,0.0,23298.7,672,1,0.143,3313.44
Los Angeles,CA,House,5,61.4,42.3,109.0,0.0,17010.9,2083,1,0.22,3726.45
Boston,MA,Large House,2,36.1,74.5,868.5,0.0,325282.6,4899,2,0.231,75140.82
Chicago,IL,Apartment,1,31.8,83.7,996.5,0.0,33784.9,665,1,0.154,5215.97
Los Angeles,CA,Condo,5,60.7,62.8,128.5,0.0,10846.1,1331,2,0.22,2385.79
Atlanta,GA,House,4,61.7,43.9,100.0,0.0,23601.5,3052,4,0.13,3057.92
Los Angeles,CA,Large House,3,57.0,54.5,241.2,0.0,80215.3,4113,6,0.22,17650.27
Boston,MA,Apartment,8,76.0,85.6,0.0,330.8,15588.6,1102,2,0.252,3927.46
New York,NY,House,8,77.2,78.5,0.0,365.5,40081.5,1983,2,0.216,8638.22
New York,NY,House,9,70.6,40.3,0.0,167.7,17582.4,1794,1,0.18,3158.81
Chicago,IL,Apartment,7,74.1,50.1,0.0,274.4,14372.5,1195,2,0.168,2432.06
Phoenix,AZ,House,10,75.7,69.1,0.0,321.9,32599.8,1807,3,0.13,4220.89
Atlanta,GA,Condo,6,75.7,75.3,0.0,320.7,21011.8,1381,2,0.156,3280.13
Denver,CO,Townhouse,4,59.1,47.3,177.3,0.0,19391.2,1640,3,0.12,2307.59
Chicago,IL,Condo,1,32.5,71.5,974.6,0.0,62056.4,1138,1,0.154,9570.35
Seattle,WA,Large House,12,47.1,47.5,537.8,0.0,183791.8,4416,3,0.11,20232.4
Miami,FL,Large House,9,82.7,35.0,0.0,529.8,137210.0,4133,6,0.11,15098.15
Denver,CO,House,1,40.9,85.4,722.5,0.0,140778.4,2923,4,0.132,18584.51
Boston,MA,House,8,79.7,69.4,0.0,440.7,45839.5,1901,3,0.252,11556.19
Phoenix,AZ,House,2,60.6,67.7,131.0,0.0,33919.2,3473,5,0.143,4850.24
Denver,CO,House,7,78.6,64.5,0.0,407.1,58192.1,2609,2,0.144,8379.55
Chicago,IL,Condo,6,73.9,75.0,0.0,268.2,17006.6,1328,1,0.168,2858.39
Denver,CO,Apartment,7,76.8,77.5,0.0,354.7,17429.9,1158,1,0.144,2517.73
New York,NY,Townhouse,7,80.2,71.1,0.0,455.9,36691.6,1590,3,0.216,7906.61
Los Angeles,CA,Condo,5,66.8,50.6,0.0,53.5,4464.6,1354,1,0.22,972.25
Denver,CO,House,8,71.0,51.2,0.0,178.8,28654.2,2715,4,0.144,4117.97
Houston,TX,Condo,11,73.9,79.8,0.0,266.9,17140.8,1345,2,0.12,2074.53
Denver,CO,Large House,2,44.6,34.8,610.7,0.0,174350.0,3696,4,0.132,23007.32
Denver,CO,Townhouse,12,43.8,86.7,636.6,0.0,84803.8,2154,4,0.132,11212.84
Chicago,IL,House,10,54.2,61.8,323.3,0.0,43521.2,1953,3,0.14,6087.77
Houston,TX,Large House,2,63.9,51.9,32.6,0.0,16113.1,4146,6,0.132,2126.52
Phoenix,AZ,House,9,88.1,75.4,0.0,693.0,80413.1,2164,1,0.13,10445.2
Phoenix,AZ,Condo,1,63.3,37.2,51.6,0.0,3853.5,998,1,0.143,551.55
Atlanta,GA,Apartment,2,44.6,41.9,610.6,0.0,31243.8,992,1,0.143,4461.2
Houston,TX,Townhouse,1,59.1,48.5,176.9,0.0,15115.8,1288,2,0.132,1993.43
Miami,FL,Townhouse,4,78.3,52.0,0.0,398.7,26503.7,1309,1,0.11,2928.11
Boston,MA,Large House,2,31.5,49.0,1005.8,0.0,267730.0,3487,4,0.231,61850.45
Chicago,IL,Apartment,5,67.8,40.6,0.0,82.9,2500.9,589,1,0.14,351.3
Los Angeles,CA,Large House,9,65.6,74.0,0.0,18.0,9733.5,3968,5,0.22,2140.5
Phoenix,AZ,Townhouse,3,69.0,83.4,0.0,120.7,10049.3,1440,2,0.13,1308.71
Seattle,WA,House,1,48.6,65.0,490.8,0.0,114218.3,3456,3,0.11,12574.19
Denver,CO,House,5,60.4,72.4,138.5,0.0,21466.5,2111,2,0.12,2595.3
Phoenix,AZ,Large House,11,71.9,87.9,0.0,206.5,51173.6,3695,6,0.13,6645.26
Atlanta,GA,Townhouse,3,50.0,66.9,448.6,0.0,47827.1,1714,1,0.13,6200.84
Seattle,WA,Townhouse,1,48.8,32.6,485.3,0.0,40451.0,1339,1,0.11,4444.51
Houston,TX,Large House,11,66.7,44.2,0.0,51.8,21005.4,4798,2,0.12,2533.68
Los Angeles,CA,Townhouse,6,66.1,50.4,0.0,31.7,3176.6,1270,1,0.264,826.79
Seattle,WA,Large House,12,43.0,48.2,659.9,0.0,171953.3,3373,6,0.11,18915.85
Seattle,WA,House,10,58.4,87.8,196.8,0.0,38855.0,2769,4,0.1,3902.96
Seattle,WA,House,11,56.2,47.6,264.2,0.0,57234.5,3115,4,0.1,5733.32
Chicago,IL,Townhouse,9,65.7,52.1,0.0,20.3,4086.7,1956,3,0.14,590.49
Denver,CO,Condo,3,55.1,36.4,297.7,0.0,26549.5,1524,3,0.12,3199.39
Chicago,IL,Condo,10,58.3,67.4,201.9,0.0,11360.5,946,1,0.14,1600.0
Los Angeles,CA,Large House,4,57.9,42.2,213.1,0.0,66624.3,3850,3,0.22,14651.15
Denver,CO,Condo,8,75.7,40.6,0.0,319.5,18168.4,1213,1,0.144,2610.26
Boston,MA,Townhouse,5,65.6,45.9,0.0,18.6,3807.2,1964,2,0.21,785.7
Atlanta,GA,Apartment,6,71.1,76.5,0.0,183.3,5378.5,645,1,0.156,837.2
Denver,CO,Condo,12,42.5,82.1,674.1,0.0,34464.0,904,1,0.132,4567.66
Boston,MA,Condo,2,29.0,77.2,1080.5,0.0,76625.8,1268,1,0.231,17717.6
Atlanta,GA,Condo,1,41.7,64.6,698.2,0.0,44631.0,1133,1,0.143,6386.83
Seattle,WA,Condo,2,51.0,69.4,420.2,0.0,37421.3,1550,2,0.11,4121.96
Houston,TX,Large House,9,91.0,49.5,0.0,779.0,158189.5,3294,2,0.12,19001.3
Atlanta,GA,Large House,4,62.4,46.0,78.1,0.0,26467.2,3655,5,0.13,3449.72
Boston,MA,House,4,51.9,86.5,393.0,0.0,48930.4,1830,2,0.21,10265.82
Phoenix,AZ,Large House,8,93.3,40.8,0.0,847.5,222156.2,4251,6,0.156,34669.36
Atlanta,GA,House,1,41.7,34.2,697.7,0.0,87608.1,1882,3,0.143,12517.82
Atlanta,GA,House,9,72.2,42.9,0.0,215.6,41792.0,3365,4,0.13,5445.66
Chicago,IL,Large House,9,66.4,39.0,0.0,42.9,19447.1,4937,5,0.14,2732.71
Los Angeles,CA,Condo,6,71.5,40.4,0.0,194.4,11563.3,1206,1,0.264,3043.32
Denver,CO,House,10,65.8,61.1,0.0,25.4,8249.1,3160,6,0.12,992.65
Miami,FL,Condo,12,66.0,52.3,0.0,31.5,3860.1,1557,3,0.121,454.45
Denver,CO,House,1,42.0,46.7,689.4,0.0,143833.6,3135,1,0.132,19002.94
Los Angeles,CA,Large House,10,61.6,50.8,101.9,0.0,32562.3,3656,1,0.22,7181.87
Atlanta,GA,Apartment,1,47.8,73.8,516.2,0.0,17468.2,652,1,0.143,2491.88
New York,NY,Apartment,5,62.8,82.1,66.8,0.0,3014.3,703,1,0.18,524.84
Houston,TX,Apartment,10,75.8,71.2,0.0,324.8,12857.4,925,1,0.12,1547.23
Los Angeles,CA,Condo,7,77.3,36.9,0.0,369.5,14592.6,849,1,0.264,3867.13
Boston,MA,House,8,73.4,36.9,0.0,251.9,43828.9,3041,6,0.252,11051.81
Los Angeles,CA,Apartment,7,71.3,40.8,0.0,188.9,7643.1,912,1,0.264,2026.64
Boston,MA,Condo,12,37.3,41.9,830.3,0.0,53818.3,1151,2,0.231,12441.22
New York,NY,Townhouse,10,55.8,42.5,275.9,0.0,24611.0,1397,2,0.18,4417.13
Phoenix,AZ,Large House,2,61.8,35.4,97.2,0.0,28412.3,3306,3,0.143,4065.29
Seattle,WA,Large House,3,55.6,64.6,282.0,0.0,109679.3,4888,3,0.1,10953.32
Atlanta,GA,Townhouse,7,78.4,65.5,0.0,402.0,27120.7,1331,1,0.156,4225.5
Miami,FL,House,2,67.4,30.1,0.0,70.8,15780.8,3159,6,0.121,1918.11
Atlanta,GA,Large House,6,71.8,79.4,0.0,205.0,44999.6,3262,6,0.156,7009.1
Boston,MA,Apartment,3,41.2,51.5,712.8,0.0,28563.0,782,1,0.21,5992.9
Phoenix,AZ,Condo,4,80.4,83.3,0.0,462.5,17721.2,827,1,0.13,2284.79
Boston,MA,Apartment,7,80.1,58.8,0.0,454.3,11987.4,626,1,0.252,3011.93
Chicago,IL,Large House,10,59.2,87.8,174.3,0.0,45199.0,3125,4,0.14,6342.34
New York,NY,House,4,57.6,61.9,222.0,0.0,27538.7,1766,1,0.18,4941.24
Miami,FL,Townhouse,3,67.2,72.6,0.0,66.6,8581.3,2047,1,0.11,933.93
Los Angeles,CA,Apartment,10,66.6,63.9,0.0,47.0,2487.2,871,1,0.22,545.23
Seattle,WA,Townhouse,10,61.4,70.6,107.2,0.0,9694.6,1266,2,0.1,964.33
Seattle,WA,Condo,4,61.4,38.2,107.5,0.0,7463.2,1057,2,0.1,744.79
New York,NY,Apartment,1,30.7,77.8,1029.3,0.0,55919.3,1068,1,0.198,11053.58
New York,NY,House,9,68.5,46.6,0.0,104.8,13002.9,1970,1,0.18,2340.09
Seattle,WA,Large House,1,45.2,78.7,594.9,0.0,188690.9,4114,1,0.11,20753.91
Chicago,IL,Large House,1,24.1,50.6,1227.5,0.0,446436.7,4778,6,0.154,68734.63
Denver,CO,Apartment,7,72.5,57.7,0.0,224.0,9442.8,963,1,0.144,1342.96
New York,NY,Townhouse,6,73.9,42.0,0.0,267.6,30615.1,2193,3,0.216,6597.43
Houston,TX,Apartment,1,58.8,61.9,185.5,0.0,11065.5,1078,2,0.132,1454.86
Seattle,WA,House,10,57.3,37.2,231.1,0.0,32848.6,2019,4,0.1,3272.82
Houston,TX,Large House,7,96.2,80.3,0.0,936.6,191230.8,3320,4,0.144,27534.71
Chicago,IL,Apartment,6,74.2,79.8,0.0,277.4,13212.9,1099,1,0.168,2218.77
New York,NY,Apartment,5,64.3,48.6,22.3,0.0,1814.0,912,1,0.18,330.08
Los Angeles,CA,Apartment,1,46.7,37.5,550.0,0.0,27135.4,957,1,0.242,6547.56
Phoenix,AZ,Large House,4,71.7,72.9,0.0,200.4,55187.7,4113,5,0.13,7188.71
Phoenix,AZ,Large House,1,63.7,72.5,39.7,0.0,15486.8,3645,2,0.143,2201.5
Phoenix,AZ,Large House,10,83.1,47.9,0.0,542.3,136090.9,4027,1,0.13,17704.69
Seattle,WA,Large House,9,67.2,33.9,0.0,67.1,21844.7,4009,6,0.1,2182.03
Los Angeles,CA,House,7,77.5,36.1,0.0,375.0,56884.0,2734,5,0.264,15035.59
Chicago,IL,Condo,8,76.9,64.3,0.0,355.5,18118.5,1093,1,0.168,3057.15
Miami,FL,House,3,71.9,60.9,0.0,206.7,23168.1,1931,3,0.11,2540.06
Atlanta,GA,Apartment,10,57.7,79.4,219.9,0.0,11328.9,956,1,0.13,1488.09
Chicago,IL,Apartment,4,54.2,79.2,325.3,0.0,16799.1,978,1,0.14,2338.73
Los Angeles,CA,House,1,46.6,69.6,551.8,0.0,119194.9,3222,2,0.242,28851.59
Phoenix,AZ,Apartment,9,85.7,72.1,0.0,620.8,15118.1,585,1,0.13,1965.87
Denver,CO,Large House,8,78.0,35.0,0.0,389.2,119228.7,4844,2,0.144,17149.83
Denver,CO,Large House,11,58.3,60.5,201.7,0.0,69124.6,4203,3,0.12,8309.01
Denver,CO,House,5,60.6,37.2,131.8,0.0,20733.4,2122,2,0.12,2503.34
Denver,CO,Large House,12,47.7,56.4,518.7,0.0,196713.8,4898,2,0.132,25963.72
New York,NY,Large House,3,39.6,32.8,762.1,0.0,182582.1,3126,1,0.18,32863.71
Los Angeles,CA,Condo,4,56.0,54.2,270.1,0.0,18874.6,1189,1,0.22,4159.13
Chicago,IL,Large House,8,74.7,39.9,0.0,291.1,82566.4,4381,5,0.168,13873.54
Denver,CO,Condo,8,74.8,89.9,0.0,293.6,21595.5,1543,2,0.144,3108.84
New York,NY,Townhouse,1,25.3,37.1,1191.2,0.0,130843.3,1802,2,0.198,25890.51
Atlanta,GA,House,2,43.4,84.0,646.8,0.0,96448.1,2226,4,0.143,13779.16
Phoenix,AZ,Large House,9,89.2,51.2,0.0,726.9,155509.0,3459,3,0.13,20214.59
Seattle,WA,Condo,5,67.8,85.6,0.0,85.4,6900.0,1455,1,0.1,681.33
Atlanta,GA,House,7,77.2,86.1,0.0,366.1,52828.9,2619,2,0.156,8231.94
Denver,CO,Townhouse,3,47.1,63.6,536.5,0.0,42129.5,1266,2,0.12,5041.24
Miami,FL,Large House,4,75.1,62.6,0.0,302.0,91432.8,4690,6,0.11,10057.71
Atlanta,GA,Condo,5,64.3,60.1,20.2,0.0,2923.9,1347,2,0.13,395.32
Chicago,IL,Townhouse,7,83.9,75.2,0.0,567.2,47769.1,1691,1,0.168,8028.25
Seattle,WA,Apartment,10,60.0,42.9,150.0,0.0,4848.0,564,1,0.1,488.26
Houston,TX,Townhouse,11,72.4,39.8,0.0,222.0,23345.3,1973,3,0.12,2789.62
Seattle,WA,Apartment,4,60.2,83.7,144.1,0.0,5815.4,718,1,0.1,600.78
New York,NY,Townhouse,6,69.9,49.9,0.0,148.3,14718.3,1769,3,0.216,3160.03
Chicago,IL,Townhouse,5,65.0,45.7,1.3,0.0,2308.7,1968,2,0.14,320.37
New York,NY,Condo,12,28.3,64.0,1101.5,0.0,67564.7,1096,2,0.198,13360.34
Boston,MA,Apartment,9,69.9,64.4,0.0,148.4,4345.4,629,1,0.21,894.2
Denver,CO,Apartment,7,71.0,34.8,0.0,179.1,7794.0,972,1,0.144,1123.01
Los Angeles,CA,Condo,6,75.2,67.6,0.0,305.7,20795.0,1437,1,0.264,5491.72
Atlanta,GA,Large House,10,64.0,64.9,30.3,0.0,16491.9,4648,2,0.13,2145.94
Phoenix,AZ,Large House,7,93.9,82.0,0.0,866.6,221765.7,4161,3,0.156,34598.98
Miami,FL,Apartment,2,67.2,70.8,0.0,66.7,2186.5,627,1,0.121,272.07
Boston,MA,Townhouse,4,57.9,32.7,213.3,0.0,26476.4,1913,2,0.21,5559.03
Seattle,WA,Apartment,4,55.1,48.9,297.9,0.0,17601.3,1110,2,0.1,1768.5
Chicago,IL,Apartment,9,67.3,66.0,0.0,68.3,4036.1,1093,2,0.14,545.36
New York,NY,Large House,11,43.0,38.2,659.7,0.0,220328.7,4333,5,0.18,39662.39
Chicago,IL,Apartment,5,66.8,46.4,0.0,54.7,2825.8,885,1,0.14,410.07
Atlanta,GA,House,7,70.5,77.4,0.0,165.0,24695.7,2518,4,0.156,3833.1
Phoenix,AZ,Townhouse,7,91.9,56.6,0.0,807.0,83134.5,2085,3,0.156,12950.16
Boston,MA,Townhouse,6,70.9,60.4,0.0,177.7,21014.0,2187,2,0.252,5292.54
Houston,TX,Townhouse,5,85.8,77.0,0.0,622.8,62811.7,2018,4,0.12,7524.78
Seattle,WA,Townhouse,12,43.1,68.0,657.5,0.0,60592.3,1496,1,0.11,6659.04
New York,NY,Apartment,12,29.6,41.2,1061.9,0.0,64325.2,1191,2,0.198,12728.15
Boston,MA,House,8,75.1,38.1,0.0,303.2,49572.4,2921,4,0.252,12474.94
New York,NY,Apartment,2,34.1,36.0,927.3,0.0,32192.4,681,1,0.198,6393.0
Denver,CO,Townhouse,9,74.9,30.4,0.0,298.0,31334.3,2016,4,0.12,3761.59
Los Angeles,CA,House,10,61.8,59.7,95.6,0.0,19086.9,2557,4,0.22,4186.95
Los Angeles,CA,Condo,10,61.4,77.1,106.8,0.0,9637.1,1409,2,0.22,2132.23
Boston,MA,Condo,12,36.5,68.3,854.2,0.0,58498.2,1218,2,0.231,13498.97
Los Angeles,CA,Condo,1,42.3,75.6,681.4,0.0,38877.3,1008,2,0.242,9397.42
Miami,FL,Large House,12,59.5,63.2,165.6,0.0,52456.6,3790,5,0.121,6352.67
Miami,FL,Townhouse,9,83.3,70.3,0.0,548.4,37900.8,1379,2,0.11,4158.39
Miami,FL,Townhouse,6,83.5,70.5,0.0,554.1,55904.7,2016,3,0.132,7371.64
Miami,FL,Townhouse,11,73.4,82.2,0.0,251.9,22211.5,1678,2,0.11,2426.33
Chicago,IL,Condo,3,39.9,62.2,754.4,0.0,65098.9,1530,2,0.14,9123.08
Boston,MA,Large House,12,32.5,84.1,974.8,0.0,347148.6,4670,1,0.231,80179.57
Phoenix,AZ,Condo,8,87.9,80.0,0.0,687.5,30406.8,973,1,0.156,4750.86
Los Angeles,CA,House,6,72.6,33.6,0.0,226.5,38168.8,2962,1,0.264,10080.83
Seattle,WA,Condo,1,47.1,41.7,535.6,0.0,32384.3,1061,2,0.11,3582.05
Houston,TX,Townhouse,12,67.3,46.0,0.0,68.9,7942.4,1758,3,0.132,1041.64
Houston,TX,Townhouse,1,62.1,72.9,85.6,0.0,7633.1,1236,1,0.132,1006.54
Phoenix,AZ,Large House,2,63.5,40.3,46.4,0.0,22663.1,4725,4,0.143,3257.49
Miami,FL,Townhouse,5,85.3,42.6,0.0,607.8,49453.5,1637,1,0.11,5434.35
Los Angeles,CA,House,10,61.5,77.1,104.9,0.0,21933.6,2768,2,0.22,4831.06
Miami,FL,Condo,11,67.5,57.4,0.0,74.1,5950.0,1410,1,0.11,660.94
Denver,CO,House,10,61.3,65.2,112.3,0.0,22865.2,2663,5,0.12,2730.03
Atlanta,GA,Apartment,5,64.8,38.0,6.4,0.0,1015.2,822,1,0.13,122.94
Boston,MA,Condo,5,60.4,35.4,139.1,0.0,10262.5,1185,1,0.21,2159.06
Seattle,WA,Townhouse,3,56.0,79.9,268.6,0.0,25322.6,1474,1,0.1,2535.96
Chicago,IL,Large House,4,56.9,39.1,242.3,0.0,68223.2,3487,5,0.14,9557.1
Denver,CO,House,1,49.4,64.0,466.9,0.0,72611.4,2302,2,0.132,9585.39
Denver,CO,Apartment,12,43.7,37.3,639.7,0.0,35929.8,1091,1,0.132,4723.33
Houston,TX,Condo,1,63.9,53.2,32.5,0.0,2273.5,816,1,0.132,284.69
New York,NY,Large House,11,48.7,85.2,489.6,0.0,161049.2,4222,6,0.18,28997.45
Los Angeles,CA,Apartment,9,66.9,53.0,0.0,56.8,1815.8,585,1,0.22,381.95
Houston,TX,Large House,5,83.5,68.5,0.0,555.0,169440.5,4901,3,0.12,20333.28
New York,NY,House,5,61.9,48.6,91.5,0.0,16838.3,2362,2,0.18,3034.45
Los Angeles,CA,Apartment,1,44.6,75.1,612.9,0.0,22288.6,703,1,0.242,5373.97
Phoenix,AZ,Townhouse,12,63.4,34.5,48.7,0.0,7143.5,1802,2,0.143,1029.09
Seattle,WA,House,11,51.7,34.4,399.4,0.0,62649.0,2298,4,0.1,6260.62
Miami,FL,Townhouse,2,67.0,83.5,0.0,61.2,7713.6,1925,1,0.121,952.82
New York,NY,House,9,68.0,79.1,0.0,89.6,12545.9,2163,1,0.18,2249.02
Atlanta,GA,House,1,40.2,76.4,745.5,0.0,127908.4,2570,5,0.143,18288.1
Denver,CO,Condo,5,62.8,73.5,66.6,0.0,6335.0,1367,1,0.12,756.41
Seattle,WA,Large House,8,74.3,62.4,0.0,278.4,82641.6,4607,1,0.12,9917.79
Atlanta,GA,Apartment,8,76.8,34.4,0.0,354.5,15699.3,1041,2,0.156,2461.21
Seattle,WA,Condo,6,71.7,83.8,0.0,200.8,12295.0,1264,1,0.12,1479.18
Chicago,IL,Apartment,2,35.8,75.8,875.6,0.0,28381.5,635,1,0.154,4384.72
Denver,CO,Large House,9,68.8,48.2,0.0,114.0,38023.7,4701,2,0.12,4577.03
Atlanta,GA,Townhouse,3,54.8,51.7,304.8,0.0,41756.9,2163,1,0.13,5447.26
Los Angeles,CA,House,8,76.1,70.3,0.0,331.8,44865.0,2435,3,0.264,11836.24
Atlanta,GA,Condo,2,45.8,66.5,575.9,0.0,29362.4,898,1,0.143,4216.42
Seattle,WA,Townhouse,3,53.0,58.7,359.1,0.0,30861.7,1366,1,0.1,3069.15
New York,NY,Townhouse,12,30.7,37.9,1030.1,0.0,122570.5,1948,2,0.198,24262.81
Phoenix,AZ,Townhouse,8,89.2,76.8,0.0,725.7,73528.4,2053,1,0.156,11484.22
Chicago,IL,Condo,6,76.1,31.1,0.0,333.1,20478.0,1308,1,0.168,3422.84
Seattle,WA,Condo,12,44.8,33.2,607.5,0.0,39588.6,1150,2,0.11,4367.84
Phoenix,AZ,House,3,74.2,66.7,0.0,275.9,39261.2,2530,2,0.13,5119.37
Phoenix,AZ,Apartment,1,62.2,86.7,83.9,0.0,3116.9,591,1,0.143,433.02
Phoenix,AZ,House,4,80.9,34.3,0.0,478.1,43836.4,1684,1,0.13,5700.43
Miami,FL,Apartment,8,93.9,86.6,0.0,865.9,20220.3,567,1,0.132,2679.2
New York,NY,Apartment,2,36.7,66.6,847.6,0.0,47247.7,1088,2,0.198,9370.47
Los Angeles,CA,Apartment,6,66.8,82.8,0.0,54.3,2198.4,690,1,0.264,569.47
Boston,MA,Apartment,10,52.4,57.7,376.8,0.0,12713.3,639,1,0.21,2673.54
New York,NY,Apartment,8,80.8,64.4,0.0,473.2,15094.5,762,1,0.216,3268.86
Phoenix,AZ,Condo,11,70.1,63.3,0.0,154.0,7278.3,944,1,0.13,960.48
Miami,FL,Condo,10,84.6,76.0,0.0,587.0,28591.6,1063,2,0.11,3154.39
Atlanta,GA,Large House,3,55.0,78.7,298.6,0.0,93902.7,3971,2,0.13,12223.42
Los Angeles,CA,Apartment,5,60.5,76.5,133.9,0.0,6427.8,840,1,0.22,1410.25
Chicago,IL,Apartment,8,81.7,77.0,0.0,501.2,16888.1,803,1,0.168,2834.71
Denver,CO,Condo,6,71.3,54.3,0.0,189.0,8846.0,955,1,0.144,1275.65
New York,NY,House,8,77.5,89.4,0.0,374.4,39372.6,1896,3,0.216,8520.12
Denver,CO,Large House,4,62.7,49.1,69.7,0.0,26876.3,4120,3,0.12,3242.0
Phoenix,AZ,House,3,68.3,33.2,0.0,99.3,16353.7,2606,1,0.13,2143.06
New York,NY,House,6,72.5,51.9,0.0,225.7,31279.5,2419,3,0.216,6744.62
Chicago,IL,Apartment,10,61.0,49.5,119.3,0.0,3621.2,534,1,0.14,512.12
Phoenix,AZ,Apartment,11,74.9,36.0,0.0,296.8,14135.3,1114,1,0.13,1821.59
Denver,CO,House,2,44.4,78.3,617.3,0.0,112550.4,2730,1,0.132,14854.46
Seattle,WA,Apartment,11,55.3,54.4,289.8,0.0,10538.3,681,1,0.1,1070.6
Miami,FL,Townhouse,12,65.8,89.9,0.0,24.8,4847.5,2163,1,0.121,593.22
Chicago,IL,House,6,72.6,87.7,0.0,227.2,40491.3,3107,5,0.168,6816.93
New York,NY,Apartment,6,71.1,73.2,0.0,184.4,5048.0,613,1,0.216,1105.51
Atlanta,GA,Townhouse,8,72.4,56.3,0.0,221.9,21729.4,1848,3,0.156,3403.18
Los Angeles,CA,House,12,46.6,63.0,550.9,0.0,69895.6,1891,1,0.242,16923.07
Atlanta,GA,Townhouse,11,55.7,79.8,280.1,0.0,21844.2,1228,1,0.13,2859.05
Phoenix,AZ,Large House,4,78.7,30.7,0.0,411.9,129682.8,4986,3,0.13,16861.92
New York,NY,Townhouse,6,77.8,55.7,0.0,383.5,25860.5,1329,1,0.216,5593.81
Phoenix,AZ,Apartment,2,66.3,84.6,0.0,38.1,2741.1,1055,2,0.143,411.6
Miami,FL,Large House,10,84.6,51.6,0.0,588.0,176391.0,4826,2,0.11,19392.75
Miami,FL,Large House,6,86.6,34.2,0.0,648.4,132405.8,3300,1,0.132,17496.12
Atlanta,GA,Large House,1,44.0,55.7,630.7,0.0,209703.7,4319,1,0.143,30000.61
New York,NY,Apartment,9,68.8,32.6,0.0,113.3,4914.8,896,1,0.18,874.33
Boston,MA,Large House,5,61.3,83.4,112.4,0.0,43430.1,4422,6,0.21,9108.08
Phoenix,AZ,Townhouse,10,83.6,31.2,0.0,558.6,53400.4,1915,2,0.13,6940.38
Chicago,IL,Townhouse,6,70.6,50.9,0.0,168.2,10935.0,1208,1,0.168,1836.81
Seattle,WA,Townhouse,5,60.8,36.3,124.9,0.0,11517.2,1333,2,0.1,1139.07
New York,NY,Condo,11,42.2,43.3,684.3,0.0,53463.8,1386,1,0.18,9607.3
New York,NY,Apartment,10,60.4,32.8,138.3,0.0,4215.5,540,1,0.18,764.28
Denver,CO,Large House,7,72.4,39.1,0.0,222.9,59480.6,4045,3,0.144,8548.75
Seattle,WA,House,4,59.2,30.4,175.1,0.0,39185.4,3127,2,0.1,3911.92
Boston,MA,Townhouse,10,56.5,81.4,254.7,0.0,29159.5,1769,3,0.21,6107.01
Atlanta,GA,Large House,7,74.0,43.9,0.0,268.6,63358.2,3638,2,0.156,9880.64
Chicago,IL,Apartment,12,31.7,61.2,999.0,0.0,32698.1,644,1,0.154,5033.99
Boston,MA,Apartment,12,28.0,56.7,1109.7,0.0,62492.9,1110,1,0.231,14429.63
Chicago,IL,Condo,12,28.1,41.3,1108.2,0.0,97379.8,1569,3,0.154,14983.22
Atlanta,GA,Condo,2,48.2,84.6,503.3,0.0,33316.0,1161,1,0.143,4771.64
Atlanta,GA,Apartment,7,75.0,42.7,0.0,300.9,7879.5,608,1,0.156,1231.22
Los Angeles,CA,Large House,6,70.6,88.4,0.0,169.1,48095.8,4165,6,0.264,12704.93
Seattle,WA,Large House,9,65.5,89.5,0.0,15.1,7378.2,3091,6,0.1,727.27
Denver,CO,Large House,4,62.8,66.5,66.3,0.0,20037.7,3137,5,0.12,2420.87
Boston,MA,Condo,9,73.6,48.7,0.0,258.4,13386.3,1082,2,0.21,2794.97
Denver,CO,Condo,3,48.6,33.2,491.2,0.0,43166.1,1539,2,0.12,5184.53
Denver,CO,Condo,11,55.6,39.3,281.3,0.0,16965.2,1034,1,0.12,2026.93
Boston,MA,Townhouse,11,49.2,81.6,472.6,0.0,41683.9,1416,1,0.21,8736.25
Miami,FL,Large House,10,82.0,70.4,0.0,510.3,142104.4,4455,2,0.11,15640.88
Chicago,IL,Apartment,11,42.8,72.9,666.9,0.0,24341.1,712,1,0.14,3421.85
Chicago,IL,House,8,79.0,36.2,0.0,418.6,51212.8,2235,2,0.168,8591.52
Chicago,IL,Large House,2,35.9,54.4,874.1,0.0,257779.1,3855,3,0.154,39678.1
New York,NY,Townhouse,12,37.3,56.4,829.5,0.0,102304.2,2012,2,0.198,20252.15
Atlanta,GA,Apartment,10,58.3,34.3,200.4,0.0,11365.3,1050,1,0.13,1463.96
Atlanta,GA,Apartment,7,74.7,52.7,0.0,290.9,15032.5,1199,1,0.156,2359.5
Chicago,IL,Large House,12,30.2,86.6,1044.5,0.0,394941.5,4957,5,0.154,60810.9
Denver,CO,Townhouse,2,46.9,39.1,542.4,0.0,61606.5,1834,2,0.132,8146.8
Los Angeles,CA,House,8,69.6,54.4,0.0,136.8,12922.7,1528,3,0.264,3430.35
Seattle,WA,House,8,72.8,72.0,0.0,234.9,45993.7,3453,1,0.12,5502.6
Denver,CO,House,6,69.0,47.2,0.0,121.0,16601.5,2240,1,0.144,2380.81
New York,NY,House,7,80.8,66.3,0.0,475.5,59480.2,2301,2,0.216,12836.71
Seattle,WA,Townhouse,1,46.0,40.0,568.6,0.0,53231.7,1509,3,0.11,5869.34
Seattle,WA,Condo,7,73.0,38.8,0.0,238.7,10523.7,920,1,0.12,1259.28
Chicago,IL,Townhouse,11,43.2,70.4,653.8,0.0,71336.0,1768,3,0.14,9987.63
Denver,CO,Apartment,9,72.4,85.8,0.0,222.0,9747.1,1004,1,0.12,1159.25
Phoenix,AZ,Apartment,11,68.6,42.1,0.0,109.1,5925.7,1115,2,0.13,759.91
Chicago,IL,Townhouse,8,80.9,70.0,0.0,476.7,52591.8,2197,2,0.168,8824.85
Houston,TX,Townhouse,4,79.1,44.5,0.0,422.7,46187.3,2172,1,0.12,5555.85
Denver,CO,House,7,79.8,46.0,0.0,444.0,37903.4,1557,2,0.144,5469.22
Seattle,WA,Large House,11,52.3,57.2,380.8,0.0,106252.7,3550,4,0.1,10641.07
Phoenix,AZ,Townhouse,4,75.4,63.9,0.0,311.0,25144.7,1569,1,0.13,3259.64
Seattle,WA,Large House,9,69.3,84.4,0.0,129.3,33948.2,3782,1,0.1,3381.9
Phoenix,AZ,Townhouse,1,66.1,64.4,0.0,32.5,4848.1,1748,3,0.143,710.76
Phoenix,AZ,Large House,2,61.9,53.9,94.4,0.0,39026.3,4668,3,0.143,5592.22
Miami,FL,Large House,7,95.4,40.9,0.0,913.3,214034.6,3813,3,0.132,28242.15
Boston,MA,Townhouse,3,44.8,65.3,606.9,0.0,54171.3,1445,2,0.21,11363.23
Los Angeles,CA,Townhouse,1,46.5,65.0,554.8,0.0,64678.6,1883,2,0.242,15668.11
Seattle,WA,Apartment,5,61.1,78.6,116.0,0.0,5527.0,824,1,0.1,549.21
Boston,MA,Condo,2,27.3,68.7,1131.0,0.0,94594.7,1497,1,0.231,21851.21
Denver,CO,Townhouse,3,47.8,73.8,516.2,0.0,43056.2,1345,1,0.12,5183.39
Denver,CO,Townhouse,6,69.6,88.2,0.0,138.8,10443.9,1360,1,0.144,1519.78
Seattle,WA,Large House,8,77.4,69.0,0.0,373.2,83798.1,3531,3,0.12,10037.72
Boston,MA,Condo,11,46.9,54.7,542.5,0.0,29784.8,967,1,0.21,6264.48
Chicago,IL,Condo,8,73.3,55.8,0.0,249.6,15358.2,1273,2,0.168,2576.44
Houston,TX,House,1,66.1,68.7,0.0,33.3,4959.4,1728,2,0.132,665.17
Miami,FL,Condo,8,86.2,86.2,0.0,637.4,39094.3,1349,1,0.132,5161.21
New York,NY,Apartment,1,31.6,40.7,1003.1,0.0,33401.1,655,1,0.198,6605.79
Miami,FL,House,11,67.2,31.6,0.0,66.0,14678.4,3234,2,0.11,1633.33
Los Angeles,CA,Condo,7,74.9,39.9,0.0,298.3,18798.8,1341,1,0.264,4947.74
Seattle,WA,Large House,6,67.5,76.5,0.0,76.3,22307.2,3718,6,0.12,2685.7
Atlanta,GA,Condo,10,65.6,77.0,0.0,16.8,2796.1,1543,3,0.13,372.26
Atlanta,GA,Townhouse,11,58.1,38.9,207.1,0.0,25474.3,1899,1,0.13,3319.39
Boston,MA,Condo,12,36.9,66.2,841.9,0.0,67519.8,1430,1,0.231,15588.56
Boston,MA,Condo,6,71.3,55.6,0.0,188.0,9537.6,1030,1,0.252,2422.36
Boston,MA,House,2,32.5,57.5,974.6,0.0,216357.5,3358,1,0.231,49974.15
Boston,MA,Apartment,9,67.8,35.9,0.0,84.3,2861.2,662,1,0.21,587.09
Los Angeles,CA,Townhouse,11,57.9,63.5,212.1,0.0,28515.6,2065,2,0.22,6291.9
Los Angeles,CA,House,11,53.3,72.4,349.6,0.0,74990.3,3125,6,0.22,16512.26
Seattle,WA,House,4,60.5,37.9,133.9,0.0,21543.3,2164,4,0.1,2173.13
Houston,TX,Condo,3,71.3,75.3,0.0,190.4,9002.9,965,1,0.12,1100.24
Miami,FL,Large House,11,71.7,73.0,0.0,199.8,63674.6,4757,6,0.11,7011.62
Chicago,IL,Condo,12,28.6,41.0,1092.9,0.0,71164.4,1162,2,0.154,10979.04
Miami,FL,Condo,6,92.0,44.5,0.0,810.1,53914.6,1471,1,0.132,7128.34
Boston,MA,Condo,2,32.3,46.3,980.5,0.0,80332.4,1463,1,0.231,18556.45
Los Angeles,CA,Condo,1,42.3,63.5,681.3,0.0,49920.4,1297,2,0.242,12065.62
Denver,CO,Townhouse,3,49.2,53.1,474.1,0.0,35767.9,1213,1,0.12,4274.44
Phoenix,AZ,House,4,77.6,53.2,0.0,377.1,55589.3,2669,4,0.13,7217.68
Boston,MA,Apartment,6,74.7,78.0,0.0,290.6,10449.7,826,1,0.252,2639.71
Miami,FL,Apartment,7,87.8,76.0,0.0,683.2,21907.2,774,1,0.132,2884.95
Phoenix,AZ,Apartment,10,80.8,52.6,0.0,472.9,23578.7,1186,1,0.13,3068.87
Boston,MA,Large House,8,72.6,78.2,0.0,228.1,55907.7,3732,2,0.252,14069.47
Chicago,IL,House,3,37.7,82.0,818.7,0.0,155564.5,2865,1,0.14,21764.47
Los Angeles,CA,Condo,5,64.7,75.1,8.5,0.0,1276.4,875,1,0.22,298.67
Seattle,WA,House,9,69.1,64.0,0.0,121.8,20137.7,2660,4,0.1,2002.4
Chicago,IL,House,8,74.3,77.9,0.0,279.4,52445.1,3329,4,0.168,8798.19
Boston,MA,House,11,44.6,50.3,611.9,0.0,125235.8,3065,1,0.21,26300.74
Atlanta,GA,House,11,52.5,80.4,374.3,0.0,66944.2,2615,4,0.13,8720.37
Atlanta,GA,Townhouse,4,59.3,52.9,171.0,0.0,14870.5,1318,1,0.13,1914.4
Denver,CO,Large House,11,51.3,38.7,410.0,0.0,117980.6,3685,2,0.12,14161.12
Miami,FL,Apartment,6,85.7,47.0,0.0,621.7,25718.5,997,1,0.132,3406.82
Phoenix,AZ,House,1,57.0,55.3,239.6,0.0,49261.5,2956,1,0.143,7040.21
Phoenix,AZ,Large House,11,71.0,47.9,0.0,178.9,55027.0,4561,4,0.13,7151.51
Phoenix,AZ,Apartment,7,95.9,55.6,0.0,927.2,26945.9,706,1,0.156,4193.83
Miami,FL,Apartment,1,60.5,71.9,134.1,0.0,6968.6,916,1,0.121,824.7
Seattle,WA,Townhouse,10,58.9,57.9,184.1,0.0,19913.6,1636,3,0.1,2006.67
Atlanta,GA,Townhouse,3,50.8,49.3,426.0,0.0,47523.5,1782,3,0.13,6172.9
Boston,MA,Apartment,3,38.1,61.7,807.0,0.0,36138.3,876,1,0.21,7596.03
Seattle,WA,Townhouse,4,59.1,85.0,175.8,0.0,14992.5,1280,2,0.1,1501.64
Atlanta,GA,Townhouse,10,66.2,54.8,0.0,36.8,4593.2,1602,2,0.13,589.05
Miami,FL,Townhouse,5,80.1,45.4,0.0,452.2,44528.8,1963,1,0.11,4914.04
Atlanta,GA,Apartment,7,77.5,44.5,0.0,375.9,17291.3,1083,1,0.156,2711.75
Phoenix,AZ,Large House,8,91.7,46.2,0.0,802.5,177097.9,3583,2,0.156,27607.95
Denver,CO,Condo,3,52.9,60.0,362.0,0.0,21428.8,1029,1,0.12,2580.37
Houston,TX,Large House,11,72.4,82.9,0.0,222.8,68847.1,4674,5,0.12,8279.01
Los Angeles,CA,Condo,3,57.0,75.6,240.7,0.0,12889.9,906,1,0.22,2818.22
Chicago,IL,Apartment,8,75.3,84.0,0.0,308.0,7242.0,544,1,0.168,1204.37
Seattle,WA,Townhouse,6,67.3,76.7,0.0,69.6,7503.6,1683,3,0.12,880.83
Phoenix,AZ,Townhouse,10,78.8,33.8,0.0,414.5,34547.2,1643,2,0.13,4480.07
New York,NY,Apartment,3,38.4,36.9,799.1,0.0,35358.7,864,1,0.18,6363.03
Seattle,WA,Townhouse,9,68.9,49.8,0.0,117.5,13017.6,1923,3,0.1,1308.86
Boston,MA,Apartment,9,73.2,66.6,0.0,246.8,10220.9,940,1,0.21,2136.83
Miami,FL,Large House,5,84.0,53.8,0.0,568.7,120035.7,3387,3,0.11,13186.83
Denver,CO,Large House,6,69.0,41.0,0.0,119.0,26200.7,3098,2,0.144,3759.2
Chicago,IL,Apartment,4,53.6,41.0,342.7,0.0,12619.4,699,1,0.14,1772.96
New York,NY,Townhouse,4,56.1,54.9,265.7,0.0,32051.5,1879,2,0.18,5776.26
Seattle,WA,Large House,1,47.9,89.3,512.6,0.0,122322.4,3066,5,0.11,13463.89
Chicago,IL,Large House,5,69.6,39.2,0.0,137.8,36604.7,3781,5,0.14,5108.24
Boston,MA,House,5,62.6,89.6,71.0,0.0,9438.6,1631,2,0.21,1995.75
New York,NY,Condo,4,58.5,39.8,195.8,0.0,15999.4,1349,2,0.18,2884.27
Phoenix,AZ,House,7,91.5,50.2,0.0,794.5,93178.6,2192,2,0.156,14552.75
Chicago,IL,Condo,4,55.2,44.0,292.9,0.0,15940.3,936,1,0.14,2217.02
Seattle,WA,Large House,2,51.8,43.8,396.7,0.0,106740.0,3441,2,0.11,11731.54
Boston,MA,House,2,28.2,84.1,1103.1,0.0,219287.8,3003,6,0.231,50650.1
New York,NY,House,7,80.1,50.8,0.0,452.9,44340.5,1790,2,0.216,9567.5
New York,NY,Condo,5,62.1,34.7,86.8,0.0,8540.0,1457,2,0.18,1553.6
Atlanta,GA,Large House,5,60.7,31.7,128.8,0.0,51285.4,4671,4,0.13,6683.81
Chicago,IL,Apartment,3,41.6,86.8,702.5,0.0,38087.1,1053,2,0.14,5344.57
New York,NY,Apartment,8,78.6,37.9,0.0,408.6,11427.7,666,1,0.216,2463.31
Boston,MA,House,5,64.6,76.6,11.2,0.0,5618.0,2852,5,0.21,1196.48
Boston,MA,Townhouse,5,66.2,79.9,0.0,36.7,4623.5,1623,1,0.21,958.25
Phoenix,AZ,Apartment,7,92.4,85.2,0.0,821.0,29232.0,868,1,0.156,4567.29
Chicago,IL,Townhouse,9,65.8,49.0,0.0,24.0,4444.8,2093,1,0.14,640.5
Miami,FL,House,7,89.8,45.3,0.0,744.5,121984.5,3052,5,0.132,16111.53
Houston,TX,House,4,75.5,76.2,0.0,315.4,48732.0,2784,2,0.12,5835.29
Chicago,IL,Apartment,2,32.3,88.0,980.7,0.0,27318.7,548,1,0.154,4214.95
Denver,CO,House,12,48.7,83.5,489.1,0.0,90729.3,2757,1,0.132,11974.44
New York,NY,House,5,68.0,86.0,0.0,89.4,16758.1,2920,1,0.18,3010.56
Atlanta,GA,Large House,10,60.5,65.9,133.5,0.0,40362.2,3515,6,0.13,5262.98
Los Angeles,CA,House,2,44.4,59.5,617.4,0.0,76393.6,1853,1,0.242,18477.44
Houston,TX,Large House,8,86.2,81.4,0.0,636.4,133040.7,3372,2,0.144,19142.38
Chicago,IL,House,11,45.9,68.8,572.7,0.0,82956.1,2156,3,0.14,11601.55
Houston,TX,Apartment,12,61.0,47.4,119.3,0.0,7176.8,1052,1,0.132,962.43
New York,NY,Townhouse,9,69.1,64.8,0.0,122.6,14543.7,2060,4,0.18,2608.7
New York,NY,Condo,1,30.7,71.1,1030.2,0.0,68206.2,1183,2,0.198,13515.46
Miami,FL,Condo,11,68.6,72.1,0.0,107.2,7197.9,1258,2,0.11,788.85
Houston,TX,Condo,10,79.1,46.1,0.0,424.2,30663.6,1558,2,0.12,3679.56
Miami,FL,Condo,3,65.2,34.8,0.0,5.3,1387.0,1167,1,0.11,154.28
Chicago,IL,Large House,3,40.7,73.5,729.3,0.0,171662.2,3056,6,0.14,24036.41
Los Angeles,CA,Apartment,6,66.4,65.5,0.0,42.6,2367.3,920,1,0.264,631.56
Atlanta,GA,House,4,57.6,73.2,221.0,0.0,37042.4,2392,2,0.13,4811.86
Atlanta,GA,Townhouse,11,49.4,52.6,467.2,0.0,57546.4,1982,1,0.13,7471.4
Denver,CO,Apartment,11,50.0,42.3,450.9,0.0,27760.2,1184,2,0.12,3337.41
New York,NY,Apartment,5,67.0,39.4,0.0,61.3,3699.2,1087,1,0.18,649.21
Chicago,IL,Apartment,3,44.5,60.7,615.2,0.0,18425.3,578,1,0.14,2564.05
Miami,FL,Large House,3,70.4,62.1,0.0,163.0,53202.8,4781,4,0.11,5844.23
New York,NY,Apartment,10,54.6,62.2,311.4,0.0,10095.0,612,1,0.18,1836.66
Chicago,IL,Apartment,1,28.7,60.1,1089.0,0.0,49745.5,897,1,0.154,7658.5
Denver,CO,House,4,58.2,76.6,203.8,0.0,46236.1,3203,3,0.12,5553.84
Phoenix,AZ,House,12,65.0,73.5,1.3,0.0,2470.2,2136,1,0.143,359.58
Los Angeles,CA,Large House,3,55.1,40.7,297.4,0.0,105465.3,4464,4,0.22,23183.05
Los Angeles,CA,Apartment,5,64.3,77.8,20.4,0.0,1237.5,667,1,0.22,281.56
Denver,CO,Large House,12,42.9,81.8,663.0,0.0,243199.2,4773,1,0.132,32115.31
Seattle,WA,Large House,10,59.8,71.4,156.7,0.0,55275.3,4216,5,0.1,5513.97
Houston,TX,Apartment,12,59.6,82.5,162.9,0.0,9583.8,1062,1,0.132,1245.9
Chicago,IL,Apartment,1,32.4,74.9,979.1,0.0,25234.8,505,1,0.154,3873.89
Seattle,WA,Condo,2,49.3,49.6,470.5,0.0,21530.3,803,1,0.11,2358.1
Denver,CO,Condo,9,74.4,63.2,0.0,280.6,20225.5,1526,1,0.12,2423.78
Atlanta,GA,Condo,11,56.7,33.7,249.8,0.0,23667.5,1597,3,0.13,3078.13
Seattle,WA,Condo,8,78.3,81.5,0.0,400.1,29247.7,1574,2,0.12,3511.96
Houston,TX,Large House,10,81.7,83.0,0.0,502.0,151740.0,4828,4,0.12,18221.38
Seattle,WA,Apartment,9,73.8,87.8,0.0,265.0,9803.6,844,1,0.1,990.36
Seattle,WA,Condo,7,72.5,63.1,0.0,224.3,13803.5,1265,1,0.12,1640.77
Los Angeles,CA,Condo,3,49.0,43.5,479.7,0.0,40451.4,1479,1,0.22,8883.28
Denver,CO,Large House,12,45.5,41.2,585.2,0.0,225257.0,4988,2,0.132,29743.06
Los Angeles,CA,Large House,8,78.4,74.2,0.0,401.4,93624.3,3666,6,0.264,24713.06
Boston,MA,House,7,74.4,75.3,0.0,283.0,27128.4,1694,3,0.252,6849.37
Chicago,IL,Apartment,11,48.6,78.8,493.1,0.0,26803.2,1051,1,0.14,3735.45
Chicago,IL,House,10,53.2,85.1,355.0,0.0,58670.8,2410,4,0.14,8208.01
Atlanta,GA,House,10,63.4,62.5,47.0,0.0,13911.4,3247,5,0.13,1814.92
Chicago,IL,Apartment,12,31.8,71.8,996.9,0.0,33287.5,654,1,0.154,5127.63
Chicago,IL,Large House,6,70.4,56.9,0.0,161.5,45601.6,4177,1,0.168,7661.35
Atlanta,GA,Condo,6,72.0,70.3,0.0,210.7,11636.7,1133,1,0.156,1795.68
Boston,MA,Townhouse,3,37.2,46.1,833.3,0.0,91718.2,1793,3,0.21,19271.41
Seattle,WA,House,10,64.6,64.4,10.7,0.0,3788.1,2123,1,0.1,359.67
New York,NY,Large House,10,58.9,59.9,184.2,0.0,59560.7,3936,3,0.18,10728.35
Atlanta,GA,Townhouse,7,79.5,41.6,0.0,436.1,32585.5,1482,1,0.156,5083.51
Phoenix,AZ,Apartment,7,89.9,57.5,0.0,746.7,30028.4,973,1,0.156,4678.17
Seattle,WA,Large House,9,66.1,52.8,0.0,32.0,15341.5,4655,5,0.1,1535.5
Phoenix,AZ,Townhouse,6,89.6,60.9,0.0,738.9,44173.7,1210,1,0.156,6871.5
Chicago,IL,Apartment,1,24.4,57.5,1218.1,0.0,41237.8,667,1,0.154,6342.22
Atlanta,GA,Apartment,1,42.7,80.0,668.8,0.0,36265.1,1057,1,0.143,5170.08
Houston,TX,Apartment,9,90.7,78.3,0.0,772.5,33413.5,1052,1,0.12,4001.83
Denver,CO,Large House,4,60.4,45.7,138.9,0.0,50403.0,4267,5,0.12,6068.16
Denver,CO,Townhouse,7,70.1,85.5,0.0,154.4,17688.8,2086,2,0.144,2542.01
New York,NY,Apartment,1,29.8,73.2,1056.1,0.0,38586.8,717,1,0.198,7636.33
Atlanta,GA,Large House,6,66.2,88.1,0.0,35.2,14579.1,4321,2,0.156,2266.05
Denver,CO,Townhouse,10,66.8,69.9,0.0,53.6,5252.9,1396,2,0.12,622.11
Boston,MA,Large House,1,32.1,84.7,985.8,0.0,303351.4,4029,4,0.231,70075.41
Chicago,IL,House,11,40.3,67.9,740.6,0.0,154745.1,3145,1,0.14,21659.21
Los Angeles,CA,Apartment,4,56.0,88.1,269.1,0.0,11102.3,777,1,0.22,2446.31
New York,NY,House,8,81.5,63.5,0.0,496.4,55820.3,2061,3,0.216,12069.92
Miami,FL,Condo,5,78.4,76.7,0.0,402.5,15631.4,839,1,0.11,1735.87
Atlanta,GA,Large House,7,71.4,85.9,0.0,191.1,61266.8,4786,4,0.156,9544.99
Chicago,IL,Apartment,10,54.4,85.9,319.2,0.0,8644.3,508,1,0.14,1201.99
New York,NY,Townhouse,8,81.0,48.2,0.0,480.2,36550.4,1514,2,0.216,7906.31
Miami,FL,Large House,4,74.3,35.8,0.0,277.9,76266.1,4230,4,0.11,8378.54
Houston,TX,Townhouse,1,66.7,47.2,0.0,50.8,5945.8,1700,1,0.132,773.58
Chicago,IL,Large House,1,25.5,37.7,1185.3,0.0,271660.8,3006,6,0.154,41819.42
Los Angeles,CA,House,4,54.4,88.2,317.0,0.0,74165.2,3390,6,0.22,16313.37
Phoenix,AZ,Large House,11,68.5,50.8,0.0,103.9,31473.5,4117,6,0.13,4098.56
Denver,CO,Townhouse,3,48.7,80.5,488.9,0.0,42125.7,1385,2,0.12,5069.46
Los Angeles,CA,House,2,47.9,66.9,513.2,0.0,87341.8,2528,3,0.242,21118.91
New York,NY,Large House,11,43.1,35.6,657.4,0.0,156813.8,3096,3,0.18,28218.77
Boston,MA,Condo,6,72.6,38.5,0.0,227.0,15888.0,1453,1,0.252,4004.94
Phoenix,AZ,Apartment,8,91.8,72.1,0.0,804.2,20668.5,621,1,0.156,3222.66
Phoenix,AZ,Townhouse,10,78.3,59.3,0.0,400.0,28512.9,1408,1,0.13,3695.57
Los Angeles,CA,Large House,4,61.7,34.1,97.8,0.0,33065.7,3862,1,0.22,7287.47
Denver,CO,Large House,3,52.1,60.4,386.1,0.0,117059.8,3874,1,0.12,14059.66
Denver,CO,Apartment,6,71.4,41.8,0.0,193.0,5833.4,678,1,0.144,842.2
Chicago,IL,Townhouse,11,41.8,56.7,695.5,0.0,54164.2,1264,2,0.14,7576.06
Houston,TX,Townhouse,12,67.1,77.1,0.0,63.7,5895.8,1431,2,0.132,778.72
Los Angeles,CA,Townhouse,7,71.9,46.8,0.0,206.4,20885.5,1902,2,0.264,5497.27
Boston,MA,House,12,33.9,53.8,932.3,0.0,140569.3,2275,2,0.231,32491.0
Houston,TX,Condo,7,95.9,67.7,0.0,926.6,39205.6,939,1,0.144,5664.48
Miami,FL,Apartment,10,81.9,36.7,0.0,506.8,23308.8,1101,1,0.11,2566.14
Boston,MA,Condo,10,60.3,71.0,140.2,0.0,7097.0,817,1,0.21,1474.18
Los Angeles,CA,Large House,10,62.2,84.3,83.4,0.0,29440.5,3838,6,0.22,6468.71
Phoenix,AZ,Large House,9,89.5,84.1,0.0,735.3,164342.0,3609,5,0.13,21373.43
Atlanta,GA,Townhouse,8,77.2,83.4,0.0,367.2,25740.1,1374,2,0.156,4023.85
Miami,FL,Large House,3,72.4,80.6,0.0,222.6,72499.6,4936,5,0.11,7960.69
Boston,MA,Large House,8,78.1,83.8,0.0,392.8,112190.3,4497,5,0.252,28285.49
Chicago,IL,Townhouse,9,70.4,84.4,0.0,161.8,15406.9,1753,1,0.14,2140.24
New York,NY,Townhouse,10,61.2,45.8,115.2,0.0,13913.9,1741,2,0.18,2488.46
Phoenix,AZ,Condo,7,92.2,53.5,0.0,816.9,48281.2,1308,1,0.156,7515.19
Houston,TX,Apartment,4,78.5,80.9,0.0,405.6,17827.6,1040,2,0.12,2122.59
Houston,TX,Large House,8,86.8,86.7,0.0,653.9,191090.7,4708,5,0.144,27497.52
New York,NY,Large House,11,45.7,80.8,578.1,0.0,218289.1,4877,6,0.18,39289.85
Atlanta,GA,Apartment,6,71.6,55.5,0.0,198.1,7263.9,823,1,0.156,1121.47
Miami,FL,Apartment,11,73.4,62.3,0.0,253.4,12919.0,1172,2,0.11,1429.96
New York,NY,Townhouse,4,49.2,74.7,474.0,0.0,39237.6,1329,2,0.18,7052.41
Atlanta,GA,Apartment,1,48.5,89.1,494.2,0.0,19294.2,754,1,0.143,2764.92
Miami,FL,Townhouse,2,60.4,33.5,137.3,0.0,13576.0,1449,2,0.121,1655.75
Los Angeles,CA,Large House,12,44.8,33.7,605.0,0.0,151487.1,3251,1,0.242,36648.36
Boston,MA,Condo,7,83.3,77.7,0.0,549.8,21953.2,871,1,0.252,5520.43
Seattle,WA,Condo,8,75.9,60.6,0.0,327.1,13568.2,880,1,0.12,1630.91
Houston,TX,Townhouse,4,78.0,67.6,0.0,391.3,39948.8,2017,1,0.12,4812.87
Seattle,WA,Apartment,6,70.5,44.8,0.0,165.1,8730.3,1148,2,0.12,1062.07
Seattle,WA,Condo,10,60.6,77.4,132.9,0.0,10669.8,1299,1,0.1,1062.18
Houston,TX,House,11,72.6,80.3,0.0,228.0,35754.6,2756,1,0.12,4289.42
Chicago,IL,House,1,28.4,55.3,1096.6,0.0,235420.0,3251,2,0.154,36249.8
New York,NY,Townhouse,4,54.2,52.7,323.6,0.0,30678.3,1502,1,0.18,5504.83
Seattle,WA,Apartment,1,49.6,49.4,462.3,0.0,14695.6,607,1,0.11,1609.91
Phoenix,AZ,House,5,86.6,32.2,0.0,649.0,55502.4,1587,2,0.13,7217.19
Chicago,IL,House,4,50.4,55.2,437.2,0.0,44901.5,1516,2,0.14,6303.55
Denver,CO,Apartment,5,65.8,57.2,0.0,22.9,2177.1,1148,2,0.12,264.41
Atlanta,GA,Townhouse,4,58.8,64.5,187.4,0.0,26242.7,2148,1,0.13,3411.37
Phoenix,AZ,Large House,11,75.2,64.2,0.0,306.0,98153.2,4976,6,0.13,12761.38
Phoenix,AZ,Large House,9,90.7,75.3,0.0,771.4,187020.6,3930,3,0.13,24326.91
Houston,TX,Townhouse,9,83.4,59.5,0.0,550.7,54089.9,1966,2,0.12,6506.31
New York,NY,House,9,73.9,77.3,0.0,265.5,52149.4,3465,5,0.18,9400.45
Phoenix,AZ,Apartment,4,76.9,75.6,0.0,357.2,12431.5,812,1,0.13,1616.39
Houston,TX,Large House,8,93.5,87.7,0.0,854.2,205780.0,3907,6,0.144,29621.69
Seattle,WA,Townhouse,8,77.3,35.7,0.0,368.8,31144.7,1660,1,0.12,3741.56
Atlanta,GA,Apartment,6,75.7,41.2,0.0,320.8,9527.0,697,1,0.156,1471.54
Phoenix,AZ,Condo,1,63.6,40.2,43.4,0.0,3675.3,1068,1,0.143,541.35
Atlanta,GA,Apartment,12,46.5,38.0,554.9,0.0,33496.4,1168,2,0.143,4781.17
New York,NY,Apartment,12,29.0,42.9,1080.1,0.0,55287.4,1006,2,0.198,10966.82
Houston,TX,Large House,11,72.2,72.9,0.0,216.4,44851.1,3154,1,0.12,5400.33
Chicago,IL,Condo,5,60.3,73.8,141.6,0.0,11990.5,1357,2,0.14,1664.71
Seattle,WA,Townhouse,10,58.8,52.4,185.0,0.0,19707.4,1616,1,0.1,1984.42
Chicago,IL,Condo,5,68.3,71.6,0.0,99.7,4432.4,814,1,0.14,607.43
Los Angeles,CA,Apartment,9,65.4,48.3,0.0,10.6,1497.2,1136,1,0.22,313.35
Seattle,WA,Condo,1,41.5,54.0,705.2,0.0,51159.9,1286,1,0.11,5614.38
Chicago,IL,Apartment,1,30.8,44.2,1026.2,0.0,58014.9,1108,2,0.154,8930.86
Chicago,IL,Apartment,10,56.1,62.6,267.2,0.0,12312.1,869,1,0.14,1717.25
Boston,MA,Large House,6,70.0,44.6,0.0,148.7,31106.4,3061,1,0.252,7850.72
New York,NY,Apartment,8,72.9,75.2,0.0,236.8,7414.3,721,1,0.216,1599.54
Chicago,IL,Apartment,2,32.7,74.6,970.1,0.0,35051.4,709,1,0.154,5380.93
Seattle,WA,House,3,47.2,79.4,532.5,0.0,67121.7,1880,1,0.1,6729.05
Phoenix,AZ,House,2,65.7,62.8,0.0,20.8,5570.1,2515,1,0.143,779.26
New York,NY,House,5,64.1,89.0,27.9,0.0,6255.7,2127,2,0.18,1115.06
Phoenix,AZ,Townhouse,3,66.4,68.9,0.0,43.3,4358.2,1388,2,0.13,560.26
Houston,TX,Large House,5,78.4,74.0,0.0,402.6,115498.8,4546,1,0.12,13869.07
Atlanta,GA,Townhouse,5,67.0,58.5,0.0,59.4,7637.6,1959,2,0.13,997.57
Houston,TX,Condo,7,90.2,43.5,0.0,754.7,49779.2,1456,2,0.144,7164.56
Boston,MA,Large House,5,60.2,88.2,142.8,0.0,53951.4,4474,5,0.21,11347.72
Miami,FL,Large House,9,85.8,37.9,0.0,624.7,143886.4,3718,1,0.11,15834.2
Miami,FL,Large House,10,76.7,55.8,0.0,351.2,109097.2,4888,1,0.11,12020.43
Phoenix,AZ,Large House,9,84.6,63.4,0.0,586.6,175792.8,4812,4,0.13,22869.4
Denver,CO,House,3,50.8,33.5,426.2,0.0,55864.5,1938,2,0.12,6704.76
Phoenix,AZ,House,5,84.5,56.3,0.0,584.8,49102.3,1548,3,0.13,6402.35
Atlanta,GA,Apartment,10,59.9,80.8,152.5,0.0,4517.4,533,1,0.13,584.75
New York,NY,Apartment,7,77.9,87.7,0.0,387.9,17812.1,1084,1,0.216,3860.76
Miami,FL,Condo,5,82.1,46.2,0.0,513.0,32037.0,1353,2,0.11,3505.63
Chicago,IL,Apartment,4,52.2,55.9,384.4,0.0,21893.1,1087,2,0.14,3079.26
Chicago,IL,Apartment,3,43.9,74.6,634.1,0.0,23056.9,704,1,0.14,3222.34
Miami,FL,Apartment,4,71.6,31.1,0.0,198.3,6416.7,723,1,0.11,695.78
Phoenix,AZ,House,8,87.1,30.3,0.0,663.4,71108.3,1990,3,0.156,11095.76
Atlanta,GA,Apartment,2,47.1,30.2,538.1,0.0,21117.9,758,1,0.143,3034.1
Los Angeles,CA,House,10,63.3,79.2,51.7,0.0,14087.6,3042,6,0.22,3099.06
Boston,MA,Large House,11,47.3,74.4,532.0,0.0,168823.3,4089,5,0.21,35448.41
Denver,CO,Townhouse,5,68.4,82.0,0.0,102.8,10483.5,1756,1,0.12,1257.22
Phoenix,AZ,House,4,71.2,65.8,0.0,186.9,17230.8,1583,1,0.13,2243.59
Phoenix,AZ,Condo,4,79.9,73.4,0.0,447.1,25625.8,1244,1,0.13,3329.18
Los Angeles,CA,Large House,2,49.6,63.3,461.4,0.0,130835.4,3651,1,0.242,31652.53
Denver,CO,Condo,10,66.7,41.3,0.0,51.8,3589.3,1116,1,0.12,444.63
New York,NY,Apartment,6,76.6,46.7,0.0,348.8,10526.4,708,1,0.216,2271.56
Seattle,WA,Large House,10,59.8,83.4,155.0,0.0,54559.9,4223,3,0.1,5452.16
Boston,MA,Condo,12,28.6,38.3,1092.4,0.0,52249.3,854,1,0.231,12078.43
Chicago,IL,Large House,2,28.5,38.3,1094.3,0.0,367938.7,4410,5,0.154,56660.43
Phoenix,AZ,Apartment,3,65.3,50.8,0.0,10.1,1261.2,900,1,0.13,163.83
Miami,FL,Condo,8,92.4,41.6,0.0,821.2,38377.3,1032,2,0.132,5083.85
Houston,TX,Townhouse,8,88.9,39.6,0.0,718.4,43173.2,1217,1,0.144,6227.8
Chicago,IL,Large House,12,33.5,71.2,945.3,0.0,265488.3,3679,1,0.154,40890.34
Miami,FL,Townhouse,10,81.7,83.5,0.0,499.7,30544.7,1218,2,0.11,3341.19
Boston,MA,Large House,3,39.6,54.5,760.6,0.0,200902.3,3448,1,0.21,42174.59
Houston,TX,Large House,3,65.3,73.4,0.0,8.9,7024.6,3938,1,0.12,829.99
Chicago,IL,Large House,12,32.3,51.1,981.8,0.0,367080.5,4894,6,0.154,56536.59
Phoenix,AZ,Large House,12,64.0,55.8,30.7,0.0,13382.9,3766,1,0.143,1902.73
Phoenix,AZ,Townhouse,7,96.7,48.3,0.0,951.2,90586.3,1942,1,0.156,14117.24
Boston,MA,House,4,52.0,79.5,390.0,0.0,86330.3,3245,6,0.21,18134.25
Miami,FL,Condo,1,64.2,77.9,24.2,0.0,2915.3,1174,2,0.121,371.32
Phoenix,AZ,House,3,68.5,87.7,0.0,104.9,13369.3,2031,2,0.13,1757.98
Denver,CO,Condo,3,54.5,37.6,315.2,0.0,20592.5,1125,1,0.12,2489.21
Seattle,WA,House,1,48.5,72.2,495.8,0.0,85096.9,2543,4,0.11,9354.7
Seattle,WA,Condo,3,56.6,67.3,253.1,0.0,16111.5,1082,1,0.1,1631.06
Denver,CO,House,9,72.9,47.6,0.0,237.0,43861.9,3253,3,0.12,5246.65
Chicago,IL,Large House,1,26.6,32.2,1151.5,0.0,377620.2,4308,2,0.154,58137.86
Denver,CO,Townhouse,9,74.9,88.4,0.0,298.0,27322.0,1779,2,0.12,3271.17
Phoenix,AZ,Condo,5,84.3,82.7,0.0,577.8,22624.4,854,1,0.13,2943.08
Los Angeles,CA,Condo,2,51.4,66.3,407.0,0.0,26882.7,1144,2,0.242,6492.16
Phoenix,AZ,Large House,3,71.6,46.6,0.0,198.0,40250.3,3035,4,0.13,5245.27
Los Angeles,CA,Apartment,11,56.7,62.8,247.8,0.0,14979.3,1127,2,0.22,3281.32
Houston,TX,Apartment,11,69.1,50.2,0.0,122.0,5451.5,939,1,0.12,645.68
Denver,CO,Condo,12,47.9,55.2,514.0,0.0,25258.3,866,1,0.132,3330.3
Phoenix,AZ,Apartment,6,92.9,40.9,0.0,837.9,20621.5,600,1,0.156,3232.09
Phoenix,AZ,Condo,11,66.8,73.6,0.0,54.7,5318.4,1567,2,0.13,672.56
Seattle,WA,Apartment,5,59.0,86.8,178.7,0.0,11153.6,1125,2,0.1,1099.38
Denver,CO,House,1,41.6,90.0,701.1,0.0,75529.4,1619,1,0.132,9973.67
Denver,CO,Large House,10,57.8,78.5,215.9,0.0,73762.9,4237,1,0.12,8832.08
Phoenix,AZ,House,2,67.5,59.8,0.0,75.1,9896.9,1992,1,0.143,1428.16
Denver,CO,House,1,41.0,67.8,718.5,0.0,148666.1,3098,6,0.132,19641.02
Miami,FL,Large House,1,59.6,64.9,162.5,0.0,60652.5,4478,5,0.121,7358.07
Boston,MA,Large House,6,78.2,67.7,0.0,396.4,119683.1,4776,3,0.252,30178.46
Miami,FL,Condo,6,90.1,31.4,0.0,751.9,45770.8,1342,1,0.132,6044.06
Boston,MA,Large House,12,29.4,58.1,1068.7,0.0,245283.4,3007,4,0.231,56669.08
Boston,MA,Apartment,7,74.3,71.4,0.0,278.2,7275.6,608,1,0.252,1838.07
Chicago,IL,Condo,4,51.5,59.4,404.6,0.0,34682.2,1493,2,0.14,4843.42
Miami,FL,Condo,1,62.6,36.4,72.1,0.0,6396.4,1258,2,0.121,761.25
Phoenix,AZ,Large House,1,64.2,52.0,25.1,0.0,14370.2,4379,6,0.143,2069.62
Denver,CO,Apartment,1,46.7,47.6,549.3,0.0,19180.7,673,1,0.132,2517.25
Seattle,WA,Condo,3,52.9,77.4,364.5,0.0,19422.7,924,1,0.1,1949.02
Seattle,WA,Large House,6,68.6,70.0,0.0,107.9,36825.5,4734,4,0.12,4431.09
Miami,FL,Apartment,7,89.5,81.0,0.0,733.8,34374.0,1134,1,0.132,4531.95
Chicago,IL,Apartment,6,77.4,83.7,0.0,371.6,8874.3,556,1,0.168,1486.42
New York,NY,House,1,26.6,88.8,1150.8,0.0,147734.5,1945,1,0.198,29257.38
Phoenix,AZ,Condo,5,83.2,81.9,0.0,546.0,25428.1,1016,1,0.13,3297.19
Phoenix,AZ,Large House,2,60.1,84.8,146.9,0.0,42369.2,3451,1,0.143,6062.82
Los Angeles,CA,Apartment,6,67.5,52.1,0.0,74.2,2780.2,734,1,0.264,733.02
Miami,FL,Large House,7,91.0,77.7,0.0,781.3,213377.5,4430,3,0.132,28180.54
Atlanta,GA,Townhouse,4,53.9,30.2,332.8,0.0,32009.9,1517,3,0.13,4146.02
Phoenix,AZ,House,7,91.9,79.2,0.0,807.2,87636.7,2031,2,0.156,13668.3
Los Angeles,CA,Townhouse,8,72.2,75.9,0.0,216.3,16781.0,1452,2,0.264,4415.66
Los Angeles,CA,House,8,70.3,65.5,0.0,160.2,20553.8,2174,1,0.264,5426.11
Los Angeles,CA,Townhouse,6,69.8,86.3,0.0,142.9,11485.2,1465,1,0.264,3038.96
Atlanta,GA,House,3,50.8,39.2,425.0,0.0,56773.3,1965,3,0.13,7377.94
Miami,FL,Townhouse,7,91.7,32.2,0.0,800.6,78573.1,1991,2,0.132,10355.72
Boston,MA,Condo,1,24.2,53.1,1223.2,0.0,89596.9,1312,2,0.231,20702.98
Denver,CO,Condo,8,71.2,59.2,0.0,185.0,13418.0,1480,1,0.144,1921.32
New York,NY,Condo,8,80.4,60.2,0.0,462.2,23475.1,1103,1,0.216,5068.98
Chicago,IL,House,1,24.7,45.6,1208.2,0.0,146135.2,1831,3,0.154,22512.24
Seattle,WA,Condo,8,79.0,56.9,0.0,419.1,19223.3,990,1,0.12,2292.24
Boston,MA,House,11,44.8,34.1,606.5,0.0,78010.0,1923,1,0.21,16370.37
Miami,FL,Condo,12,63.8,71.5,37.2,0.0,4176.4,1361,2,0.121,490.36
Denver,CO,House,12,48.1,54.4,507.8,0.0,86759.0,2532,4,0.132,11433.4
Phoenix,AZ,Large House,9,88.8,40.6,0.0,713.8,168321.5,3805,5,0.13,21893.0
Houston,TX,Townhouse,1,63.9,86.6,33.8,0.0,4788.0,1555,1,0.132,617.8
Houston,TX,Large House,7,96.6,49.6,0.0,947.1,262497.7,4520,1,0.144,37796.83
Phoenix,AZ,Apartment,6,87.1,33.5,0.0,663.4,19121.9,696,1,0.156,2986.84
Boston,MA,House,12,30.5,56.2,1033.6,0.0,149987.8,2194,3,0.231,34655.36
New York,NY,Condo,9,72.5,58.6,0.0,223.5,11593.6,1065,1,0.18,2096.83
Chicago,IL,House,12,28.6,40.6,1092.1,0.0,138654.8,1922,1,0.154,21338.73
Los Angeles,CA,Apartment,2,49.5,59.4,464.6,0.0,23551.8,975,1,0.242,5718.29
Los Angeles,CA,House,3,48.6,83.0,492.7,0.0,53702.9,1617,2,0.22,11806.21
Denver,CO,House,10,57.3,40.5,230.3,0.0,42331.2,2633,2,0.12,5076.74
Atlanta,GA,Apartment,4,54.9,83.9,303.8,0.0,17708.9,1098,1,0.13,2321.95
Atlanta,GA,Large House,1,41.8,53.9,694.7,0.0,170746.9,3195,3,0.143,24399.9
Seattle,WA,Large House,1,44.5,83.0,614.8,0.0,226258.7,4778,1,0.11,24905.32
Los Angeles,CA,House,4,61.9,71.1,93.5,0.0,17393.3,2412,1,0.22,3818.17
Houston,TX,Condo,3,66.8,85.0,0.0,55.1,4234.6,1223,2,0.12,497.1
Los Angeles,CA,House,3,54.8,56.0,305.2,0.0,55735.3,2653,3,0.22,12263.97
Denver,CO,Condo,10,64.6,49.5,13.1,0.0,1356.8,833,1,0.12,178.05
Atlanta,GA,Large House,9,72.0,43.1,0.0,209.7,50674.1,3665,1,0.13,6572.72
Chicago,IL,House,3,38.6,64.4,792.0,0.0,137110.8,2607,1,0.14,19184.4
New York,NY,Townhouse,10,52.6,79.8,372.2,0.0,47940.1,2036,4,0.18,8627.32
Miami,FL,Condo,8,89.6,42.3,0.0,736.8,32406.8,970,1,0.132,4282.63
Atlanta,GA,Townhouse,1,40.0,81.5,749.8,0.0,76761.4,1663,3,0.143,10989.52
Seattle,WA,House,6,74.5,31.3,0.0,283.9,48524.2,3043,4,0.12,5803.31
Los Angeles,CA,Large House,3,48.7,76.3,490.2,0.0,160376.3,4218,1,0.22,35293.85
Phoenix,AZ,Condo,10,77.6,64.3,0.0,377.7,14593.9,833,1,0.13,1886.22
Chicago,IL,Townhouse,4,50.7,87.4,428.0,0.0,38777.4,1453,1,0.14,5411.52
Chicago,IL,Townhouse,11,43.4,88.4,646.8,0.0,80771.2,2024,3,0.14,11323.36
Houston,TX,Townhouse,5,83.8,32.0,0.0,564.9,43553.5,1536,3,0.12,5229.65
Denver,CO,Large House,5,65.2,75.3,0.0,7.1,7450.1,4423,2,0.12,909.01
Phoenix,AZ,Condo,7,88.3,78.7,0.0,699.7,30636.2,967,1,0.156,4781.82
Denver,CO,Condo,2,50.5,35.4,434.2,0.0,23189.0,929,1,0.132,3043.25
Miami,FL,Large House,7,93.0,38.0,0.0,840.3,188611.8,3641,5,0.132,24882.47
Boston,MA,House,4,53.6,65.3,342.1,0.0,38711.1,1654,2,0.21,8111.95
New York,NY,House,3,43.4,64.0,647.7,0.0,117773.7,2719,3,0.18,21192.95
Los Angeles,CA,Large House,3,51.5,72.2,406.1,0.0,107205.4,3370,4,0.22,23580.07
Seattle,WA,Condo,7,73.2,70.1,0.0,245.6,12840.7,1080,2,0.12,1557.6
Phoenix,AZ,House,2,67.0,83.4,0.0,60.4,14190.5,3337,2,0.143,2027.19
Houston,TX,Apartment,1,63.6,82.8,42.0,0.0,3326.6,1084,1,0.132,431.73
Chicago,IL,Townhouse,1,30.1,33.8,1048.5,0.0,89253.1,1395,1,0.154,13759.38
Miami,FL,Apartment,6,85.1,76.3,0.0,603.0,14871.6,596,1,0.132,1968.64
Phoenix,AZ,Condo,11,70.9,65.5,0.0,175.5,7450.5,850,1,0.13,959.01
Atlanta,GA,Condo,6,68.5,37.9,0.0,105.4,8750.0,1509,3,0.156,1365.07
Houston,TX,Townhouse,11,73.0,62.4,0.0,240.1,25466.0,2017,3,0.12,3043.14
New York,NY,Townhouse,9,64.4,59.6,17.6,0.0,3628.1,1694,2,0.18,656.04
Houston,TX,Condo,3,68.5,51.5,0.0,106.3,8039.5,1403,2,0.12,947.02
Miami,FL,House,12,68.6,46.5,0.0,108.0,17846.9,2611,3,0.121,2152.82
Denver,CO,Townhouse,12,43.9,74.3,632.4,0.0,67945.1,1739,3,0.132,8979.75
Seattle,WA,House,3,47.2,60.5,534.6,0.0,83556.9,2328,2,0.1,8340.7
Atlanta,GA,Condo,6,74.6,68.3,0.0,288.7,15176.8,1112,1,0.156,2362.51
Atlanta,GA,House,3,48.7,82.2,488.2,0.0,86586.9,2637,2,0.13,11240.54
Chicago,IL,Townhouse,12,29.7,83.0,1059.6,0.0,130415.4,2014,4,0.154,20070.85
Seattle,WA,Condo,10,65.8,68.8,0.0,24.2,3210.0,1578,2,0.1,338.84
Chicago,IL,Condo,5,65.7,40.5,0.0,20.9,1612.9,889,1,0.14,206.34
Seattle,WA,House,3,51.4,38.1,407.0,0.0,88795.5,3202,6,0.1,8870.04
Miami,FL,Apartment,10,76.9,34.0,0.0,358.3,13315.6,869,1,0.11,1470.59
New York,NY,Condo,10,59.4,35.1,168.8,0.0,8957.7,876,1,0.18,1607.22
Houston,TX,Large House,10,76.6,80.2,0.0,348.1,74493.3,3363,2,0.12,8957.18
Houston,TX,House,1,61.2,31.3,114.0,0.0,24842.4,2923,1,0.132,3277.66
New York,NY,Townhouse,7,75.1,71.1,0.0,303.3,23297.3,1487,2,0.216,5045.83
Boston,MA,House,3,39.2,61.5,774.5,0.0,118655.1,2300,3,0.21,24897.99
Atlanta,GA,Townhouse,4,55.0,55.4,300.0,0.0,31851.4,1674,1,0.13,4137.71
Chicago,IL,Condo,11,49.8,83.2,455.1,0.0,23823.0,913,1,0.14,3319.81
Atlanta,GA,Townhouse,5,68.6,48.0,0.0,109.5,12198.3,1929,1,0.13,1594.4
Seattle,WA,Townhouse,5,60.2,74.9,145.1,0.0,20854.7,2121,3,0.1,2084.02
Seattle,WA,Large House,6,74.9,75.1,0.0,298.3,76515.3,3976,4,0.12,9189.54
Phoenix,AZ,Large House,5,86.7,79.1,0.0,652.4,136705.3,3368,5,0.13,17784.04
Boston,MA,Townhouse,6,69.2,35.2,0.0,125.9,9429.4,1302,2,0.252,2381.0
Atlanta,GA,Condo,3,47.4,40.1,527.6,0.0,33192.1,1106,1,0.13,4312.79
Phoenix,AZ,Townhouse,2,61.7,46.1,99.5,0.0,13999.7,1987,2,0.143,1995.37
Houston,TX,Large House,7,91.5,75.7,0.0,794.6,204260.5,4172,3,0.144,29407.87
Phoenix,AZ,Large House,6,86.8,75.7,0.0,653.6,183192.9,4526,2,0.156,28580.8
Phoenix,AZ,House,3,69.3,72.4,0.0,130.2,15177.7,1905,3,0.13,1953.58
New York,NY,Large House,6,77.7,67.5,0.0,382.3,84354.7,3465,5,0.216,18230.3
Phoenix,AZ,Condo,2,62.3,76.8,79.7,0.0,6554.5,1200,2,0.143,950.7
New York,NY,Large House,4,49.8,70.3,456.7,0.0,141620.4,3976,5,0.18,25491.22
Seattle,WA,Apartment,5,64.1,84.4,28.4,0.0,1667.9,727,1,0.1,155.28
New York,NY,House,12,33.4,57.1,947.3,0.0,142174.5,2268,1,0.198,28164.8
Seattle,WA,Townhouse,7,71.3,82.6,0.0,189.4,21328.1,2069,4,0.12,2555.54
Los Angeles,CA,Townhouse,11,49.9,52.4,453.9,0.0,42763.8,1504,3,0.22,9412.4
New York,NY,Apartment,3,46.2,40.0,562.6,0.0,28030.6,963,1,0.18,5025.95
Denver,CO,Townhouse,6,72.5,80.3,0.0,224.9,14807.8,1241,2,0.144,2123.93
Houston,TX,Townhouse,7,87.3,84.0,0.0,670.0,65430.1,1970,2,0.144,9411.85
Phoenix,AZ,House,10,77.1,53.8,0.0,363.4,50965.9,2542,2,0.13,6632.2
New York,NY,House,8,77.5,38.1,0.0,374.4,60370.0,2935,1,0.216,13036.75
Boston,MA,Large House,11,46.1,76.3,565.7,0.0,156110.7,3575,1,0.21,32789.14
Seattle,WA,Townhouse,4,59.8,78.5,157.1,0.0,17953.4,1714,2,0.1,1794.17
Houston,TX,Large House,7,93.8,40.1,0.0,863.9,181727.6,3418,3,0.144,26173.49
Denver,CO,House,7,78.4,77.9,0.0,403.2,34501.5,1549,3,0.144,4982.14
Phoenix,AZ,Large House,3,71.9,33.5,0.0,208.3,45171.9,3284,1,0.13,5874.78
Los Angeles,CA,Large House,7,74.4,54.4,0.0,282.8,80753.2,4398,6,0.264,21332.4
Los Angeles,CA,House,3,51.7,86.6,397.6,0.0,72281.1,2683,1,0.22,15888.92
Denver,CO,Large House,2,51.2,85.8,415.1,0.0,142293.1,4378,5,0.132,18785.17
Seattle,WA,Townhouse,4,57.6,57.5,220.9,0.0,28503.5,1991,1,0.1,2830.6
Seattle,WA,Townhouse,10,61.1,47.5,118.4,0.0,11866.9,1468,1,0.1,1195.4
Atlanta,GA,Large House,11,51.3,83.1,409.7,0.0,159062.4,4953,6,0.13,20667.61
Miami,FL,Townhouse,11,72.9,36.8,0.0,237.7,23277.3,1855,3,0.11,2563.12
Seattle,WA,House,1,40.6,50.4,730.9,0.0,110916.7,2279,2,0.11,12188.44
Miami,FL,Townhouse,10,84.6,46.3,0.0,587.6,50964.6,1743,1,0.11,5606.61
Phoenix,AZ,Condo,1,64.8,71.6,5.2,0.0,1936.1,1514,1,0.143,259.88
Denver,CO,Apartment,7,73.9,52.6,0.0,265.9,11358.7,982,1,0.144,1642.19
Los Angeles,CA,Townhouse,11,57.6,75.5,220.9,0.0,25175.6,1740,3,0.22,5522.76
Phoenix,AZ,Large House,12,68.0,69.2,0.0,90.4,29006.8,4347,2,0.143,4128.04
Boston,MA,Apartment,2,36.4,88.6,858.9,0.0,43260.0,987,1,0.231,9985.0
Boston,MA,Apartment,4,54.2,83.9,324.7,0.0,9238.5,531,1,0.21,1922.7
Chicago,IL,House,3,43.0,54.9,659.8,0.0,113615.7,2582,2,0.14,15921.0
Phoenix,AZ,Townhouse,9,88.6,31.2,0.0,708.2,53664.9,1534,1,0.13,6976.74
Atlanta,GA,Townhouse,10,63.3,35.3,50.6,0.0,5769.9,1388,2,0.13,730.18
Atlanta,GA,Apartment,12,50.6,40.3,432.4,0.0,25171.8,1114,2,0.143,3595.24
New York,NY,Large House,1,31.4,44.4,1007.8,0.0,313967.0,4086,2,0.198,62147.75
Chicago,IL,House,4,51.8,43.1,395.8,0.0,77462.4,2877,3,0.14,10839.99
Chicago,IL,Townhouse,6,77.2,59.1,0.0,366.4,32421.7,1734,3,0.168,5433.99
Phoenix,AZ,Condo,5,79.1,65.8,0.0,424.5,19019.5,966,1,0.13,2490.09
Chicago,IL,Condo,8,72.1,63.1,0.0,212.7,12062.4,1172,1,0.168,2024.54
New York,NY,Condo,10,52.0,85.1,389.8,0.0,26624.7,1185,2,0.18,4787.47
Chicago,IL,Townhouse,1,25.2,75.8,1193.3,0.0,113382.4,1560,2,0.154,17471.05
Denver,CO,House,6,72.8,88.3,0.0,233.9,41327.6,3095,3,0.144,5964.25
Phoenix,AZ,Large House,9,85.5,73.0,0.0,615.7,126005.7,3300,1,0.13,16380.67
Denver,CO,Townhouse,5,63.1,89.9,56.7,0.0,9994.0,2161,4,0.12,1188.51
New York,NY,House,7,80.0,67.5,0.0,451.3,77773.0,3152,4,0.216,16790.32
Los Angeles,CA,Condo,6,71.7,59.1,0.0,200.1,13811.0,1395,2,0.264,3661.62
Chicago,IL,Condo,12,29.9,61.5,1054.2,0.0,50137.7,851,1,0.154,7739.65
Atlanta,GA,Large House,3,51.2,34.4,414.9,0.0,98257.4,3022,4,0.13,12790.72
Atlanta,GA,House,3,50.8,89.1,426.9,0.0,54667.3,1887,2,0.13,7124.67
Chicago,IL,Large House,12,33.5,42.9,945.6,0.0,306363.1,4235,6,0.154,47189.31
Seattle,WA,Large House,9,70.0,66.7,0.0,148.6,40839.7,3950,6,0.1,4095.21
New York,NY,Townhouse,2,32.3,32.9,982.4,0.0,87313.8,1452,2,0.198,17300.43
Atlanta,GA,Condo,2,49.0,74.8,479.1,0.0,31109.5,1135,1,0.143,4452.64
Chicago,IL,Condo,7,74.0,34.0,0.0,271.3,10452.3,810,1,0.168,1762.09
Boston,MA,House,3,44.2,86.6,622.7,0.0,134418.5,3220,5,0.21,28220.08
Houston,TX,Apartment,5,79.2,37.1,0.0,425.3,19225.1,1077,1,0.12,2319.48
Boston,MA,Townhouse,3,38.3,65.5,800.3,0.0,104417.0,2122,4,0.21,21933.34
Seattle,WA,Townhouse,3,56.4,38.1,258.1,0.0,32670.4,1960,3,0.1,3260.22
Chicago,IL,Apartment,9,67.4,43.9,0.0,71.1,2616.1,687,1,0.14,365.63
Seattle,WA,House,10,63.2,45.7,53.3,0.0,15658.1,3430,1,0.1,1561.84
Atlanta,GA,Large House,1,44.0,37.9,629.3,0.0,209867.1,4329,3,0.143,30009.94
Miami,FL,Condo,11,72.2,54.5,0.0,214.7,8479.6,802,1,0.11,929.98
Miami,FL,House,3,74.2,68.5,0.0,274.6,47574.0,3051,6,0.11,5247.12
New York,NY,Townhouse,4,53.9,37.2,332.8,0.0,42438.6,2014,3,0.18,7627.96
Los Angeles,CA,Condo,8,77.5,35.8,0.0,375.1,25791.4,1476,2,0.264,6808.55
Houston,TX,Condo,2,60.6,55.1,131.4,0.0,10873.1,1308,2,0.132,1445.72
Chicago,IL,Apartment,3,42.9,60.9,662.8,0.0,28580.7,841,1,0.14,3999.68
Houston,TX,Townhouse,12,67.5,48.6,0.0,75.5,6674.3,1388,2,0.132,872.47
Atlanta,GA,Apartment,5,59.3,75.0,172.3,0.0,9668.9,1005,2,0.13,1271.6
Houston,TX,Townhouse,2,66.9,58.2,0.0,57.5,8068.7,2145,1,0.132,1076.16
Atlanta,GA,Apartment,8,78.8,71.3,0.0,413.2,19995.6,1144,1,0.156,3138.31
Los Angeles,CA,House,12,43.7,62.3,640.1,0.0,85178.4,1989,3,0.242,20603.9
Seattle,WA,Condo,5,64.6,51.2,12.5,0.0,1322.1,837,1,0.1,126.07
Los Angeles,CA,Apartment,6,68.7,78.0,0.0,111.4,5133.8,962,1,0.264,1349.95
Atlanta,GA,Apartment,7,78.2,30.2,0.0,396.4,9184.0,548,1,0.156,1436.22
New York,NY,Townhouse,6,70.2,46.6,0.0,155.2,18038.4,2114,3,0.216,3906.74
Atlanta,GA,Large House,3,55.0,31.4,298.7,0.0,79495.3,3364,1,0.13,10329.69
Chicago,IL,Apartment,4,58.2,62.6,205.4,0.0,11537.6,1026,2,0.14,1633.21
New York,NY,House,9,65.5,49.3,0.0,15.5,4957.6,2606,1,0.18,885.89
Seattle,WA,Townhouse,12,48.0,82.0,509.9,0.0,52374.5,1647,3,0.11,5754.9
Seattle,WA,Condo,4,59.0,58.1,178.5,0.0,9221.2,856,1,0.1,902.94
Denver,CO,Apartment,7,75.1,87.9,0.0,301.7,12965.9,999,1,0.144,1886.78
New York,NY,Large House,3,44.2,66.0,625.3,0.0,149257.7,3084,6,0.18,26868.01
Phoenix,AZ,Condo,2,66.8,84.6,0.0,54.2,3091.9,894,1,0.143,437.28
Los Angeles,CA,Townhouse,9,70.6,50.6,0.0,168.3,13692.4,1482,2,0.22,3001.96
Los Angeles,CA,Apartment,10,57.3,89.7,230.3,0.0,14680.3,1171,2,0.22,3236.56
Chicago,IL,Condo,1,29.0,58.2,1079.8,0.0,67573.8,1121,1,0.154,10405.46
Phoenix,AZ,Townhouse,12,63.8,71.9,35.9,0.0,4924.6,1485,2,0.143,718.76
Chicago,IL,Condo,2,29.9,74.8,1053.2,0.0,73918.5,1254,1,0.154,11386.34
Houston,TX,Large House,5,85.0,89.9,0.0,601.2,144464.4,3862,4,0.12,17332.03
Houston,TX,Townhouse,12,62.8,30.2,67.2,0.0,10178.2,1977,3,0.132,1324.07
Seattle,WA,Apartment,12,42.2,52.4,685.1,0.0,36963.4,1047,2,0.11,4082.27
New York,NY,Condo,7,74.5,85.7,0.0,284.5,17937.8,1329,2,0.216,3864.03
Seattle,WA,House,4,56.7,37.8,248.7,0.0,41224.6,2388,1,0.1,4128.1
Seattle,WA,Townhouse,1,45.9,30.7,573.7,0.0,65332.0,1838,3,0.11,7168.27
Los Angeles,CA,Condo,1,46.4,38.6,558.3,0.0,49246.4,1558,1,0.242,11921.96
Miami,FL,Condo,12,66.6,64.1,0.0,47.1,3223.1,1004,2,0.121,384.66
Los Angeles,CA,Large House,11,58.7,32.5,189.2,0.0,72489.6,4688,2,0.22,15949.05
New York,NY,Condo,8,81.3,69.7,0.0,490.3,26151.6,1157,2,0.216,5639.68
Atlanta,GA,Condo,1,47.5,87.8,525.9,0.0,33733.1,1126,2,0.143,4815.24
Miami,FL,Condo,9,87.6,67.8,0.0,677.2,27399.1,892,1,0.11,3015.82
Seattle,WA,Townhouse,11,51.1,83.2,416.6,0.0,40867.7,1558,3,0.1,4097.26
Seattle,WA,House,3,53.0,71.1,360.9,0.0,80414.9,3275,2,0.1,8041.23
Boston,MA,Apartment,6,69.1,88.2,0.0,123.6,5349.7,917,1,0.252,1360.56
Chicago,IL,Townhouse,9,68.5,47.8,0.0,104.3,9935.4,1633,1,0.14,1377.12
Seattle,WA,House,1,43.5,89.7,644.0,0.0,75950.9,1768,1,0.11,8349.2
Los Angeles,CA,Townhouse,4,53.7,43.8,339.6,0.0,40644.6,1897,1,0.22,8959.86
Seattle,WA,House,2,43.5,61.6,643.8,0.0,92614.1,2147,4,0.11,10182.49
Chicago,IL,Townhouse,5,62.5,49.6,76.4,0.0,7183.5,1276,1,0.14,996.3
Seattle,WA,Townhouse,12,44.1,70.8,625.9,0.0,75802.5,1963,2,0.11,8355.83
Boston,MA,Large House,1,27.6,64.4,1121.9,0.0,312711.3,3653,6,0.231,72246.65
Denver,CO,Large House,9,74.6,86.2,0.0,289.3,71455.9,3814,4,0.12,8570.9
Houston,TX,House,6,88.5,41.7,0.0,706.1,86749.5,2295,1,0.144,12496.21
Phoenix,AZ,Large House,8,95.5,52.5,0.0,916.5,214817.1,3810,5,0.156,33522.34
Houston,TX,House,8,86.9,45.9,0.0,656.6,111363.3,3141,6,0.144,16048.54
Los Angeles,CA,Large House,3,53.0,55.9,359.0,0.0,93885.0,3335,1,0.22,20642.29
Chicago,IL,Large House,12,35.9,38.0,874.2,0.0,266092.6,3981,2,0.154,40992.68
Phoenix,AZ,Townhouse,1,60.2,75.8,143.4,0.0,13473.1,1390,1,0.143,1944.04
Boston,MA,House,10,58.5,45.5,194.2,0.0,45174.5,3260,5,0.21,9503.39
Atlanta,GA,Condo,4,61.7,69.1,99.8,0.0,10031.5,1538,3,0.13,1293.63
Chicago,IL,Apartment,10,58.9,30.0,183.4,0.0,6026.1,596,1,0.14,831.21
Chicago,IL,Large House,5,62.1,47.8,86.3,0.0,27946.1,3600,2,0.14,3916.64
Denver,CO,Condo,10,60.3,49.3,140.6,0.0,6993.9,809,1,0.12,852.97
Miami,FL,Condo,7,90.2,64.1,0.0,757.1,29468.3,858,1,0.132,3872.59
Denver,CO,Condo,2,50.2,53.6,445.0,0.0,21112.1,830,1,0.132,2776.64
Chicago,IL,Condo,7,83.1,59.6,0.0,544.1,35843.8,1440,1,0.168,6010.49
Los Angeles,CA,House,12,51.5,54.1,403.5,0.0,69243.0,2536,1,0.242,16755.94
Boston,MA,Apartment,4,49.5,52.7,464.3,0.0,25826.5,1071,2,0.21,5428.15
Chicago,IL,Large House,9,65.4,47.3,0.0,10.6,8991.2,4630,3,0.14,1240.27
Boston,MA,Townhouse,12,37.0,46.2,840.7,0.0,64610.0,1254,1,0.231,14939.66
Boston,MA,Townhouse,9,68.5,38.3,0.0,106.0,8547.8,1371,2,0.21,1775.14
Seattle,WA,Condo,1,47.1,41.5,538.0,0.0,25707.6,840,1,0.11,2847.12
Seattle,WA,Townhouse,7,72.8,56.9,0.0,234.8,23885.0,1946,1,0.12,2865.63
Atlanta,GA,Condo,2,52.8,71.9,365.7,0.0,28151.8,1335,1,0.143,4025.08
Atlanta,GA,Large House,12,49.9,45.5,453.1,0.0,126369.8,3568,5,0.143,18071.13
New York,NY,Large House,12,36.1,30.9,865.8,0.0,282815.6,4270,3,0.198,56005.57
Houston,TX,Condo,7,90.0,37.7,0.0,749.0,54168.4,1593,2,0.144,7819.26
Phoenix,AZ,House,2,61.6,62.9,102.9,0.0,13828.8,1767,1,0.143,1992.74
Los Angeles,CA,Apartment,6,71.6,50.4,0.0,198.7,10036.2,1130,2,0.264,2629.73
Los Angeles,CA,Condo,11,56.4,89.3,257.6,0.0,19271.1,1261,2,0.22,4225.14
Houston,TX,Large House,9,91.4,48.0,0.0,791.7,216756.0,4440,3,0.12,26027.88
Chicago,IL,Townhouse,7,81.5,71.8,0.0,494.0,47815.2,1932,2,0.168,8033.48
Denver,CO,Large House,3,49.1,61.6,478.5,0.0,180588.3,4861,2,0.12,21669.92
Miami,FL,Large House,5,82.2,53.1,0.0,516.6,101555.3,3138,4,0.11,11180.33
Phoenix,AZ,Large House,11,69.1,74.9,0.0,121.8,32576.0,3757,4,0.13,4236.34
Phoenix,AZ,House,1,60.2,55.7,142.6,0.0,32134.6,3042,6,0.143,4586.03
Seattle,WA,Condo,11,58.7,81.4,188.7,0.0,15424.2,1354,1,0.1,1540.21
Houston,TX,House,2,60.6,82.8,132.2,0.0,15814.5,1603,3,0.132,2082.88
Chicago,IL,Apartment,2,30.6,49.1,1033.1,0.0,48768.2,928,1,0.154,7510.57
Phoenix,AZ,Townhouse,8,95.5,49.3,0.0,914.1,84748.9,1881,3,0.156,13215.17
Boston,MA,Townhouse,2,29.5,55.9,1063.6,0.0,141931.9,2189,2,0.231,32768.36
Denver,CO,House,6,74.1,81.4,0.0,272.5,39523.2,2567,4,0.144,5673.65
Los Angeles,CA,House,7,73.3,39.2,0.0,247.5,31379.7,2222,3,0.264,8298.71
Phoenix,AZ,Apartment,9,91.3,30.3,0.0,789.9,35960.1,1102,2,0.13,4688.14
Houston,TX,Large House,7,97.0,31.0,0.0,959.4,286878.0,4868,5,0.144,41323.9
Boston,MA,Apartment,12,28.2,44.7,1104.0,0.0,31679.8,565,1,0.231,7333.31
Phoenix,AZ,Townhouse,3,70.1,54.7,0.0,153.8,18011.6,2138,2,0.13,2353.4
Miami,FL,Apartment,9,82.3,66.5,0.0,519.1,24456.5,1126,1,0.11,2700.08
Houston,TX,Townhouse,11,71.8,56.0,0.0,205.2,19401.0,1792,1,0.12,2332.42
Atlanta,GA,House,10,58.3,46.4,199.5,0.0,46805.3,3297,4,0.13,6086.89
Los Angeles,CA,Condo,6,71.3,47.9,0.0,188.0,11266.3,1198,2,0.264,2972.88
Miami,FL,House,12,68.9,88.4,0.0,116.4,18068.9,2507,3,0.121,2179.21
Houston,TX,Large House,5,85.9,65.1,0.0,626.5,170303.6,4386,1,0.12,20438.37
Chicago,IL,House,1,29.2,46.2,1074.9,0.0,131246.6,1845,3,0.154,20224.33
New York,NY,Condo,2,30.3,46.8,1040.4,0.0,67690.5,1162,1,0.198,13383.41
Houston,TX,Townhouse,3,66.0,74.6,0.0,28.9,3066.5,1241,1,0.12,366.83
Denver,CO,House,8,78.6,36.8,0.0,406.7,50098.2,2242,3,0.144,7214.68
Seattle,WA,Townhouse,11,50.6,30.2,432.3,0.0,47033.5,1735,3,0.1,4712.3
Atlanta,GA,Townhouse,11,56.0,78.4,271.1,0.0,30030.8,1732,2,0.13,3906.82
Chicago,IL,Condo,11,41.7,83.5,699.5,0.0,62351.1,1584,1,0.14,8734.86
Denver,CO,House,12,43.7,55.2,640.3,0.0,118761.9,2775,3,0.132,15693.7
Houston,TX,Apartment,8,89.8,40.9,0.0,745.2,21451.4,697,1,0.144,3095.29
Los Angeles,CA,Townhouse,2,47.7,60.0,519.4,0.0,65320.2,2031,1,0.242,15793.35
Seattle,WA,Townhouse,6,70.1,62.9,0.0,154.3,15165.6,1776,2,0.12,1837.21
Chicago,IL,Condo,3,39.2,58.4,774.0,0.0,55323.7,1271,1,0.14,7745.42
Atlanta,GA,Apartment,3,51.7,79.7,398.5,0.0,14002.1,675,1,0.13,1828.61
Seattle,WA,Townhouse,5,59.6,83.3,163.3,0.0,22954.0,2093,4,0.1,2294.04
Boston,MA,Large House,6,69.7,77.5,0.0,141.2,43372.6,4440,3,0.252,10922.45
Houston,TX,Large House,9,87.4,71.1,0.0,672.2,131983.5,3158,5,0.12,15847.98
Boston,MA,Large House,2,27.6,59.6,1120.6,0.0,317932.2,3722,5,0.231,73445.57
Miami,FL,Large House,10,81.3,40.1,0.0,488.2,139996.9,4560,6,0.11,15388.06
Phoenix,AZ,Large House,9,84.1,31.4,0.0,571.6,139216.1,3907,4,0.13,18078.76
Boston,MA,House,2,32.9,70.9,961.9,0.0,115052.1,1809,1,0.231,26594.45
Atlanta,GA,Apartment,11,54.5,78.4,315.8,0.0,13974.1,841,1,0.13,1833.76
Denver,CO,Large House,11,56.8,35.9,244.8,0.0,75113.2,3792,6,0.12,9026.2
New York,NY,House,1,26.9,75.6,1143.6,0.0,254923.4,3374,4,0.198,50456.31
Los Angeles,CA,Apartment,8,71.2,76.8,0.0,185.8,9174.6,1100,1,0.264,2407.85
Denver,CO,Large House,4,62.1,60.7,88.4,0.0,27615.5,3458,3,0.12,3311.33
Phoenix,AZ,Large House,8,88.4,49.0,0.0,702.8,212025.2,4886,1,0.156,33069.05
Denver,CO,Large House,7,77.8,81.9,0.0,384.9,116605.1,4765,5,0.144,16778.78
Miami,FL,House,1,61.4,74.4,107.3,0.0,25735.2,3139,4,0.121,3127.56
Houston,TX,Apartment,6,89.3,70.9,0.0,729.6,25251.4,837,1,0.144,3633.8
New York,NY,Townhouse,3,42.2,67.1,682.6,0.0,78072.6,1859,1,0.18,14062.63
Denver,CO,Townhouse,12,44.6,48.7,611.0,0.0,77236.1,2041,3,0.132,10196.66
Los Angeles,CA,Apartment,5,67.9,87.1,0.0,86.3,2533.3,565,1,0.22,565.39
Chicago,IL,Condo,11,42.0,62.1,690.5,0.0,44005.6,1130,1,0.14,6153.75
Seattle,WA,Large House,10,57.4,68.3,228.8,0.0,58836.4,3152,6,0.1,5881.65
Boston,MA,Large House,1,25.3,88.4,1190.4,0.0,433656.6,4789,2,0.231,100179.77
Miami,FL,House,9,86.1,58.4,0.0,633.6,71723.6,2097,3,0.11,7870.59
Houston,TX,House,12,68.5,78.9,0.0,106.1,21769.5,3253,4,0.132,2862.3
Chicago,IL,Large House,6,76.6,60.4,0.0,347.5,88048.3,3982,2,0.168,14776.87
Atlanta,GA,House,6,72.0,72.2,0.0,210.4,29270.1,2427,2,0.156,4563.71
Los Angeles,CA,Large House,7,77.7,42.5,0.0,382.2,120571.5,4969,5,0.264,31833.48
Los Angeles,CA,Townhouse,9,71.6,68.6,0.0,198.6,17003.8,1577,3,0.22,3729.91
Chicago,IL,Townhouse,2,30.7,63.0,1028.1,0.0,99621.0,1584,3,0.154,15331.8
Houston,TX,Large House,7,87.2,58.0,0.0,667.2,191525.2,4632,4,0.144,27571.3
Seattle,WA,House,12,43.8,37.3,637.0,0.0,86349.2,2021,4,0.11,9501.3
Denver,CO,Townhouse,11,51.7,85.9,399.7,0.0,32349.8,1284,2,0.12,3866.57
Los Angeles,CA,House,1,49.5,83.9,465.5,0.0,68556.8,2189,1,0.242,16597.33
Seattle,WA,Large House,9,73.3,47.2,0.0,250.2,52026.2,3147,6,0.1,5191.73
Phoenix,AZ,Townhouse,11,73.0,33.5,0.0,239.7,21338.7,1691,2,0.13,2786.73
Houston,TX,House,8,93.4,37.7,0.0,850.8,94783.5,2089,1,0.144,13663.2
Denver,CO,House,5,68.7,76.2,0.0,111.3,19696.8,2860,2,0.12,2349.68
Miami,FL,Apartment,10,82.1,41.2,0.0,512.1,24923.4,1161,2,0.11,2729.12
Seattle,WA,House,8,76.5,89.4,0.0,343.9,33523.4,1752,3,0.12,4040.91
New York,NY,Condo,6,78.2,46.7,0.0,394.6,28812.1,1564,2,0.216,6240.28
Chicago,IL,Condo,3,39.7,65.3,759.4,0.0,63817.9,1496,1,0.14,8950.49
Houston,TX,House,7,95.9,59.3,0.0,927.3,130037.5,2634,2,0.144,18706.04
Boston,MA,House,10,53.5,48.3,345.1,0.0,38978.7,1647,2,0.21,8170.34
Phoenix,AZ,Apartment,10,77.5,81.5,0.0,373.6,10529.4,668,1,0.13,1360.98
Seattle,WA,Townhouse,7,71.4,78.5,0.0,192.0,21816.1,2102,3,0.12,2602.33
Seattle,WA,Condo,8,72.8,34.0,0.0,233.9,17654.0,1569,1,0.12,2128.5
Seattle,WA,Large House,11,54.8,39.5,305.2,0.0,89159.8,3685,3,0.1,8923.39
Seattle,WA,Townhouse,2,43.4,43.0,646.5,0.0,60255.9,1505,3,0.11,6639.86
Denver,CO,Townhouse,1,47.4,50.1,527.1,0.0,71713.5,2196,2,0.132,9475.06
Houston,TX,Townhouse,5,85.8,54.0,0.0,622.5,66501.8,2147,3,0.12,7981.55
Denver,CO,Condo,10,61.7,44.5,99.4,0.0,5132.2,800,1,0.12,605.98
Miami,FL,Townhouse,7,94.0,52.4,0.0,868.7,83456.0,1948,3,0.132,11019.4
Houston,TX,Condo,6,85.6,76.9,0.0,618.2,25234.5,895,1,0.144,3634.45
Atlanta,GA,Townhouse,4,61.7,30.5,97.5,0.0,8640.9,1265,1,0.13,1116.21
Houston,TX,House,8,90.2,60.8,0.0,757.5,114924.8,2832,4,0.144,16550.31
Miami,FL,Large House,1,64.2,62.2,23.1,0.0,9392.2,3122,1,0.121,1119.89
Houston,TX,Large House,2,69.4,45.0,0.0,131.5,33441.4,3664,1,0.132,4415.66
Chicago,IL,Apartment,1,28.5,35.8,1095.4,0.0,55524.4,997,1,0.154,8546.98
Denver,CO,Townhouse,7,73.3,57.2,0.0,249.2,19516.4,1508,1,0.144,2816.05
New York,NY,Condo,7,76.4,78.5,0.0,343.3,22276.9,1392,1,0.216,4829.49
Chicago,IL,Condo,1,23.5,41.7,1244.2,0.0,84118.7,1213,1,0.154,12954.37
Miami,FL,Townhouse,12,68.2,38.3,0.0,94.7,6906.3,1219,2,0.121,819.48
Phoenix,AZ,Condo,1,61.8,36.2,95.9,0.0,7599.2,1213,2,0.143,1079.47
Atlanta,GA,Large House,3,56.8,54.1,245.1,0.0,59732.7,3039,1,0.13,7753.48
Denver,CO,Condo,3,49.8,31.9,456.6,0.0,24457.3,938,1,0.12,2949.63
Atlanta,GA,Condo,3,47.5,52.7,525.8,0.0,44247.0,1480,1,0.13,5735.93
Atlanta,GA,Apartment,2,45.6,48.4,583.2,0.0,18499.8,616,1,0.143,2629.52
Houston,TX,Condo,6,92.6,37.0,0.0,826.6,36744.9,985,1,0.144,5280.99
Atlanta,GA,Townhouse,6,72.8,50.0,0.0,233.8,25419.9,2052,4,0.156,3952.93
Seattle,WA,Townhouse,5,63.3,30.3,51.5,0.0,7584.4,1824,2,0.1,758.92
Seattle,WA,Condo,5,66.3,65.0,0.0,38.9,2616.1,978,1,0.1,259.1
Boston,MA,House,11,42.8,64.4,667.0,0.0,149139.8,3353,2,0.21,31313.78
Atlanta,GA,House,4,61.3,35.5,109.5,0.0,18747.7,2229,4,0.13,2457.1
Seattle,WA,Townhouse,6,68.7,75.8,0.0,110.3,11201.9,1776,1,0.12,1330.53
Houston,TX,Large House,1,61.2,36.3,115.1,0.0,42544.7,4268,4,0.132,5635.6
Houston,TX,Condo,7,88.6,82.7,0.0,707.8,44946.4,1395,2,0.144,6490.24
Seattle,WA,House,12,45.4,63.7,588.6,0.0,84789.9,2150,2,0.11,9334.88
Seattle,WA,Condo,11,54.5,50.3,314.6,0.0,29078.9,1584,3,0.1,2899.48
Seattle,WA,House,10,58.0,58.5,209.0,0.0,26636.0,1808,2,0.1,2661.91
Seattle,WA,Condo,12,45.2,42.8,592.8,0.0,48359.3,1440,1,0.11,5315.95
Miami,FL,Large House,12,65.7,31.6,0.0,20.6,9810.0,3878,2,0.121,1182.74
Denver,CO,Condo,5,64.9,44.2,2.9,0.0,1677.3,1379,2,0.12,216.86
Denver,CO,Apartment,7,78.6,70.4,0.0,408.1,10341.0,598,1,0.144,1473.16
Denver,CO,Condo,12,42.3,31.4,681.2,0.0,48949.6,1272,1,0.132,6460.31
Seattle,WA,Apartment,8,78.4,46.4,0.0,402.9,11456.3,670,1,0.12,1387.34
Denver,CO,Apartment,9,72.3,64.4,0.0,219.6,6185.4,643,1,0.12,761.42
Phoenix,AZ,House,4,78.8,56.5,0.0,414.9,61658.0,2712,3,0.13,8021.24
Chicago,IL,Large House,11,48.4,47.8,497.3,0.0,129069.2,3336,4,0.14,18057.89
Houston,TX,Large House,2,67.5,65.1,0.0,74.4,22692.4,3942,2,0.132,3000.62
Phoenix,AZ,Apartment,4,76.1,69.9,0.0,331.7,12915.7,904,1,0.13,1663.44
Seattle,WA,House,12,42.9,54.6,663.5,0.0,93277.3,2098,4,0.11,10241.53
Denver,CO,Condo,4,59.0,32.0,180.0,0.0,12445.7,1136,1,0.12,1477.78
Miami,FL,Large House,1,64.8,44.8,7.2,0.0,6238.9,3232,4,0.121,764.16
New York,NY,Apartment,4,51.7,46.3,398.3,0.0,15239.6,731,1,0.18,2749.77
Boston,MA,Condo,11,42.8,79.5,665.6,0.0,40604.1,1080,1,0.21,8534.52
Los Angeles,CA,Apartment,2,49.0,32.3,479.9,0.0,23603.0,944,1,0.242,5728.27
Los Angeles,CA,Apartment,7,75.8,72.6,0.0,323.5,7140.0,510,1,0.264,1868.29
New York,NY,Apartment,5,68.9,32.3,0.0,118.1,6574.0,1171,1,0.18,1196.56
Seattle,WA,House,2,50.5,34.3,435.6,0.0,68461.4,2327,1,0.11,7512.34
Phoenix,AZ,Condo,2,62.6,83.7,72.7,0.0,7940.0,1588,1,0.143,1127.52
Phoenix,AZ,Condo,1,59.0,55.5,180.8,0.0,11232.1,1014,2,0.143,1608.81
Los Angeles,CA,House,10,66.2,52.9,0.0,36.2,5028.8,1704,1,0.22,1117.82
Los Angeles,CA,Apartment,8,77.8,77.0,0.0,383.1,9983.5,618,1,0.264,2642.91
New York,NY,Condo,5,61.6,86.0,101.5,0.0,8362.8,1275,1,0.18,1511.51
Phoenix,AZ,Apartment,2,68.5,47.9,0.0,105.3,3210.6,635,1,0.143,458.5
Los Angeles,CA,Large House,4,57.8,60.6,217.1,0.0,87754.3,4986,4,0.22,19297.73
Seattle,WA,Condo,10,62.5,87.8,73.8,0.0,4327.7,873,1,0.1,438.26
Phoenix,AZ,Large House,2,61.2,64.7,113.4,0.0,42724.0,4346,4,0.143,6099.51
Chicago,IL,Apartment,6,69.8,44.2,0.0,142.8,5329.8,790,1,0.168,884.11
New York,NY,House,10,61.7,41.1,100.3,0.0,22030.3,2858,4,0.18,3967.36
Miami,FL,Townhouse,3,72.6,59.8,0.0,227.3,18243.9,1530,1,0.11,1989.84
Chicago,IL,Townhouse,5,68.1,86.1,0.0,92.6,9532.1,1698,3,0.14,1336.21
Atlanta,GA,Townhouse,9,69.3,66.3,0.0,127.8,12569.4,1738,2,0.13,1653.3
Atlanta,GA,Condo,1,41.1,89.4,718.2,0.0,33707.2,831,1,0.143,4813.76
Boston,MA,Townhouse,11,42.1,51.8,687.5,0.0,90773.0,2139,4,0.21,19077.79
Chicago,IL,House,11,44.6,53.4,613.3,0.0,122073.7,2983,1,0.14,17096.46
Seattle,WA,Townhouse,1,48.7,58.6,487.8,0.0,44557.6,1465,2,0.11,4884.66
Phoenix,AZ,Apartment,4,76.1,87.3,0.0,332.8,7210.2,505,1,0.13,924.53
New York,NY,Large House,8,80.8,30.2,0.0,473.1,136061.9,4593,1,0.216,29401.88
Seattle,WA,Large House,10,59.7,88.3,158.4,0.0,41765.5,3120,6,0.1,4175.99
Denver,CO,Condo,1,41.7,60.1,699.4,0.0,50628.0,1283,2,0.132,6676.94
Chicago,IL,Condo,4,50.8,63.4,425.7,0.0,23048.7,946,1,0.14,3228.26
Boston,MA,Townhouse,3,40.6,66.4,732.6,0.0,78205.7,1738,1,0.21,16404.48
Phoenix,AZ,Apartment,1,61.5,78.2,104.3,0.0,6563.0,1067,2,0.143,954.11
Los Angeles,CA,Apartment,4,61.3,86.7,112.2,0.0,5542.9,855,1,0.22,1212.18
Boston,MA,Condo,3,42.3,37.9,680.8,0.0,61101.8,1584,3,0.21,12843.03
Seattle,WA,Townhouse,2,52.4,51.6,379.2,0.0,44319.6,1854,3,0.11,4894.38
Atlanta,GA,House,9,66.3,62.4,0.0,38.3,6238.0,1992,1,0.13,791.89
Phoenix,AZ,Apartment,10,77.4,34.6,0.0,372.8,12541.1,794,1,0.13,1640.71
Denver,CO,Apartment,11,53.7,54.6,339.1,0.0,13728.2,768,1,0.12,1656.7
Chicago,IL,Large House,1,29.4,70.4,1067.5,0.0,273122.8,3358,1,0.154,42049.85
Seattle,WA,Condo,6,72.7,43.6,0.0,232.1,14642.0,1309,1,0.12,1767.96
Chicago,IL,Apartment,4,51.5,85.1,404.8,0.0,24892.5,1176,2,0.14,3493.76
Atlanta,GA,Large House,1,45.5,87.5,584.2,0.0,164982.4,3653,3,0.143,23603.85
Atlanta,GA,Large House,5,64.4,46.7,16.6,0.0,10987.7,4429,1,0.13,1437.86
Seattle,WA,Large House,7,70.5,47.9,0.0,164.7,47067.8,4160,6,0.12,5648.93
Denver,CO,House,1,47.3,53.3,531.6,0.0,80988.6,2272,1,0.132,10680.12
Boston,MA,Townhouse,6,69.8,49.1,0.0,144.9,13200.4,1654,1,0.252,3310.24
Houston,TX,House,11,69.0,83.9,0.0,119.7,19264.0,2647,1,0.12,2305.99
New York,NY,Large House,5,67.2,67.0,0.0,66.9,18242.3,3398,4,0.18,3288.14
Seattle,WA,Townhouse,5,66.7,59.9,0.0,52.2,5545.2,1508,2,0.1,547.45
New York,NY,Large House,5,62.4,38.5,77.9,0.0,31112.0,4383,2,0.18,5588.66
Denver,CO,Apartment,1,44.5,37.6,613.7,0.0,24580.0,780,1,0.132,3237.8
Houston,TX,House,10,80.3,48.9,0.0,460.4,43205.9,1721,2,0.12,5202.98
New York,NY,House,3,42.6,52.7,671.1,0.0,143720.3,3208,4,0.18,25856.23
Boston,MA,Apartment,4,55.6,67.2,282.9,0.0,10796.4,718,1,0.21,2271.23
Miami,FL,Condo,4,77.4,85.3,0.0,372.0,15285.5,884,1,0.11,1676.88
New York,NY,Townhouse,1,29.1,53.5,1078.5,0.0,140391.2,2133,2,0.198,27805.06
Atlanta,GA,Apartment,8,73.9,87.1,0.0,265.6,7671.6,661,1,0.156,1209.94
New York,NY,Townhouse,2,32.4,76.1,977.5,0.0,96713.1,1617,2,0.198,19143.56
Houston,TX,Large House,3,68.8,42.6,0.0,114.7,39814.9,4842,4,0.12,4791.15
Seattle,WA,Condo,3,56.7,37.3,248.6,0.0,16984.3,1163,1,0.1,1684.7
New York,NY,Townhouse,9,64.1,39.1,27.7,0.0,5465.1,1998,2,0.18,990.58
New York,NY,Apartment,10,54.1,67.1,326.5,0.0,12856.2,745,1,0.18,2313.61
Atlanta,GA,Apartment,1,41.8,64.9,694.9,0.0,19936.8,559,1,0.143,2834.94
Chicago,IL,Condo,6,76.0,33.8,0.0,330.0,18517.2,1185,2,0.168,3105.05
Atlanta,GA,Townhouse,1,45.8,67.3,576.2,0.0,69392.7,1944,2,0.143,9912.24
Phoenix,AZ,Townhouse,12,60.4,44.1,139.0,0.0,19144.6,2023,2,0.143,2743.71
Boston,MA,House,9,66.8,52.6,0.0,55.5,12176.3,3073,1,0.21,2548.54
Houston,TX,House,1,58.2,47.7,204.5,0.0,45294.6,3102,6,0.132,5966.73
Atlanta,GA,Apartment,2,52.7,55.7,367.8,0.0,22942.9,1186,2,0.143,3277.95
New York,NY,Townhouse,3,43.5,75.6,645.6,0.0,74540.2,1874,2,0.18,13398.3
Atlanta,GA,Condo,9,69.8,33.3,0.0,143.0,6512.6,888,1,0.13,858.53
Atlanta,GA,Apartment,3,47.7,36.8,519.2,0.0,17089.1,635,1,0.13,2223.47
Boston,MA,Apartment,7,80.3,42.3,0.0,459.8,22104.1,1144,2,0.252,5556.28
Boston,MA,Apartment,9,64.7,38.3,8.5,0.0,1222.9,864,1,0.21,257.47
Phoenix,AZ,Large House,6,92.1,35.0,0.0,813.5,192692.1,3848,2,0.156,30046.06
Phoenix,AZ,Condo,1,66.4,44.7,0.0,41.7,2458.7,841,1,0.143,362.52
Houston,TX,Large House,9,83.5,44.6,0.0,554.6,144209.4,4156,6,0.12,17293.42
Phoenix,AZ,House,6,91.5,52.8,0.0,795.4,116224.0,2727,5,0.156,18149.78
Denver,CO,Townhouse,2,48.5,78.1,493.9,0.0,52428.0,1702,3,0.132,6914.2
Los Angeles,CA,Townhouse,4,53.4,35.9,347.6,0.0,46906.5,2141,2,0.22,10334.25
Seattle,WA,Townhouse,3,50.9,41.0,422.1,0.0,50622.1,1917,2,0.1,5073.93
Houston,TX,Townhouse,2,64.9,89.6,3.6,0.0,2588.8,2024,2,0.132,335.54
Houston,TX,House,6,86.1,75.1,0.0,634.2,98414.3,2877,4,0.144,14190.76
Phoenix,AZ,Large House,8,91.9,39.6,0.0,806.6,201121.8,4047,3,0.156,31387.08
Phoenix,AZ,Townhouse,2,64.1,38.3,28.0,0.0,3364.4,1222,2,0.143,477.64
Chicago,IL,Large House,7,79.3,50.0,0.0,430.1,99617.9,3669,4,0.168,16748.54
New York,NY,House,3,45.8,72.7,577.3,0.0,117567.4,3037,4,0.18,21179.92
Miami,FL,Apartment,10,77.6,82.6,0.0,377.2,15283.6,951,1,0.11,1664.11
Atlanta,GA,Apartment,5,68.0,41.2,0.0,90.3,4336.0,947,1,0.13,555.39
Boston,MA,House,9,73.3,72.0,0.0,250.5,46606.7,3255,6,0.21,9767.65
Miami,FL,House,12,67.6,38.2,0.0,77.4,13919.4,2661,4,0.121,1685.04
New York,NY,House,1,29.5,61.8,1065.1,0.0,134686.5,1916,1,0.198,26666.05
Chicago,IL,Condo,4,55.9,85.6,272.0,0.0,20027.2,1255,1,0.14,2794.6
Los Angeles,CA,House,8,69.1,41.8,0.0,123.5,17853.4,2319,4,0.264,4720.15
Denver,CO,House,4,53.7,38.3,339.8,0.0,35063.4,1508,1,0.12,4193.67
New York,NY,Large House,5,61.3,79.0,112.0,0.0,39207.7,4030,3,0.18,7072.18
Houston,TX,Condo,4,77.8,52.9,0.0,382.7,22157.1,1233,2,0.12,2659.24
Denver,CO,Large House,7,77.4,35.1,0.0,372.0,95420.1,4021,6,0.144,13720.84
Miami,FL,Townhouse,10,83.9,82.6,0.0,567.2,60668.4,2139,3,0.11,6654.49
Miami,FL,House,5,78.1,41.3,0.0,394.1,57427.6,2663,1,0.11,6311.82
Los Angeles,CA,Large House,4,61.2,88.1,112.5,0.0,36530.8,3766,1,0.22,8019.86
Miami,FL,Townhouse,7,90.4,84.0,0.0,763.5,49624.4,1312,2,0.132,6566.21
New York,NY,Large House,1,30.3,64.6,1039.9,0.0,273454.9,3443,5,0.198,54153.48
Phoenix,AZ,Townhouse,11,68.8,46.3,0.0,114.6,8228.7,1269,1,0.13,1065.96
Denver,CO,Townhouse,2,51.3,41.5,409.9,0.0,48777.1,1903,1,0.132,6422.7
Denver,CO,Condo,8,72.2,60.3,0.0,215.9,11754.2,1117,2,0.144,1697.58
New York,NY,Apartment,7,77.8,56.8,0.0,384.4,16827.6,1028,2,0.216,3647.38
Denver,CO,Townhouse,1,41.5,57.8,703.6,0.0,56026.6,1293,1,0.132,7379.62
Atlanta,GA,Large House,12,49.0,59.0,479.0,0.0,154671.1,4144,6,0.143,22101.71
Miami,FL,Large House,7,96.8,36.8,0.0,953.3,226654.1,3868,5,0.132,29917.15
Seattle,WA,House,6,68.0,42.0,0.0,90.6,16079.0,2686,5,0.12,1928.54
New York,NY,Townhouse,1,25.1,41.4,1197.8,0.0,112485.2,1540,3,0.198,22273.62
Atlanta,GA,Townhouse,7,77.1,62.7,0.0,361.7,28311.3,1535,2,0.156,4434.64
Houston,TX,Large House,11,67.6,39.6,0.0,78.9,25749.0,4215,5,0.12,3075.56
Boston,MA,House,6,69.7,49.8,0.0,140.0,22193.9,2645,1,0.252,5610.02
Seattle,WA,Large House,8,69.0,82.5,0.0,121.3,36167.7,4238,2,0.12,4326.19
Denver,CO,Townhouse,4,54.8,75.2,306.4,0.0,26550.7,1361,2,0.12,3188.49
Houston,TX,Townhouse,6,91.1,72.6,0.0,783.3,49180.8,1271,2,0.144,7067.06
Denver,CO,Townhouse,5,68.7,30.3,0.0,110.5,10375.5,1636,1,0.12,1257.79
New York,NY,Large House,10,53.3,73.3,352.5,0.0,135697.5,4892,4,0.18,24423.81
Houston,TX,Large House,12,68.5,77.6,0.0,105.0,35772.5,4729,2,0.132,4738.76
Los Angeles,CA,Apartment,9,68.2,71.6,0.0,95.7,3794.3,799,1,0.22,834.9
Seattle,WA,Condo,1,40.6,56.6,731.6,0.0,65949.3,1598,3,0.11,7237.35
Chicago,IL,Townhouse,3,43.8,59.3,637.5,0.0,55129.9,1398,2,0.14,7736.75
Miami,FL,House,12,68.9,35.6,0.0,115.6,20687.5,2856,4,0.121,2520.3
Seattle,WA,Apartment,11,50.1,51.9,447.5,0.0,25552.2,1093,2,0.1,2549.22
Seattle,WA,House,8,69.4,66.6,0.0,132.2,18883.6,2332,3,0.12,2266.99
Houston,TX,Condo,5,77.2,66.9,0.0,364.8,27234.1,1597,2,0.12,3254.55
Phoenix,AZ,Condo,11,68.0,57.5,0.0,88.9,5851.6,1188,2,0.13,768.49
Chicago,IL,Apartment,10,54.4,67.4,316.8,0.0,9605.0,577,1,0.14,1325.55
Phoenix,AZ,House,11,66.5,36.8,0.0,45.0,7014.0,1998,2,0.13,917.44
Los Angeles,CA,Apartment,6,66.4,53.8,0.0,43.2,1524.9,538,1,0.264,388.63
New York,NY,Apartment,9,68.0,63.6,0.0,90.4,2497.2,533,1,0.18,456.28
Boston,MA,Townhouse,10,61.2,42.2,114.4,0.0,13363.1,1666,3,0.21,2806.55
Houston,TX,Townhouse,8,92.0,36.5,0.0,810.0,84399.4,2115,1,0.144,12152.4
Los Angeles,CA,Townhouse,7,79.8,53.2,0.0,445.5,32549.8,1448,2,0.264,8606.42
Chicago,IL,Apartment,4,55.9,79.0,272.2,0.0,8626.6,593,1,0.14,1202.32
Denver,CO,Condo,5,61.6,83.3,100.8,0.0,8024.6,1202,2,0.12,982.49
Boston,MA,Condo,5,68.1,71.4,0.0,93.3,4153.4,802,1,0.21,878.53
New York,NY,Large House,7,74.9,70.0,0.0,295.9,82767.0,4360,1,0.216,17858.37
Los Angeles,CA,Large House,1,42.8,79.4,666.1,0.0,212484.2,4145,3,0.242,51405.76
Houston,TX,Apartment,11,69.2,55.2,0.0,126.1,4233.0,702,1,0.12,496.65
Atlanta,GA,Condo,1,40.6,32.3,732.9,0.0,36722.3,891,1,0.143,5264.12
Atlanta,GA,Condo,2,48.2,73.6,503.7,0.0,39326.0,1366,2,0.143,5616.01
Denver,CO,Apartment,3,50.4,87.1,439.2,0.0,23661.7,1039,1,0.12,2841.16
Atlanta,GA,Condo,10,63.2,43.8,53.5,0.0,5925.3,1499,1,0.13,778.55
Boston,MA,House,7,81.7,53.6,0.0,501.1,45686.7,1681,1,0.252,11518.75
Denver,CO,Apartment,3,52.2,50.9,384.0,0.0,12997.7,640,1,0.12,1570.16
Phoenix,AZ,House,12,67.5,82.3,0.0,74.0,10504.8,2025,4,0.143,1491.0
Los Angeles,CA,Apartment,6,72.7,74.5,0.0,232.3,12081.9,1197,1,0.264,3194.15
Boston,MA,Condo,10,61.8,35.7,96.4,0.0,8012.5,1258,2,0.21,1667.62
Phoenix,AZ,Condo,11,70.7,54.5,0.0,172.3,10607.5,1232,1,0.13,1384.88
Los Angeles,CA,House,8,75.9,35.9,0.0,327.0,43358.4,2374,4,0.264,11442.55
Chicago,IL,Large House,9,68.1,44.2,0.0,92.8,31827.1,4659,2,0.14,4472.04
Miami,FL,Apartment,2,68.8,76.9,0.0,113.7,6390.8,1170,2,0.121,790.26
Chicago,IL,Large House,3,41.3,56.6,710.3,0.0,184571.2,3376,4,0.14,25840.57
Atlanta,GA,Condo,8,69.9,53.7,0.0,145.7,10919.9,1459,2,0.156,1690.26
Denver,CO,Large House,11,54.4,66.6,318.7,0.0,122025.6,4826,6,0.12,14646.3
Houston,TX,Townhouse,10,76.4,50.5,0.0,340.7,30377.3,1748,1,0.12,3643.87
Seattle,WA,Townhouse,10,60.8,31.5,125.9,0.0,18058.1,2056,4,0.1,1822.3
Miami,FL,Large House,1,66.2,85.1,0.0,37.3,12779.8,3649,1,0.121,1538.0
Boston,MA,Apartment,7,79.5,41.3,0.0,435.4,15261.8,837,1,0.252,3858.9
Atlanta,GA,Townhouse,7,75.3,56.5,0.0,310.3,24867.8,1559,1,0.156,3893.04
Phoenix,AZ,Large House,7,95.7,51.7,0.0,921.9,174123.9,3080,1,0.156,27172.07
Chicago,IL,Townhouse,5,66.4,61.4,0.0,41.6,5693.5,1808,3,0.14,810.5
Boston,MA,Townhouse,11,46.3,68.6,562.1,0.0,58235.4,1674,1,0.21,12233.01
New York,NY,Apartment,2,33.3,33.8,949.9,0.0,31638.5,653,1,0.198,6277.85
New York,NY,House,5,67.5,31.4,0.0,76.3,9683.5,1850,3,0.18,1747.07
Chicago,IL,Condo,3,41.1,42.6,717.6,0.0,41671.7,1032,1,0.14,5836.47
Seattle,WA,Condo,1,46.4,31.2,558.3,0.0,25717.9,813,1,0.11,2819.43
Chicago,IL,House,11,41.4,72.1,708.3,0.0,139660.9,2955,4,0.14,19547.07
Boston,MA,Townhouse,1,27.9,76.9,1111.6,0.0,129646.8,1914,2,0.231,29954.08
Phoenix,AZ,Townhouse,7,96.0,70.7,0.0,930.4,99342.8,2168,3,0.156,15487.7
Seattle,WA,Large House,8,72.6,48.2,0.0,228.6,69215.9,4615,2,0.12,8294.66
Miami,FL,Apartment,5,86.0,88.5,0.0,628.9,23207.3,889,1,0.11,2549.56
Denver,CO,Condo,11,54.1,77.2,328.0,0.0,29841.9,1565,2,0.12,3595.27
Miami,FL,Large House,7,95.5,79.9,0.0,916.4,241273.2,4290,2,0.132,31867.21
Phoenix,AZ,Large House,6,83.3,69.8,0.0,548.8,119464.9,3492,2,0.156,18631.13
Boston,MA,Apartment,9,66.4,76.4,0.0,43.1,3065.0,1123,2,0.21,654.52
Atlanta,GA,Large House,4,55.5,44.6,284.5,0.0,98905.3,4345,6,0.13,12854.91
Atlanta,GA,Townhouse,9,65.2,73.4,0.0,7.1,1805.7,1232,2,0.13,246.73
Miami,FL,Apartment,10,79.0,39.9,0.0,420.3,12122.2,679,1,0.11,1315.49
Houston,TX,Townhouse,3,70.7,71.8,0.0,170.1,19751.8,2139,2,0.12,2386.8
Boston,MA,Condo,10,58.3,85.3,199.5,0.0,13553.1,1122,2,0.21,2864.93
New York,NY,Condo,9,68.2,50.1,0.0,96.5,4458.5,829,1,0.18,786.93
New York,NY,Condo,12,28.0,89.5,1108.5,0.0,93813.3,1513,3,0.198,18562.42
Denver,CO,Apartment,5,61.3,33.9,111.9,0.0,4748.1,714,1,0.12,573.63
Houston,TX,Condo,8,87.9,77.8,0.0,686.4,44868.8,1435,2,0.144,6445.13
Chicago,IL,Condo,11,42.7,82.1,667.6,0.0,43739.5,1161,1,0.14,6110.92
Boston,MA,Townhouse,3,45.4,52.8,587.9,0.0,64088.3,1764,2,0.21,13465.27
Los Angeles,CA,Apartment,9,67.2,41.5,0.0,67.0,3178.7,872,1,0.22,693.32
Phoenix,AZ,Townhouse,2,69.8,77.9,0.0,143.0,11769.7,1465,2,0.143,1688.1
Atlanta,GA,Condo,6,70.8,84.1,0.0,173.0,7679.4,896,1,0.156,1211.13
Miami,FL,Condo,12,68.2,55.1,0.0,97.1,6619.7,1264,1,0.121,802.74
Los Angeles,CA,House,8,73.4,53.1,0.0,252.7,27297.8,1909,1,0.264,7192.23
Los Angeles,CA,Townhouse,8,76.2,75.7,0.0,335.7,27320.2,1583,2,0.264,7222.97
Phoenix,AZ,Apartment,3,70.1,61.5,0.0,154.1,6606.9,934,1,0.13,870.24
Boston,MA,House,3,43.2,33.6,653.6,0.0,66905.8,1528,3,0.21,14033.57
Seattle,WA,Condo,1,49.5,56.1,465.1,0.0,27735.1,1040,2,0.11,3033.23
Miami,FL,Apartment,12,68.2,37.5,0.0,95.3,3995.9,837,1,0.121,492.44
Boston,MA,Condo,11,49.5,42.9,464.3,0.0,23995.0,902,1,0.21,5052.06
Denver,CO,Large House,9,68.1,50.6,0.0,92.6,33738.9,4960,1,0.12,4054.97
Chicago,IL,Apartment,3,41.0,52.0,719.8,0.0,32472.5,878,1,0.14,4531.94
Chicago,IL,Condo,2,28.3,51.7,1100.2,0.0,64780.2,1052,2,0.154,9971.29
Chicago,IL,Large House,10,59.2,47.6,174.5,0.0,44774.6,3130,1,0.14,6259.85
Phoenix,AZ,Condo,2,66.5,44.9,0.0,44.1,3944.4,1333,1,0.143,558.94
Los Angeles,CA,Apartment,11,55.6,65.1,280.7,0.0,17421.6,1168,1,0.22,3839.87
Los Angeles,CA,Townhouse,1,46.8,36.9,545.0,0.0,54583.2,1617,1,0.242,13207.85
Chicago,IL,House,6,78.1,42.8,0.0,392.9,67825.9,3156,1,0.168,11379.22
Seattle,WA,Condo,11,56.4,73.9,256.9,0.0,21557.1,1429,1,0.1,2168.51
Chicago,IL,Condo,2,31.0,84.0,1020.9,0.0,80406.2,1407,1,0.154,12380.27
Boston,MA,House,8,75.6,63.9,0.0,317.7,30598.3,1733,1,0.252,7710.25
Boston,MA,Townhouse,6,72.7,41.8,0.0,231.9,25104.4,2070,1,0.252,6319.02
New York,NY,Condo,1,30.4,61.2,1037.3,0.0,54229.1,934,1,0.198,10739.55
New York,NY,Condo,12,36.8,40.2,845.9,0.0,53131.0,1117,2,0.198,10515.94
Seattle,WA,Apartment,4,55.7,66.3,278.3,0.0,17274.3,1164,1,0.1,1715.66
Seattle,WA,House,11,55.3,62.2,292.4,0.0,44772.1,2212,3,0.1,4466.82
Seattle,WA,Large House,9,65.8,44.6,0.0,22.7,8342.0,3197,1,0.1,819.49
Chicago,IL,Apartment,1,25.4,46.8,1186.9,0.0,49390.8,821,1,0.154,7608.01
Chicago,IL,Condo,1,28.4,62.8,1099.4,0.0,55293.4,900,1,0.154,8504.62
New York,NY,Large House,12,35.3,82.9,890.6,0.0,232331.3,3403,6,0.198,46002.52
Seattle,WA,Condo,7,75.4,70.6,0.0,311.2,11936.9,809,1,0.12,1438.37
Boston,MA,Condo,12,32.7,60.6,970.2,0.0,64646.6,1189,1,0.231,14939.3
Seattle,WA,House,3,47.2,37.8,533.1,0.0,56969.5,1594,1,0.1,5705.64
New York,NY,House,1,27.3,46.1,1129.9,0.0,181468.7,2435,1,0.198,35942.57
Denver,CO,Large House,6,68.2,30.4,0.0,95.0,22445.4,3213,2,0.144,3242.73
Atlanta,GA,Apartment,10,60.6,86.1,131.5,0.0,5768.6,771,1,0.13,748.82
Atlanta,GA,House,6,74.2,66.0,0.0,276.8,34357.8,2193,4,0.156,5359.76
Houston,TX,House,8,94.1,71.3,0.0,873.3,140303.7,3003,6,0.144,20203.76
Chicago,IL,House,4,53.0,38.1,359.8,0.0,66243.4,2697,3,0.14,9287.24
Boston,MA,Large House,4,52.7,59.7,368.3,0.0,142101.2,4925,1,0.21,29829.08
Denver,CO,House,12,43.7,38.4,640.2,0.0,89146.8,2086,1,0.132,11784.48
Phoenix,AZ,House,2,67.9,83.1,0.0,86.2,12025.8,2118,3,0.143,1716.66
Houston,TX,Apartment,5,77.7,57.4,0.0,381.5,19362.9,1196,1,0.12,2330.92
Chicago,IL,Apartment,6,74.1,36.8,0.0,273.4,8177.4,690,1,0.168,1375.08
Seattle,WA,Condo,7,70.3,45.0,0.0,158.2,8554.9,1068,2,0.12,1028.14
Atlanta,GA,House,10,66.3,43.0,0.0,38.1,8218.1,2545,4,0.13,1079.53
Houston,TX,Apartment,1,61.9,66.2,94.1,0.0,4443.0,784,1,0.132,582.54
Houston,TX,Apartment,6,90.5,38.7,0.0,764.0,34375.4,1090,1,0.144,4969.57
Atlanta,GA,Apartment,11,53.8,33.5,335.2,0.0,20420.0,1159,1,0.13,2643.52
Los Angeles,CA,Apartment,5,66.4,71.1,0.0,42.8,1501.0,551,1,0.22,313.49
Boston,MA,Condo,3,39.8,37.4,755.8,0.0,56291.3,1325,1,0.21,11804.67
Los Angeles,CA,House,12,48.5,80.9,494.4,0.0,89892.0,2694,4,0.242,21760.96
Denver,CO,Large House,12,47.2,45.1,533.8,0.0,191341.3,4618,6,0.132,25272.83
Atlanta,GA,Large House,8,69.6,39.7,0.0,137.1,41138.9,4278,5,0.156,6401.92
Los Angeles,CA,Apartment,5,66.9,89.3,0.0,57.2,3439.6,1059,2,0.22,766.23
Denver,CO,Large House,9,74.9,83.5,0.0,298.5,83306.4,4357,1,0.12,9979.84
Houston,TX,Townhouse,7,87.9,54.5,0.0,688.4,71101.9,2082,2,0.144,10225.4
Boston,MA,Townhouse,6,76.4,75.2,0.0,343.5,28983.2,1659,1,0.252,7307.64
Atlanta,GA,House,4,53.9,80.4,333.4,0.0,56826.4,2499,1,0.13,7401.55
Atlanta,GA,Large House,10,62.3,86.9,80.9,0.0,23229.4,3109,4,0.13,3004.38
Houston,TX,Apartment,8,95.9,50.9,0.0,927.3,22061.4,578,1,0.144,3184.67
Los Angeles,CA,House,4,54.9,85.3,301.7,0.0,65736.6,3143,6,0.22,14451.74
Boston,MA,Large House,9,69.8,75.3,0.0,143.5,36405.1,3674,3,0.21,7652.65
New York,NY,Condo,8,78.0,75.0,0.0,390.4,26954.9,1488,1,0.216,5833.31
Denver,CO,Condo,6,75.0,79.2,0.0,301.1,21517.7,1511,2,0.144,3102.45
Atlanta,GA,Large House,2,51.5,90.0,404.8,0.0,105106.0,3313,4,0.143,15035.44
Chicago,IL,Townhouse,6,77.1,34.2,0.0,362.6,24282.2,1308,2,0.168,4089.01
Miami,FL,Large House,2,68.4,84.2,0.0,102.9,32589.3,4288,6,0.121,3956.59
Seattle,WA,Condo,2,50.1,54.3,448.0,0.0,38807.8,1520,1,0.11,4276.71
Seattle,WA,Condo,10,60.6,35.9,132.6,0.0,11701.7,1412,2,0.1,1181.07
Phoenix,AZ,Townhouse,4,74.9,76.6,0.0,296.9,19973.3,1296,2,0.13,2576.88
Boston,MA,Large House,7,81.4,76.5,0.0,491.1,125634.1,4067,6,0.252,31665.81
Seattle,WA,Townhouse,6,67.4,46.7,0.0,70.7,9679.8,2103,4,0.12,1164.07
Atlanta,GA,Large House,3,51.6,68.2,401.7,0.0,139269.6,4438,1,0.13,18098.19
Los Angeles,CA,House,7,70.7,42.4,0.0,170.0,25312.9,2540,1,0.264,6681.42
Seattle,WA,House,1,41.2,69.4,713.7,0.0,117880.4,2479,2,0.11,12985.83
Chicago,IL,Townhouse,3,43.5,74.1,646.1,0.0,74337.5,1866,1,0.14,10391.02
Atlanta,GA,Large House,12,46.1,84.7,566.5,0.0,151672.6,3470,1,0.143,21678.57
Miami,FL,Townhouse,1,63.5,48.6,45.4,0.0,4844.7,1296,1,0.121,578.07
Denver,CO,Townhouse,3,47.3,71.6,530.8,0.0,62146.9,1885,3,0.12,7471.1
Miami,FL,Apartment,12,63.4,51.1,48.2,0.0,3860.0,1115,2,0.121,450.69
Denver,CO,House,11,53.2,46.4,355.0,0.0,39666.7,1633,2,0.12,4763.05
Los Angeles,CA,Townhouse,8,75.2,67.2,0.0,306.3,24450.6,1559,1,0.264,6442.66
New York,NY,Townhouse,5,63.0,49.5,60.0,0.0,9503.6,2050,2,0.18,1715.99
New York,NY,Large House,3,43.7,79.3,639.8,0.0,186420.6,3789,1,0.18,33561.43
Miami,FL,House,6,84.8,64.7,0.0,594.4,88726.5,2762,3,0.132,11693.31
Chicago,IL,Condo,8,76.3,69.8,0.0,339.8,19176.6,1191,2,0.168,3225.66
Chicago,IL,Large House,6,74.4,35.6,0.0,281.2,63099.8,3478,2,0.168,10614.16
Denver,CO,Condo,10,65.4,77.6,0.0,10.7,2185.6,1493,1,0.12,254.49
Phoenix,AZ,Condo,5,81.2,40.7,0.0,487.4,18063.8,802,1,0.13,2339.1
Houston,TX,Condo,5,86.5,45.4,0.0,645.7,43746.6,1490,1,0.12,5233.69
Denver,CO,House,7,72.5,32.2,0.0,226.3,43520.4,3348,5,0.144,6279.27
Phoenix,AZ,Condo,5,80.8,67.2,0.0,475.1,23020.0,1055,1,0.13,2985.79
New York,NY,House,5,68.2,31.3,0.0,96.4,11937.5,1918,2,0.18,2135.26
Denver,CO,Large House,10,59.7,89.1,158.4,0.0,49980.8,3764,5,0.12,6002.96
New York,NY,Condo,10,54.8,42.6,305.0,0.0,22078.5,1237,2,0.18,3987.71
Boston,MA,House,6,73.6,78.2,0.0,257.4,23212.2,1591,2,0.252,5829.64
Atlanta,GA,Large House,6,71.5,87.0,0.0,195.1,46210.0,3561,2,0.156,7199.76
Phoenix,AZ,Large House,11,69.8,87.8,0.0,143.2,38317.9,3823,6,0.13,4984.88
Atlanta,GA,Large House,5,63.1,36.4,57.4,0.0,21859.6,3935,1,0.13,2855.96
New York,NY,House,10,60.5,67.3,136.1,0.0,16081.2,1605,1,0.18,2877.84
Houston,TX,Large House,5,86.3,56.9,0.0,639.7,184132.7,4630,6,0.12,22095.15
Miami,FL,House,7,87.0,50.3,0.0,660.0,106127.4,2990,3,0.132,14009.02
New York,NY,Apartment,7,76.6,83.2,0.0,348.2,15009.9,1003,2,0.216,3230.32
Houston,TX,Townhouse,10,80.8,49.7,0.0,472.6,50404.4,2108,4,0.12,6068.21
Phoenix,AZ,Townhouse,1,64.8,54.5,5.5,0.0,2686.4,1861,2,0.143,395.8
Houston,TX,House,6,84.4,72.7,0.0,580.7,66932.8,2136,1,0.144,9654.37
Denver,CO,House,2,52.0,78.1,390.1,0.0,65259.8,2465,2,0.132,8632.66
Chicago,IL,Townhouse,1,28.4,82.3,1098.3,0.0,139541.3,2082,2,0.154,21486.47
Chicago,IL,House,5,66.3,75.6,0.0,38.8,7880.0,2553,1,0.14,1109.08
Atlanta,GA,Condo,12,48.7,41.8,488.6,0.0,33863.3,1216,1,0.143,4831.28
Los Angeles,CA,Apartment,2,48.5,52.6,495.2,0.0,16527.9,644,1,0.242,4018.43
Atlanta,GA,Condo,1,46.4,60.2,557.2,0.0,49909.4,1577,2,0.143,7153.31
Boston,MA,House,6,76.6,32.9,0.0,347.7,49659.5,2573,4,0.252,12507.3
Chicago,IL,Apartment,4,51.5,70.8,403.9,0.0,19608.7,932,1,0.14,2749.03
Seattle,WA,Large House,10,64.4,44.7,18.4,0.0,10548.3,3773,6,0.1,1037.71
Chicago,IL,Condo,4,55.8,35.3,276.1,0.0,19204.8,1179,2,0.14,2698.38
New York,NY,House,4,57.9,48.1,214.2,0.0,48330.0,3216,1,0.18,8697.84
Seattle,WA,Condo,11,52.9,86.6,363.6,0.0,25630.2,1223,1,0.1,2555.55
New York,NY,Large House,10,61.1,66.3,115.6,0.0,48624.9,4846,5,0.18,8743.09
Boston,MA,Townhouse,10,58.5,86.5,195.0,0.0,19030.3,1479,2,0.21,4004.88
Chicago,IL,Large House,6,73.5,57.6,0.0,253.8,78080.9,4737,2,0.168,13130.62
New York,NY,Condo,8,76.2,58.5,0.0,336.0,18888.8,1198,2,0.216,4094.86
New York,NY,House,7,74.8,65.8,0.0,294.2,40481.5,2456,3,0.216,8735.93
Los Angeles,CA,Townhouse,8,75.5,42.5,0.0,315.5,32096.8,1984,1,0.264,8455.9
New York,NY,Apartment,10,60.0,52.4,151.1,0.0,6622.0,784,1,0.18,1192.21
Houston,TX,Townhouse,12,61.4,89.0,106.8,0.0,11119.3,1469,2,0.132,1473.93
Seattle,WA,Townhouse,4,62.1,81.9,85.9,0.0,9519.3,1550,1,0.1,948.4
New York,NY,Apartment,1,23.3,90.0,1251.3,0.0,48686.1,766,1,0.198,9622.65
Houston,TX,Townhouse,10,78.6,55.3,0.0,408.5,40815.4,1971,3,0.12,4905.43
Atlanta,GA,Large House,10,61.0,48.9,120.3,0.0,43853.3,4211,6,0.13,5702.84
Miami,FL,Large House,4,78.9,46.6,0.0,416.3,119241.1,4533,4,0.11,13109.0
Phoenix,AZ,House,8,91.1,75.8,0.0,783.2,99100.3,2370,1,0.156,15459.12
New York,NY,Townhouse,12,33.8,54.0,934.9,0.0,95788.0,1672,3,0.198,18977.3
Seattle,WA,Large House,3,47.2,52.4,535.3,0.0,184657.4,4450,5,0.1,18461.9
Atlanta,GA,Large House,6,72.4,34.1,0.0,222.6,44951.3,3034,5,0.156,7020.46
Houston,TX,Apartment,12,64.0,84.5,31.1,0.0,1781.4,684,1,0.132,227.77
Boston,MA,Condo,10,53.7,39.3,337.6,0.0,26365.6,1347,2,0.21,5530.96
Houston,TX,Apartment,9,82.3,59.1,0.0,519.7,19453.6,897,1,0.12,2324.17
Denver,CO,Large House,2,50.3,60.0,440.0,0.0,120857.1,3518,4,0.132,15951.35
Phoenix,AZ,Condo,1,63.1,46.9,58.3,0.0,4066.5,992,1,0.143,597.39
Chicago,IL,Condo,9,72.4,89.5,0.0,221.5,13845.7,1292,1,0.14,1948.31
Seattle,WA,House,5,63.8,35.7,36.3,0.0,11975.0,3395,4,0.1,1185.64
Miami,FL,Apartment,9,82.1,51.3,0.0,512.6,25426.5,1190,1,0.11,2787.61
Seattle,WA,Townhouse,9,68.5,87.1,0.0,104.8,12389.5,2034,1,0.1,1249.98
Miami,FL,Condo,12,64.5,49.7,14.9,0.0,1749.9,921,1,0.121,224.01
New York,NY,Large House,9,72.9,77.6,0.0,235.9,56402.9,3621,6,0.18,10139.35
Denver,CO,House,6,69.8,50.7,0.0,143.0,19136.2,2239,1,0.144,2744.22
Houston,TX,Apartment,10,80.3,87.3,0.0,459.7,13931.0,725,1,0.12,1687.39
New York,NY,Apartment,4,57.2,82.0,234.3,0.0,13114.0,1045,1,0.18,2345.61
Atlanta,GA,Condo,5,65.9,82.6,0.0,26.7,2099.2,960,1,0.13,282.68
Houston,TX,Apartment,10,75.6,48.9,0.0,319.0,8284.5,604,1,0.12,981.87
Los Angeles,CA,Apartment,5,61.0,35.0,121.0,0.0,6417.2,911,1,0.22,1406.04
Houston,TX,Apartment,2,60.4,33.5,138.3,0.0,6449.6,828,1,0.132,831.76
Boston,MA,Large House,2,28.0,32.8,1110.1,0.0,370487.6,4375,6,0.231,85592.25
Miami,FL,Large House,9,89.7,49.2,0.0,740.4,166043.7,3620,6,0.11,18278.39
Seattle,WA,Condo,12,51.9,48.2,393.6,0.0,25328.6,1112,2,0.11,2795.83
Chicago,IL,Large House,10,56.1,66.8,268.0,0.0,68566.4,3201,2,0.14,9589.97
Chicago,IL,Apartment,7,83.3,85.0,0.0,550.5,18735.6,814,1,0.168,3128.5
Los Angeles,CA,House,11,49.2,83.7,474.8,0.0,72915.1,2279,1,0.22,16055.32
Denver,CO,Condo,3,48.3,74.4,499.8,0.0,42187.1,1480,2,0.12,5048.11
Denver,CO,Condo,3,53.3,60.0,350.2,0.0,30463.7,1503,1,0.12,3651.73
Seattle,WA,Large House,10,66.5,31.8,0.0,46.4,18840.0,4595,4,0.1,1874.84
Atlanta,GA,Apartment,12,45.5,43.8,586.4,0.0,15283.3,503,1,0.143,2190.88
Miami,FL,House,3,70.5,57.4,0.0,165.4,29759.9,3056,2,0.11,3259.9
New York,NY,Apartment,11,49.1,46.0,476.1,0.0,29105.7,1176,2,0.18,5238.76
Chicago,IL,Townhouse,4,58.4,38.7,198.2,0.0,22947.0,1769,2,0.14,3204.38
Chicago,IL,Apartment,6,76.1,38.8,0.0,331.9,16921.4,1193,1,0.168,2843.43
New York,NY,House,1,24.7,86.1,1207.9,0.0,166260.3,2089,1,0.198,32900.06
Miami,FL,Townhouse,8,95.5,53.9,0.0,916.4,66362.4,1469,2,0.132,8778.48
New York,NY,Large House,1,29.3,88.3,1069.6,0.0,287261.9,3526,1,0.198,56871.08
Seattle,WA,Townhouse,4,62.0,49.8,89.8,0.0,8036.3,1236,1,0.1,800.88
Chicago,IL,Condo,9,69.3,85.6,0.0,129.3,9218.7,1372,2,0.14,1305.82
Miami,FL,House,12,65.2,44.3,0.0,7.0,5322.7,3366,5,0.121,650.4
New York,NY,House,11,48.4,31.4,497.0,0.0,58801.1,1762,1,0.18,10568.1
Houston,TX,Large House,7,91.8,65.3,0.0,804.6,149801.3,3018,3,0.144,21569.28
Los Angeles,CA,Large House,10,62.1,42.4,87.3,0.0,23711.0,3031,2,0.22,5225.27
Phoenix,AZ,Large House,10,82.3,63.6,0.0,519.0,150359.1,4633,3,0.13,19549.46
Phoenix,AZ,Apartment,10,79.6,63.8,0.0,437.9,11438.3,624,1,0.13,1481.44
Phoenix,AZ,House,3,70.9,83.0,0.0,176.6,27416.6,2648,2,0.13,3560.51
Houston,TX,Apartment,10,76.3,73.8,0.0,337.8,12107.4,839,1,0.12,1465.2
Phoenix,AZ,Large House,9,87.3,76.2,0.0,668.6,159087.0,3827,6,0.13,20674.58
Chicago,IL,Large House,3,46.4,62.1,558.2,0.0,162423.1,3752,6,0.14,22754.67
Denver,CO,Condo,12,49.6,36.6,462.0,0.0,35515.8,1349,1,0.132,4677.91
Houston,TX,Apartment,7,91.3,73.6,0.0,788.1,33272.6,1022,2,0.144,4804.52
Boston,MA,House,11,40.2,86.9,744.5,0.0,124872.2,2514,5,0.21,26235.23
Houston,TX,House,5,82.7,79.9,0.0,532.4,86639.3,3003,3,0.12,10382.57
Houston,TX,Townhouse,11,75.4,49.3,0.0,311.3,22431.0,1405,1,0.12,2703.21
Miami,FL,Large House,11,73.0,59.3,0.0,240.0,52613.1,3324,5,0.11,5785.74
Phoenix,AZ,Apartment,11,75.7,53.1,0.0,321.2,7889.0,565,1,0.13,1042.72
Seattle,WA,House,6,74.4,69.1,0.0,281.7,48148.9,3057,1,0.12,5782.62
Seattle,WA,Townhouse,6,72.1,51.3,0.0,213.9,16250.0,1429,2,0.12,1960.7
Seattle,WA,Townhouse,2,47.4,65.9,527.8,0.0,59768.4,1826,2,0.11,6583.43
New York,NY,Large House,4,54.0,41.0,328.7,0.0,97088.0,3718,6,0.18,17471.68
Houston,TX,Apartment,2,66.5,39.3,0.0,45.7,2377.5,835,1,0.132,299.62
Denver,CO,Townhouse,9,68.1,69.8,0.0,91.6,10940.0,2010,2,0.12,1308.06
Denver,CO,Apartment,10,61.4,71.6,109.2,0.0,7448.0,1143,2,0.12,905.94
Denver,CO,Apartment,5,61.0,48.0,121.0,0.0,3481.8,508,1,0.12,431.36
Miami,FL,Condo,8,89.7,82.9,0.0,742.4,52590.0,1565,1,0.132,6961.34
Boston,MA,Apartment,6,71.7,82.8,0.0,201.8,7467.2,834,1,0.252,1885.18
Seattle,WA,Apartment,10,65.6,85.9,0.0,16.7,1556.6,947,1,0.1,151.77
Chicago,IL,House,3,40.3,42.4,740.2,0.0,79018.7,1598,3,0.14,11076.72
Phoenix,AZ,Large House,10,81.0,39.2,0.0,479.8,93956.8,3128,1,0.13,12233.64
Seattle,WA,House,12,50.0,51.9,449.1,0.0,84301.7,2783,2,0.11,9292.43
Miami,FL,Townhouse,12,64.6,81.7,12.9,0.0,3925.1,2107,2,0.121,473.1
Miami,FL,Large House,3,68.9,55.0,0.0,115.9,26186.3,3182,2,0.11,2884.79
Seattle,WA,House,11,51.9,53.7,393.4,0.0,68188.7,2548,3,0.1,6823.25
New York,NY,House,6,76.8,63.8,0.0,354.4,32876.4,1668,3,0.216,7085.3
Denver,CO,Apartment,8,72.7,39.2,0.0,231.1,10119.2,994,1,0.144,1448.25
Los Angeles,CA,Townhouse,10,60.4,70.3,138.3,0.0,18610.7,1999,1,0.22,4085.38
Denver,CO,Condo,9,72.6,61.0,0.0,228.0,17566.1,1577,3,0.12,2114.45
Boston,MA,Townhouse,8,75.5,76.8,0.0,315.2,26880.9,1655,2,0.252,6755.46
New York,NY,Townhouse,6,75.1,68.9,0.0,303.8,23872.7,1510,3,0.216,5162.04
Phoenix,AZ,Condo,7,93.6,36.1,0.0,857.2,52357.4,1349,2,0.156,8179.79
Chicago,IL,Condo,12,35.7,81.5,879.7,0.0,39529.9,802,1,0.154,6083.8
Houston,TX,Townhouse,2,63.6,57.8,42.0,0.0,5454.5,1554,1,0.132,702.04
New York,NY,Apartment,2,31.6,81.5,1001.3,0.0,42930.6,841,1,0.198,8504.85
Phoenix,AZ,Condo,11,72.9,59.0,0.0,238.3,9965.3,873,1,0.13,1313.19
Boston,MA,Large House,6,70.0,50.6,0.0,151.2,39719.5,3821,3,0.252,10018.56
Boston,MA,Townhouse,2,30.3,68.9,1041.4,0.0,101987.0,1602,3,0.231,23563.78
Miami,FL,Condo,4,80.7,51.0,0.0,470.0,20453.3,948,1,0.11,2260.87
Atlanta,GA,Townhouse,8,72.0,59.3,0.0,210.4,22168.1,1964,3,0.156,3442.13
Seattle,WA,House,1,47.7,45.7,518.0,0.0,63518.0,1818,3,0.11,6998.05
Seattle,WA,Condo,4,57.4,48.0,226.8,0.0,13806.7,1018,2,0.1,1370.74
Atlanta,GA,House,11,51.5,88.7,403.7,0.0,81096.3,2967,1,0.13,10542.09
Houston,TX,Townhouse,2,67.1,64.3,0.0,64.1,7479.5,1769,2,0.132,988.02
Houston,TX,House,5,77.4,57.7,0.0,371.1,46484.1,2263,4,0.12,5591.08
Los Angeles,CA,Apartment,2,49.2,31.9,475.3,0.0,24020.3,971,1,0.242,5823.24
Boston,MA,Apartment,7,79.7,59.3,0.0,442.4,18045.6,971,1,0.252,4551.39
Denver,CO,Townhouse,6,70.0,72.2,0.0,149.4,15455.1,1896,1,0.144,2237.46
Atlanta,GA,Condo,11,53.5,70.6,346.4,0.0,27341.7,1362,2,0.13,3542.33
Seattle,WA,House,4,60.0,65.7,149.0,0.0,24467.0,2253,3,0.1,2429.01
Chicago,IL,Condo,9,66.7,35.1,0.0,51.0,4274.9,1351,1,0.14,610.52
Los Angeles,CA,Condo,10,59.7,32.8,158.4,0.0,7843.0,807,1,0.22,1739.74
Chicago,IL,House,11,44.3,81.1,620.3,0.0,88610.7,2134,2,0.14,12398.05
Atlanta,GA,House,8,78.5,46.1,0.0,405.2,68191.3,3074,1,0.156,10625.69
New York,NY,Apartment,8,80.0,76.5,0.0,451.4,22506.1,1189,1,0.216,4855.91
Chicago,IL,House,1,32.7,50.6,967.7,0.0,163463.1,2551,2,0.154,25180.1
Houston,TX,House,10,82.1,78.0,0.0,512.3,95446.4,3437,3,0.12,11453.83
Denver,CO,House,7,71.0,78.6,0.0,181.1,36480.5,3423,5,0.144,5271.47
Chicago,IL,Apartment,5,63.2,39.5,53.3,0.0,4030.1,1141,1,0.14,581.15
Atlanta,GA,House,11,57.1,38.8,238.2,0.0,43888.9,2619,5,0.13,5710.3
Phoenix,AZ,House,6,89.3,46.4,0.0,728.8,94851.8,2424,3,0.156,14804.88
Chicago,IL,Townhouse,11,42.8,85.5,666.0,0.0,83670.8,2038,3,0.14,11697.82
Denver,CO,Townhouse,2,52.2,41.3,383.6,0.0,34330.4,1418,2,0.132,4539.1
Chicago,IL,Apartment,4,55.9,43.0,273.0,0.0,15556.5,1065,1,0.14,2186.8
Denver,CO,Townhouse,2,51.6,86.3,401.4,0.0,43995.4,1749,2,0.132,5814.22
Chicago,IL,Apartment,2,29.0,49.4,1080.5,0.0,42245.8,767,1,0.154,6521.83
Los Angeles,CA,Condo,8,78.1,30.7,0.0,393.4,17709.9,973,1,0.264,4674.68
Seattle,WA,Townhouse,8,69.5,64.4,0.0,133.9,16301.8,2129,4,0.12,1962.68
Boston,MA,House,2,29.4,57.9,1068.8,0.0,246601.7,3489,5,0.231,56969.14
New York,NY,House,7,80.9,33.9,0.0,476.7,73831.9,2839,4,0.216,15966.04
Boston,MA,Condo,1,28.6,69.4,1091.7,0.0,66426.9,1088,2,0.231,15340.21
Atlanta,GA,Condo,1,43.9,47.8,633.9,0.0,36926.2,1031,1,0.143,5276.47
Atlanta,GA,House,8,74.9,35.0,0.0,296.6,34796.3,2111,1,0.156,5436.95
Houston,TX,Large House,11,73.8,45.0,0.0,265.4,52731.5,3041,4,0.12,6309.1
Atlanta,GA,House,11,52.0,50.2,390.5,0.0,40614.2,1531,1,0.13,5264.43
Atlanta,GA,House,11,54.5,74.2,314.3,0.0,34628.4,1608,1,0.13,4504.65
Houston,TX,House,9,85.9,87.3,0.0,627.4,60674.1,1791,3,0.12,7267.9
Miami,FL,Condo,2,66.4,53.9,0.0,41.3,3845.2,1412,1,0.121,480.26
Chicago,IL,House,1,24.1,64.3,1226.1,0.0,144489.1,1787,1,0.154,22232.33
Denver,CO,House,6,71.1,38.5,0.0,184.3,33639.3,3123,3,0.144,4848.2
Houston,TX,Townhouse,9,83.9,80.4,0.0,567.6,40772.4,1436,2,0.12,4872.86
Miami,FL,House,4,79.5,58.8,0.0,435.4,78809.5,3313,3,0.11,8659.19
Atlanta,GA,Condo,12,43.2,82.6,653.4,0.0,56299.4,1522,2,0.143,8042.98
Los Angeles,CA,Condo,9,65.9,49.8,0.0,26.0,2239.4,1050,1,0.22,498.06
Boston,MA,Large House,10,55.4,75.5,288.3,0.0,69344.3,3024,2,0.21,14546.31
Boston,MA,Apartment,8,72.3,54.6,0.0,219.8,5145.3,527,1,0.252,1278.9
Atlanta,GA,Townhouse,2,52.1,71.9,387.0,0.0,32346.9,1332,2,0.143,4609.34
Seattle,WA,Townhouse,9,72.6,67.9,0.0,228.2,24421.8,2028,2,0.1,2430.53
Boston,MA,House,9,71.6,57.2,0.0,196.8,23083.7,2030,1,0.21,4845.87
Seattle,WA,Apartment,1,42.2,49.5,682.7,0.0,31526.1,897,1,0.11,3481.58
Atlanta,GA,House,11,57.4,68.3,227.2,0.0,44511.9,2800,2,0.13,5776.0
Houston,TX,Condo,3,72.5,73.4,0.0,224.5,11722.5,1070,2,0.12,1423.19
Boston,MA,Townhouse,6,72.0,46.9,0.0,210.7,14730.1,1319,1,0.252,3693.72
Phoenix,AZ,House,12,67.4,62.5,0.0,73.1,15570.7,3142,2,0.143,2222.09
Miami,FL,Townhouse,3,69.6,76.8,0.0,136.5,12869.9,1695,1,0.11,1433.26
Atlanta,GA,Townhouse,8,70.1,33.1,0.0,151.6,13575.6,1623,1,0.156,2120.83
Seattle,WA,Townhouse,8,75.7,51.1,0.0,322.1,25987.7,1570,2,0.12,3104.52
Atlanta,GA,House,3,53.8,42.6,335.1,0.0,42248.5,1840,2,0.13,5483.04
New York,NY,Condo,10,61.6,52.8,103.0,0.0,5483.5,810,1,0.18,996.69
New York,NY,House,7,81.3,40.9,0.0,488.7,79573.7,2981,5,0.216,17193.92
Seattle,WA,Apartment,4,62.3,76.9,80.6,0.0,5072.6,1031,1,0.1,512.25
Boston,MA,House,8,76.7,75.4,0.0,350.5,46552.2,2399,3,0.252,11733.75
Seattle,WA,Condo,7,74.7,41.0,0.0,290.5,14315.0,1028,2,0.12,1728.15
Boston,MA,Apartment,11,49.5,75.6,466.1,0.0,14347.1,587,1,0.21,2997.83
Denver,CO,Large House,7,76.6,31.9,0.0,348.2,74383.7,3353,2,0.144,10727.3
Chicago,IL,Townhouse,4,50.9,86.5,422.2,0.0,36011.4,1367,1,0.14,5053.1
Houston,TX,Large House,10,77.5,52.7,0.0,375.7,116731.8,4902,2,0.12,14020.39
New York,NY,House,10,59.1,70.8,177.7,0.0,44290.8,3495,3,0.18,7976.82
Chicago,IL,Condo,6,72.2,38.4,0.0,216.9,13191.7,1248,2,0.168,2201.67
Miami,FL,Condo,8,86.3,53.0,0.0,639.9,44680.7,1532,1,0.132,5888.01
Denver,CO,Townhouse,5,66.8,50.4,0.0,54.0,6352.8,1744,2,0.12,780.81
Denver,CO,Apartment,5,62.5,48.7,75.0,0.0,3076.5,670,1,0.12,381.27
Miami,FL,Condo,8,95.7,51.9,0.0,921.2,50803.1,1220,2,0.132,6705.19
Seattle,WA,Large House,9,70.4,31.6,0.0,163.3,47884.3,4305,4,0.1,4777.57
Atlanta,GA,Condo,3,55.9,85.0,273.7,0.0,14754.6,925,1,0.13,1934.07
Atlanta,GA,Townhouse,9,74.2,87.1,0.0,276.8,23228.1,1610,2,0.13,3026.12
Denver,CO,House,10,58.6,83.1,192.2,0.0,35346.0,2574,4,0.12,4254.58
Los Angeles,CA,Townhouse,3,52.7,77.8,369.8,0.0,47144.4,2024,3,0.22,10384.48
Boston,MA,Large House,7,75.1,30.5,0.0,304.5,71133.5,3634,3,0.252,17912.94
Denver,CO,Large House,1,40.2,34.7,744.2,0.0,226061.0,3964,1,0.132,29841.14
Phoenix,AZ,Townhouse,11,75.4,38.8,0.0,311.7,20447.4,1281,1,0.13,2666.29
New York,NY,Apartment,12,31.0,86.8,1020.7,0.0,51950.0,1000,2,0.198,10277.12
Boston,MA,Large House,3,37.7,82.1,819.6,0.0,273328.2,4348,6,0.21,57395.53
Boston,MA,Townhouse,11,47.8,51.3,516.0,0.0,62571.4,1957,1,0.21,13147.23
Boston,MA,Townhouse,5,62.3,73.3,81.1,0.0,8032.4,1374,1,0.21,1688.19
Miami,FL,Townhouse,12,61.0,64.4,119.5,0.0,14362.8,1755,1,0.121,1755.99
Chicago,IL,Condo,12,32.0,72.4,990.6,0.0,75751.0,1368,1,0.154,11647.62
Los Angeles,CA,Townhouse,6,67.5,38.1,0.0,76.1,7992.6,1656,3,0.264,2100.76
Denver,CO,Townhouse,9,71.2,57.6,0.0,186.3,19050.7,1920,1,0.12,2267.85
Los Angeles,CA,Large House,7,79.8,88.5,0.0,444.4,112677.2,4016,5,0.264,29727.9
Chicago,IL,Townhouse,2,27.5,80.9,1126.1,0.0,122373.5,1785,1,0.154,18854.47
Miami,FL,Condo,4,80.7,57.0,0.0,470.9,22299.7,1032,1,0.11,2443.71
Houston,TX,House,10,80.9,36.2,0.0,478.0,57162.6,2197,2,0.12,6877.02
Miami,FL,Townhouse,2,68.4,78.1,0.0,102.7,7801.7,1279,2,0.121,927.34
Atlanta,GA,Condo,1,48.3,57.6,500.9,0.0,36560.4,1277,2,0.143,5212.56
Phoenix,AZ,Condo,5,85.3,65.0,0.0,608.0,38119.1,1374,2,0.13,4940.7
Atlanta,GA,Apartment,9,71.9,40.7,0.0,207.9,9776.6,1058,1,0.13,1289.06
Boston,MA,House,4,53.3,77.4,349.7,0.0,73400.2,3055,6,0.21,15429.33
Phoenix,AZ,Townhouse,4,73.0,83.0,0.0,239.3,23334.8,1850,2,0.13,3038.43
Boston,MA,Large House,8,81.7,52.6,0.0,502.3,105329.4,3337,5,0.252,26536.51
Seattle,WA,Townhouse,4,61.3,66.8,109.5,0.0,16063.3,2115,1,0.1,1616.85
Houston,TX,Townhouse,9,88.4,37.5,0.0,702.2,64662.6,1862,1,0.12,7774.08
New York,NY,Apartment,12,28.1,33.9,1107.2,0.0,31082.7,551,1,0.198,6153.7
Boston,MA,House,3,41.1,71.7,718.3,0.0,100066.8,2089,2,0.21,21027.36
Chicago,IL,Townhouse,5,69.2,43.2,0.0,126.9,12920.9,1808,1,0.14,1798.16
Atlanta,GA,Apartment,12,51.1,70.7,416.3,0.0,16759.2,774,1,0.143,2386.24
Los Angeles,CA,House,3,51.0,84.7,421.2,0.0,90524.0,3178,2,0.22,19933.68
Miami,FL,House,10,83.8,68.0,0.0,563.6,105901.7,3485,1,0.11,11634.22
Atlanta,GA,Condo,4,57.5,48.4,225.5,0.0,15253.0,1137,2,0.13,1984.44
Houston,TX,Townhouse,10,79.2,71.6,0.0,424.6,35141.4,1627,3,0.12,4228.86
Los Angeles,CA,Townhouse,4,60.9,40.0,123.1,0.0,17559.4,2083,1,0.22,3849.61
Phoenix,AZ,House,12,63.0,30.6,59.2,0.0,15436.1,3096,2,0.143,2193.1
Atlanta,GA,Apartment,10,61.3,80.5,110.3,0.0,3478.9,538,1,0.13,466.84
Phoenix,AZ,Townhouse,3,69.9,80.5,0.0,146.7,13697.2,1662,3,0.13,1773.36
New York,NY,Townhouse,3,38.2,67.2,802.5,0.0,91289.9,1856,1,0.18,16441.14
New York,NY,House,8,80.1,46.1,0.0,453.4,85238.6,3446,3,0.216,18416.41
Phoenix,AZ,Condo,11,71.9,46.6,0.0,206.2,14107.9,1388,2,0.13,1843.61
Atlanta,GA,Condo,12,47.1,63.5,536.0,0.0,35119.3,1155,1,0.143,5020.33
Houston,TX,Large House,2,62.5,86.1,76.1,0.0,33588.6,4826,2,0.132,4427.31
Houston,TX,Apartment,3,68.1,80.7,0.0,93.1,3354.7,735,1,0.12,412.89
Phoenix,AZ,Apartment,11,67.9,79.1,0.0,87.3,4778.1,1083,2,0.13,610.82
Miami,FL,Apartment,6,83.5,44.9,0.0,554.5,13216.0,574,1,0.132,1728.35
New York,NY,House,12,37.5,49.5,825.8,0.0,92424.6,1683,2,0.198,18282.24
Atlanta,GA,Townhouse,11,51.7,39.1,398.0,0.0,47716.4,1915,1,0.13,6210.62
Phoenix,AZ,Townhouse,7,87.8,67.2,0.0,683.6,51159.4,1512,1,0.156,7975.75
Los Angeles,CA,Condo,6,75.4,76.2,0.0,312.4,15207.1,1038,1,0.264,3998.32
Houston,TX,Townhouse,1,64.4,73.8,17.1,0.0,3416.4,1557,3,0.132,469.4
Los Angeles,CA,Large House,12,43.1,71.5,657.0,0.0,242438.8,4790,4,0.242,58662.75
Boston,MA,Apartment,7,75.7,60.9,0.0,322.1,13020.4,942,1,0.252,3300.36
Seattle,WA,Condo,1,47.4,38.0,526.5,0.0,37179.3,1240,1,0.11,4096.58
Denver,CO,Townhouse,12,45.2,30.6,595.2,0.0,60392.9,1642,1,0.132,7970.2
Los Angeles,CA,Townhouse,1,40.5,66.4,733.6,0.0,67434.2,1496,1,0.242,16319.11
Miami,FL,House,10,83.8,48.4,0.0,563.2,73701.9,2412,4,0.11,8114.91
Seattle,WA,Apartment,9,66.1,34.7,0.0,32.8,1203.5,543,1,0.1,130.53
Los Angeles,CA,Apartment,12,46.9,60.8,544.3,0.0,20299.8,721,1,0.242,4896.48
Atlanta,GA,Condo,1,46.6,53.2,553.1,0.0,34190.3,1087,2,0.143,4890.13
Seattle,WA,Large House,8,76.3,35.3,0.0,340.2,96954.0,4449,5,0.12,11628.6
Seattle,WA,Large House,1,40.4,65.5,739.4,0.0,211465.9,3717,6,0.11,23257.26
Denver,CO,Large House,3,48.8,32.1,487.2,0.0,143169.3,3778,4,0.12,17166.56
Boston,MA,Condo,1,32.8,36.7,964.9,0.0,83503.8,1541,3,0.231,19303.96
Boston,MA,Condo,11,42.1,55.2,686.8,0.0,38549.7,997,1,0.21,8096.08
New York,NY,Large House,4,55.0,87.1,298.9,0.0,73842.4,3101,4,0.18,13295.57
Atlanta,GA,Townhouse,2,46.5,47.0,556.0,0.0,63947.2,1856,2,0.143,9140.92
Los Angeles,CA,Townhouse,7,75.6,86.6,0.0,319.3,27771.5,1692,2,0.264,7332.29
Seattle,WA,House,6,69.4,59.5,0.0,131.3,13212.0,1640,3,0.12,1582.44
Miami,FL,House,1,65.2,42.4,0.0,6.3,3386.4,2219,3,0.121,426.8
Los Angeles,CA,Large House,1,46.6,42.6,553.3,0.0,209162.5,4876,6,0.242,50597.97
New York,NY,Condo,6,73.3,75.5,0.0,248.6,16008.7,1341,2,0.216,3468.7
Boston,MA,House,4,51.0,52.7,420.0,0.0,43984.2,1537,3,0.21,9235.92
Atlanta,GA,Condo,7,72.8,58.8,0.0,235.0,10249.0,910,1,0.156,1612.93
Chicago,IL,Townhouse,11,49.5,87.3,463.8,0.0,36294.8,1258,1,0.14,5074.12
New York,NY,Townhouse,5,65.1,74.7,0.0,2.2,1948.3,1804,1,0.18,353.23
Denver,CO,Condo,10,63.3,44.2,50.7,0.0,5014.6,1307,2,0.12,587.16
Seattle,WA,Apartment,7,72.0,77.6,0.0,210.7,6690.2,719,1,0.12,803.87
New York,NY,Apartment,1,25.9,48.8,1172.7,0.0,65144.1,1094,1,0.198,12903.27
Houston,TX,Apartment,8,90.4,64.1,0.0,761.3,24694.1,784,1,0.144,3552.46
Phoenix,AZ,House,7,93.2,71.6,0.0,845.8,81937.1,1812,3,0.156,12783.07
Seattle,WA,Condo,3,51.5,49.6,404.3,0.0,26536.0,1144,1,0.1,2633.76
Chicago,IL,Condo,1,32.0,47.2,991.0,0.0,51703.7,932,1,0.154,7972.11
Boston,MA,Apartment,3,43.6,61.1,642.2,0.0,28713.7,868,1,0.21,6042.92
Los Angeles,CA,Large House,11,57.8,30.7,215.2,0.0,58570.0,3339,5,0.22,12881.51
New York,NY,Large House,2,29.2,37.6,1074.7,0.0,388066.0,4740,2,0.198,76828.83
Phoenix,AZ,House,11,71.8,52.9,0.0,205.1,32341.5,2757,1,0.13,4187.72
Chicago,IL,House,7,82.3,78.6,0.0,518.7,77556.7,2752,3,0.168,13020.8
Phoenix,AZ,Condo,1,65.0,45.6,0.2,0.0,967.1,948,1,0.143,128.34
Denver,CO,House,4,55.4,57.7,286.7,0.0,58815.4,2983,1,0.12,7049.86
New York,NY,Condo,2,34.0,52.8,931.4,0.0,47606.0,912,1,0.198,9429.47
Los Angeles,CA,Townhouse,2,49.7,54.5,459.1,0.0,51924.8,1818,1,0.242,12546.79
Boston,MA,Apartment,9,72.3,78.9,0.0,219.2,10505.8,1081,1,0.21,2210.85
Miami,FL,House,11,67.4,48.2,0.0,72.9,14584.8,2885,5,0.11,1606.73
Houston,TX,Townhouse,2,62.2,34.7,83.9,0.0,13173.1,2192,1,0.132,1749.08
Denver,CO,Apartment,2,46.1,86.9,566.4,0.0,31371.5,1075,1,0.132,4124.48
Houston,TX,Condo,6,87.4,65.2,0.0,673.5,44285.0,1451,1,0.144,6369.51
New York,NY,Large House,6,74.7,46.5,0.0,291.8,72038.1,3848,1,0.216,15580.2
Seattle,WA,House,2,48.3,34.2,502.0,0.0,71372.7,2106,4,0.11,7841.5
Miami,FL,House,5,78.3,75.9,0.0,397.5,47062.6,2144,4,0.11,5183.34
Boston,MA,Large House,5,64.5,46.1,13.5,0.0,10314.7,4619,1,0.21,2180.39
Boston,MA,Townhouse,5,65.8,85.3,0.0,24.2,4252.8,1833,3,0.21,873.24
Houston,TX,Condo,10,78.9,88.2,0.0,418.0,17649.4,909,1,0.12,2101.49
Seattle,WA,Townhouse,2,43.2,40.1,654.9,0.0,48759.3,1204,2,0.11,5361.56
Houston,TX,Apartment,12,62.5,85.5,75.7,0.0,5402.2,1161,1,0.132,696.6
New York,NY,Apartment,1,29.4,47.7,1066.8,0.0,56887.7,1046,2,0.198,11250.39
Houston,TX,House,1,57.2,46.9,233.6,0.0,37582.9,2295,3,0.132,4961.78
Boston,MA,Large House,5,63.8,68.1,36.4,0.0,19621.4,4795,5,0.21,4121.26
Phoenix,AZ,Large House,5,81.7,83.9,0.0,500.2,126754.9,4058,1,0.13,16490.47
New York,NY,Apartment,8,79.5,56.7,0.0,436.0,18048.8,979,1,0.216,3909.15
Houston,TX,House,6,89.0,78.5,0.0,718.7,103200.2,2675,3,0.144,14878.19
Boston,MA,Large House,2,31.4,64.4,1007.3,0.0,247788.0,3226,1,0.231,57252.32
New York,NY,Townhouse,10,61.2,46.1,113.4,0.0,9583.8,1224,1,0.18,1742.87
Miami,FL,Townhouse,10,77.8,43.9,0.0,383.8,31924.2,1633,2,0.11,3512.42
Atlanta,GA,House,12,45.7,39.7,577.8,0.0,131438.6,3395,3,0.143,18780.08
New York,NY,Condo,12,30.4,30.1,1036.9,0.0,60473.0,1039,2,0.198,11955.87
Atlanta,GA,Large House,10,63.3,88.8,52.0,0.0,17731.7,3368,4,0.13,2300.56
Los Angeles,CA,Large House,8,71.4,89.7,0.0,190.6,55208.6,4326,4,0.264,14577.77
Phoenix,AZ,House,12,61.7,59.7,98.1,0.0,25287.7,3369,2,0.143,3633.31
Houston,TX,Large House,6,86.8,49.8,0.0,652.8,191813.5,4732,5,0.144,27634.57
Chicago,IL,House,11,45.5,69.8,584.0,0.0,123824.5,3163,4,0.14,17318.57
Houston,TX,Townhouse,10,83.9,58.9,0.0,568.4,39821.1,1405,1,0.12,4776.14
New York,NY,House,1,28.6,36.1,1092.2,0.0,162399.9,2248,3,0.198,32168.17
Boston,MA,Large House,3,38.2,38.2,803.6,0.0,200083.2,3242,6,0.21,42025.37
Atlanta,GA,Large House,10,64.5,53.6,15.0,0.0,8289.1,3384,3,0.13,1090.37
Denver,CO,Large House,8,78.4,69.8,0.0,401.6,76848.1,3031,1,0.144,11059.24
Boston,MA,Apartment,4,51.5,37.9,404.8,0.0,23558.8,1113,1,0.21,4966.64
Denver,CO,House,7,75.8,39.1,0.0,325.0,62683.6,3453,6,0.144,9030.61
New York,NY,Townhouse,1,26.9,33.2,1143.2,0.0,127723.9,1836,1,0.198,25272.53
Los Angeles,CA,Apartment,2,43.7,34.2,637.9,0.0,27383.1,834,1,0.242,6614.4
Phoenix,AZ,Townhouse,12,64.1,38.4,25.7,0.0,4878.3,1838,3,0.143,686.84
New York,NY,Large House,9,71.6,61.9,0.0,199.1,44065.1,3286,6,0.18,7950.59
Atlanta,GA,Large House,1,46.9,83.4,544.0,0.0,192678.8,4565,6,0.143,27555.49
Seattle,WA,House,3,56.3,34.4,260.3,0.0,34507.8,1902,3,0.1,3441.28
Los Angeles,CA,House,11,58.5,44.7,195.4,0.0,46237.1,3320,4,0.22,10186.41
Miami,FL,Townhouse,12,65.1,37.6,0.0,1.8,1736.8,1629,1,0.121,229.81
Denver,CO,Condo,3,49.1,34.9,476.0,0.0,22371.8,821,1,0.12,2680.53
Phoenix,AZ,Apartment,8,92.4,67.6,0.0,821.4,30199.2,893,1,0.156,4724.21
Chicago,IL,Condo,7,80.9,56.2,0.0,477.1,23416.7,1068,1,0.168,3934.27
Miami,FL,Large House,10,83.5,56.1,0.0,554.3,108526.0,3135,4,0.11,11927.61
Houston,TX,Large House,11,71.7,43.7,0.0,201.5,42534.2,3138,6,0.12,5097.84
Denver,CO,Condo,11,58.1,40.5,206.5,0.0,15120.4,1211,2,0.12,1804.06
Atlanta,GA,Townhouse,10,65.5,39.9,0.0,13.7,3639.1,2066,3,0.13,460.48
Atlanta,GA,House,5,65.8,46.7,0.0,25.1,5242.4,2028,3,0.13,693.57
Seattle,WA,Large House,7,78.7,83.0,0.0,411.6,104640.8,4038,1,0.12,12568.22
Houston,TX,Condo,1,57.2,72.5,232.7,0.0,17032.0,1236,2,0.132,2250.71
Boston,MA,Apartment,6,74.9,69.6,0.0,298.1,10625.1,824,1,0.252,2688.35
Seattle,WA,Condo,8,78.3,33.1,0.0,398.7,25047.5,1343,2,0.12,3008.79
Chicago,IL,Apartment,12,37.5,58.1,823.9,0.0,32442.8,772,1,0.154,4983.34
Seattle,WA,House,12,43.5,49.4,646.3,0.0,66641.3,1546,1,0.11,7331.95
New York,NY,Condo,10,58.6,65.4,192.6,0.0,13242.3,1127,2,0.18,2382.35
Houston,TX,House,10,83.3,88.6,0.0,549.2,56694.9,1900,3,0.12,6796.02
Miami,FL,Apartment,10,77.5,57.1,0.0,376.5,18500.3,1158,1,0.11,2017.97
Boston,MA,Condo,7,76.2,61.7,0.0,335.5,19843.9,1266,1,0.252,4994.86
Boston,MA,House,2,30.6,63.3,1030.6,0.0,116570.3,1711,1,0.231,26914.15
Houston,TX,Apartment,1,60.6,87.4,131.6,0.0,7797.2,1056,1,0.132,1047.13
Chicago,IL,Large House,3,46.9,63.5,541.7,0.0,179735.2,4286,3,0.14,25151.86
Chicago,IL,Apartment,1,23.8,68.2,1235.0,0.0,61534.2,983,1,0.154,9473.33
Miami,FL,Townhouse,9,83.8,58.3,0.0,565.2,43754.4,1557,1,0.11,4817.67
New York,NY,Large House,5,64.7,79.8,9.0,0.0,6820.6,3282,5,0.18,1234.97
Chicago,IL,House,10,59.6,42.6,161.4,0.0,34271.6,2929,4,0.14,4780.67
Atlanta,GA,Townhouse,6,72.8,31.2,0.0,235.3,19073.1,1539,1,0.156,2990.8
New York,NY,Large House,2,33.9,76.1,933.4,0.0,304255.5,4266,3,0.198,60227.74
Chicago,IL,Condo,12,30.1,30.6,1047.1,0.0,49681.4,848,1,0.154,7636.1
Miami,FL,Apartment,3,65.0,84.3,0.0,0.8,1108.7,1169,1,0.11,129.27
Phoenix,AZ,Condo,8,91.7,88.8,0.0,802.3,41337.4,1138,1,0.156,6434.3
Denver,CO,Apartment,10,64.1,43.3,27.2,0.0,1409.4,614,1,0.12,185.13
Seattle,WA,Large House,7,74.7,70.6,0.0,291.4,88683.4,4712,5,0.12,10630.26
New York,NY,Townhouse,6,69.6,31.1,0.0,139.3,11513.6,1485,2,0.216,2482.58
Atlanta,GA,House,1,45.5,47.4,586.0,0.0,61560.1,1562,3,0.143,8805.19
Los Angeles,CA,Townhouse,12,46.9,48.0,543.1,0.0,62896.0,1871,1,0.242,15217.36
Chicago,IL,Large House,1,26.0,37.1,1171.3,0.0,374195.8,4200,2,0.154,57638.89
Atlanta,GA,House,10,58.0,73.1,210.4,0.0,39792.4,2673,4,0.13,5166.2
Chicago,IL,Townhouse,6,76.0,38.0,0.0,328.9,23004.7,1363,1,0.168,3866.9
New York,NY,Townhouse,9,73.8,68.9,0.0,265.2,28429.8,2057,2,0.18,5106.77
Phoenix,AZ,Apartment,12,69.0,40.5,0.0,118.5,4572.6,813,1,0.143,668.69
Houston,TX,Large House,6,83.9,84.9,0.0,566.1,109040.7,3095,1,0.144,15714.54
Miami,FL,Large House,11,70.6,72.2,0.0,168.9,44411.5,3891,2,0.11,4872.35
New York,NY,Condo,2,32.3,31.1,980.5,0.0,68954.0,1255,2,0.198,13643.07
Miami,FL,Large House,9,89.6,58.3,0.0,737.8,138002.4,3014,6,0.11,15177.54
Phoenix,AZ,Condo,3,68.7,72.2,0.0,110.4,8366.1,1423,1,0.13,1098.32
Miami,FL,Large House,3,72.4,51.2,0.0,220.9,45129.7,3092,3,0.11,4957.12
Boston,MA,Large House,10,53.1,41.3,357.9,0.0,133232.2,4746,1,0.21,27982.47
Denver,CO,Condo,1,47.6,58.1,522.4,0.0,45474.4,1525,2,0.132,6000.31
Phoenix,AZ,Townhouse,11,76.0,30.0,0.0,329.2,22024.4,1306,1,0.13,2878.86
Miami,FL,Large House,10,83.0,36.5,0.0,539.4,132730.5,3951,1,0.11,14617.49
Chicago,IL,Condo,2,29.0,72.6,1079.6,0.0,96238.3,1595,1,0.154,14815.74
New York,NY,Large House,4,53.3,74.9,350.2,0.0,98222.5,3557,4,0.18,17680.35
Atlanta,GA,Large House,10,59.3,71.2,171.8,0.0,61047.6,4264,6,0.13,7927.41
Los Angeles,CA,Apartment,12,47.8,81.6,516.8,0.0,20152.4,752,1,0.242,4875.53
Miami,FL,House,1,59.1,70.6,176.6,0.0,42479.5,3368,2,0.121,5155.3
Miami,FL,Condo,9,87.1,36.3,0.0,663.8,35594.8,1174,2,0.11,3905.76
Houston,TX,Large House,8,88.4,72.7,0.0,702.8,166214.5,3810,6,0.144,23915.24
New York,NY,House,4,51.8,64.9,394.6,0.0,67826.8,2516,5,0.18,12220.13
Phoenix,AZ,Townhouse,6,92.0,69.6,0.0,810.2,67102.0,1673,3,0.156,10460.3
Los Angeles,CA,Apartment,8,76.4,38.1,0.0,343.1,13375.6,912,1,0.264,3548.21
Phoenix,AZ,Condo,5,85.3,89.6,0.0,609.1,44070.9,1587,2,0.13,5724.85
Phoenix,AZ,Condo,6,92.2,60.9,0.0,816.3,51457.7,1393,1,0.156,8032.87
Atlanta,GA,Apartment,8,72.6,81.3,0.0,229.2,11352.6,1120,2,0.156,1781.25
Boston,MA,Townhouse,7,74.7,58.6,0.0,291.6,28456.8,1881,3,0.252,7184.07
Phoenix,AZ,Apartment,8,96.0,69.1,0.0,928.8,27155.9,715,1,0.156,4243.79
Boston,MA,House,7,80.4,41.6,0.0,461.0,42745.9,1692,3,0.252,10777.64
New York,NY,House,9,67.9,39.4,0.0,86.4,14546.4,2594,2,0.18,2626.96
Denver,CO,Townhouse,5,68.0,54.5,0.0,91.3,6615.4,1213,1,0.12,787.45
Denver,CO,Townhouse,11,56.3,43.5,261.6,0.0,33216.9,1984,1,0.12,4004.51
Seattle,WA,Townhouse,4,55.4,71.7,288.6,0.0,25176.7,1362,2,0.1,2530.03
Phoenix,AZ,Large House,8,91.9,33.2,0.0,808.3,165319.7,3319,3,0.156,25775.0
Phoenix,AZ,House,8,90.2,66.7,0.0,757.2,67139.2,1653,2,0.156,10477.12
Miami,FL,Townhouse,6,87.5,89.3,0.0,675.4,52250.5,1552,3,0.132,6883.02
New York,NY,House,2,27.7,55.1,1117.9,0.0,181884.7,2463,3,0.198,36030.65
Miami,FL,Large House,5,85.0,36.7,0.0,599.8,172961.3,4637,4,0.11,19027.78
Houston,TX,Large House,2,61.5,70.6,105.8,0.0,46235.8,4959,6,0.132,6083.7
Seattle,WA,Townhouse,1,44.1,84.4,628.4,0.0,64015.4,1648,3,0.11,7027.67
Denver,CO,Condo,11,49.3,53.2,472.1,0.0,41277.7,1527,3,0.12,4955.62
Miami,FL,Condo,11,69.7,49.4,0.0,141.3,5903.8,804,1,0.11,652.65
New York,NY,Condo,7,78.3,60.0,0.0,398.6,18949.5,1017,2,0.216,4094.64
Phoenix,AZ,Condo,4,75.9,81.5,0.0,326.4,22319.4,1461,1,0.13,2910.45
New York,NY,Townhouse,11,40.4,61.2,739.4,0.0,93114.6,2043,4,0.18,16773.62
Seattle,WA,Large House,7,79.8,80.1,0.0,444.9,125847.3,4476,6,0.12,15098.63
Atlanta,GA,Apartment,3,47.6,56.6,521.4,0.0,18675.6,688,1,0.13,2434.89
Seattle,WA,Apartment,8,73.3,86.3,0.0,249.5,12166.0,1120,1,0.12,1476.63
Los Angeles,CA,Townhouse,11,49.4,42.4,468.4,0.0,38263.4,1310,1,0.22,8408.05
Atlanta,GA,Apartment,8,77.9,84.7,0.0,388.2,15523.3,946,1,0.156,2430.76
Denver,CO,Condo,11,54.9,68.1,303.6,0.0,18508.8,1043,1,0.12,2230.68
Chicago,IL,Large House,7,80.1,36.7,0.0,452.8,131553.5,4603,6,0.168,22089.96
Boston,MA,Apartment,3,37.4,33.3,827.4,0.0,28659.7,677,1,0.21,6033.91
Denver,CO,Condo,11,56.5,40.9,255.4,0.0,19294.3,1274,2,0.12,2307.94
Atlanta,GA,Large House,6,71.4,83.3,0.0,192.4,52007.7,4005,6,0.156,8128.83
Chicago,IL,Apartment,7,75.6,69.6,0.0,317.6,9592.9,698,1,0.168,1621.49
New York,NY,Apartment,3,46.0,45.5,569.5,0.0,27397.6,931,1,0.18,4926.19
Atlanta,GA,Townhouse,3,51.9,30.8,392.7,0.0,48265.2,1958,2,0.13,6287.21
New York,NY,House,5,66.9,45.4,0.0,58.4,10115.7,2401,2,0.18,1814.54
Miami,FL,House,4,77.9,58.2,0.0,388.5,52079.2,2427,4,0.11,5730.16
New York,NY,House,1,30.0,46.4,1050.3,0.0,219687.7,3159,6,0.198,43496.89
New York,NY,House,2,32.1,66.4,985.8,0.0,117107.0,1791,3,0.198,23173.32
Phoenix,AZ,Condo,7,95.0,38.2,0.0,898.7,54091.6,1334,1,0.156,8424.15
Seattle,WA,Apartment,12,44.6,56.3,612.9,0.0,36542.3,1159,2,0.11,4007.49
Boston,MA,Apartment,11,40.3,53.2,740.0,0.0,39102.7,1028,2,0.21,8213.29
New York,NY,Condo,2,31.0,48.3,1019.6,0.0,86101.0,1506,3,0.198,17062.8
Miami,FL,Apartment,3,74.0,82.8,0.0,269.3,11456.9,977,1,0.11,1280.12
Chicago,IL,Large House,11,49.8,70.3,455.1,0.0,132363.8,3739,2,0.14,18544.47
New York,NY,Apartment,10,61.8,63.4,96.9,0.0,6361.7,1118,1,0.18,1125.9
Boston,MA,Apartment,12,28.0,60.9,1109.6,0.0,35096.1,621,1,0.231,8103.22
Los Angeles,CA,Townhouse,3,51.7,36.2,399.8,0.0,31265.2,1240,2,0.22,6877.2
Phoenix,AZ,Apartment,5,81.2,62.9,0.0,487.4,14910.8,731,1,0.13,1936.11
Seattle,WA,House,12,51.1,54.7,416.4,0.0,51295.4,1810,3,0.11,5635.59
Los Angeles,CA,Apartment,1,40.5,58.1,734.6,0.0,40847.1,1084,1,0.242,9884.84
Miami,FL,Apartment,12,62.7,38.9,68.3,0.0,3000.3,680,1,0.121,365.65
Chicago,IL,Condo,12,28.3,30.7,1100.2,0.0,92167.4,1499,1,0.154,14198.59
Boston,MA,Townhouse,10,54.7,57.6,309.3,0.0,39729.1,2009,4,0.21,8349.66
Miami,FL,Condo,10,81.0,74.9,0.0,478.5,27233.0,1232,2,0.11,2988.0
Chicago,IL,Townhouse,3,43.8,66.9,636.5,0.0,62739.0,1592,3,0.14,8790.22
Chicago,IL,Apartment,5,62.8,51.0,64.7,0.0,2505.3,585,1,0.14,348.37
New York,NY,Townhouse,2,29.4,86.2,1068.5,0.0,138414.4,2122,2,0.198,27416.74
Boston,MA,House,7,81.7,71.2,0.0,501.4,82471.2,3018,5,0.252,20784.09
Seattle,WA,Apartment,9,70.0,35.3,0.0,148.9,5747.1,827,1,0.1,566.75
New York,NY,Townhouse,9,71.2,61.0,0.0,187.1,15235.0,1505,3,0.18,2733.21
Atlanta,GA,Apartment,9,74.6,77.8,0.0,286.8,6960.7,559,1,0.13,891.73
New York,NY,Townhouse,8,75.3,63.9,0.0,309.2,23342.4,1461,2,0.216,5039.42
Chicago,IL,Townhouse,6,72.2,88.4,0.0,215.2,22554.7,1983,1,0.168,3773.57
Los Angeles,CA,Apartment,12,50.0,81.7,449.8,0.0,13188.1,558,1,0.242,3181.54
Seattle,WA,Large House,10,67.0,49.3,0.0,58.6,20350.3,4134,6,0.1,2021.66
Houston,TX,Townhouse,10,80.0,42.6,0.0,450.0,36755.4,1621,1,0.12,4408.8
Houston,TX,Townhouse,12,67.8,32.4,0.0,83.3,10753.9,2159,1,0.132,1425.78
Seattle,WA,Townhouse,3,56.7,59.7,249.7,0.0,25216.5,1554,3,0.1,2501.99
Miami,FL,Townhouse,9,90.2,61.0,0.0,756.8,76603.9,2046,2,0.11,8425.8
Denver,CO,Apartment,12,51.7,81.2,399.5,0.0,23511.1,1124,1,0.132,3102.28
Phoenix,AZ,Large House,12,63.5,53.2,45.9,0.0,19479.7,4105,3,0.143,2788.95
Boston,MA,Apartment,8,78.8,89.2,0.0,414.7,18705.4,1060,2,0.252,4696.99
Seattle,WA,Apartment,8,72.4,32.8,0.0,220.8,6671.0,687,1,0.12,812.55
Atlanta,GA,Condo,7,76.2,60.2,0.0,335.9,19918.4,1256,2,0.156,3105.47
Denver,CO,Large House,8,72.3,46.7,0.0,219.2,71298.4,4926,4,0.144,10282.31
Phoenix,AZ,Apartment,4,72.2,66.6,0.0,214.7,7558.1,784,1,0.13,991.43
Atlanta,GA,Condo,7,79.6,56.1,0.0,438.8,16358.3,803,1,0.156,2545.21
Los Angeles,CA,Large House,4,62.0,61.0,91.3,0.0,28772.8,3514,4,0.22,6316.15
Phoenix,AZ,Large House,5,81.8,44.5,0.0,503.6,145403.3,4613,3,0.13,18909.2
Seattle,WA,Apartment,2,48.5,54.1,493.7,0.0,22261.4,868,1,0.11,2456.8
Houston,TX,Apartment,8,89.4,45.1,0.0,730.6,15858.4,528,1,0.144,2276.26
Houston,TX,Apartment,7,94.1,57.0,0.0,872.0,19272.8,535,1,0.144,2764.94
New York,NY,Condo,8,80.1,84.8,0.0,452.5,31152.8,1491,1,0.216,6745.35
Los Angeles,CA,Large House,7,71.6,47.9,0.0,198.6,57382.6,4301,6,0.264,15143.08
Houston,TX,Apartment,2,62.1,71.9,87.1,0.0,3361.0,633,1,0.132,457.55
Denver,CO,House,9,74.1,55.0,0.0,271.9,46411.7,3052,1,0.12,5584.69
Miami,FL,Large House,9,86.0,43.9,0.0,630.4,144267.3,3678,5,0.11,15877.75
Phoenix,AZ,Apartment,9,88.3,63.1,0.0,698.5,15308.8,529,1,0.13,1983.69
Los Angeles,CA,Condo,11,53.3,32.5,350.2,0.0,27190.6,1335,2,0.22,5995.29
Atlanta,GA,Townhouse,7,76.1,75.7,0.0,331.7,30734.0,1803,3,0.156,4794.57
Chicago,IL,Large House,5,63.3,32.7,51.5,0.0,19905.3,3919,1,0.14,2775.55
Chicago,IL,Large House,9,64.9,74.0,2.6,0.0,6459.2,4137,4,0.14,892.67
Chicago,IL,Apartment,4,54.2,88.8,323.1,0.0,15997.6,942,1,0.14,2237.37
Boston,MA,Large House,7,83.4,72.1,0.0,553.4,113436.3,3278,4,0.252,28573.38
Chicago,IL,Large House,8,81.8,73.3,0.0,504.5,142545.1,4513,4,0.168,23947.82
Boston,MA,House,9,68.4,34.8,0.0,101.3,12689.4,1963,2,0.21,2661.05
Denver,CO,Condo,4,61.1,75.3,116.0,0.0,8099.6,1072,2,0.12,977.42
Miami,FL,House,4,72.7,87.2,0.0,232.0,29279.8,2200,4,0.11,3232.95
Boston,MA,House,11,40.6,49.8,733.2,0.0,144296.5,2961,1,0.21,30296.52
Atlanta,GA,House,4,60.8,43.2,127.2,0.0,15275.0,1624,1,0.13,1998.75
Chicago,IL,Large House,6,78.2,31.4,0.0,396.8,117438.8,4670,4,0.168,19741.26
New York,NY,Condo,6,71.9,54.6,0.0,207.1,11732.3,1150,2,0.216,2545.77
Houston,TX,Large House,8,92.5,47.6,0.0,824.8,245183.6,4827,4,0.144,35305.5
Denver,CO,Large House,2,47.2,77.1,533.6,0.0,154705.7,3736,5,0.132,20435.92
Boston,MA,Condo,9,67.8,30.6,0.0,84.0,5805.8,1200,2,0.21,1210.36
Phoenix,AZ,House,8,88.1,72.7,0.0,692.2,112420.0,3028,2,0.156,17520.34
Chicago,IL,Townhouse,9,67.5,57.9,0.0,75.7,8617.7,1816,2,0.14,1187.63
Seattle,WA,Condo,4,62.4,65.0,78.0,0.0,7957.0,1493,2,0.1,809.37
Chicago,IL,House,5,64.1,68.2,26.2,0.0,4574.4,1565,2,0.14,628.66
Los Angeles,CA,Condo,12,50.6,44.7,432.2,0.0,21014.7,848,1,0.242,5093.31
Houston,TX,Large House,8,87.4,43.4,0.0,673.1,133070.7,3186,4,0.144,19164.17
New York,NY,Townhouse,9,64.4,70.4,18.5,0.0,4339.9,1993,1,0.18,775.83
Houston,TX,Condo,8,89.3,57.5,0.0,727.8,35769.8,1086,1,0.144,5157.1
Boston,MA,Condo,9,64.7,49.1,8.7,0.0,2352.6,1585,2,0.21,498.37
Atlanta,GA,Townhouse,8,75.7,47.7,0.0,320.3,31703.1,1913,3,0.156,4939.31
Miami,FL,Large House,10,75.3,50.6,0.0,307.6,74421.9,3759,3,0.11,8176.01
Seattle,WA,Condo,10,57.8,36.9,215.1,0.0,19742.3,1527,3,0.1,1989.24
Phoenix,AZ,Apartment,9,91.4,71.4,0.0,792.6,23722.1,729,1,0.13,3098.01
Miami,FL,Condo,1,64.7,34.5,7.5,0.0,1777.0,1264,1,0.121,198.87
Los Angeles,CA,Large House,11,49.9,79.9,452.2,0.0,156655.5,4453,2,0.22,34456.03
Phoenix,AZ,Townhouse,3,65.4,78.4,0.0,12.1,1990.5,1261,1,0.13,264.0
Atlanta,GA,Townhouse,8,74.1,76.5,0.0,273.9,19894.9,1407,1,0.156,3121.65
Houston,TX,Townhouse,11,67.7,86.2,0.0,81.7,10440.2,2078,2,0.12,1262.34
Phoenix,AZ,Townhouse,1,58.7,42.0,188.1,0.0,24347.7,1954,3,0.143,3471.07
New York,NY,Large House,5,68.0,35.3,0.0,89.2,21165.2,3184,2,0.18,3791.29
Chicago,IL,Townhouse,8,77.8,33.7,0.0,384.9,34837.1,1785,2,0.168,5869.63
Boston,MA,Large House,5,68.0,69.3,0.0,90.1,21402.8,3181,2,0.21,4487.58
Seattle,WA,Apartment,2,52.5,76.9,373.6,0.0,20804.1,1066,1,0.11,2280.56
Houston,TX,Townhouse,9,86.7,42.1,0.0,651.9,62408.0,1927,2,0.12,7496.38
Seattle,WA,Condo,8,69.9,59.6,0.0,146.2,9221.6,1237,2,0.12,1091.73
Los Angeles,CA,Condo,1,46.2,83.0,564.2,0.0,50924.2,1591,1,0.242,12323.77
Houston,TX,Apartment,2,65.6,39.8,0.0,18.1,1319.7,796,1,0.132,178.29
Denver,CO,Large House,11,49.7,52.8,458.9,0.0,146246.4,4081,6,0.12,17561.95
Chicago,IL,Condo,2,33.8,82.1,937.2,0.0,72677.4,1386,1,0.154,11178.48
Houston,TX,Condo,6,83.9,87.5,0.0,568.2,31141.1,1201,1,0.144,4481.56
Seattle,WA,House,1,49.1,35.1,476.6,0.0,67923.9,2115,1,0.11,7460.33
Denver,CO,Large House,2,51.9,77.6,393.6,0.0,131211.1,4266,1,0.132,17301.3
New York,NY,Apartment,4,49.2,83.2,473.1,0.0,17413.6,710,1,0.18,3152.56
Phoenix,AZ,Large House,6,92.6,34.6,0.0,827.4,197514.0,3880,1,0.156,30811.18
Seattle,WA,Townhouse,1,44.5,75.1,613.9,0.0,77733.0,2046,4,0.11,8558.93
Boston,MA,Condo,4,56.6,42.5,253.2,0.0,13075.1,877,1,0.21,2759.19
Boston,MA,Large House,12,34.5,81.2,914.3,0.0,220471.4,3157,1,0.231,50939.66
Miami,FL,House,1,64.6,64.4,12.1,0.0,6542.8,3454,2,0.121,802.54
New York,NY,House,7,74.2,50.7,0.0,276.8,51181.4,3281,4,0.216,11051.28
Atlanta,GA,House,7,72.5,72.9,0.0,223.7,37556.1,2905,5,0.156,5848.66
Boston,MA,Apartment,1,30.4,49.1,1037.3,0.0,53041.6,1004,1,0.231,12263.86
Atlanta,GA,House,2,48.6,41.9,492.2,0.0,68143.5,2061,1,0.143,9736.45
New York,NY,House,6,76.8,47.6,0.0,353.5,65225.9,3321,5,0.216,14090.47
Denver,CO,Large House,4,54.7,58.1,308.7,0.0,105041.7,4276,6,0.12,12585.21
Atlanta,GA,House,3,55.5,49.5,284.7,0.0,35407.2,1791,3,0.13,4610.63
Miami,FL,Large House,6,86.6,89.9,0.0,646.8,181254.4,4521,3,0.132,23930.39
Los Angeles,CA,Large House,7,79.6,85.2,0.0,439.2,126881.1,4600,1,0.264,33483.21
Houston,TX,House,8,95.1,62.9,0.0,902.7,125919.6,2611,5,0.144,18128.27
Atlanta,GA,Condo,3,47.3,71.7,530.2,0.0,31517.3,1046,1,0.13,4094.81
Denver,CO,Townhouse,7,75.2,74.3,0.0,305.2,25786.3,1631,2,0.144,3703.86
Seattle,WA,Condo,8,70.3,54.0,0.0,159.1,12520.2,1585,1,0.12,1495.74
Chicago,IL,Large House,8,72.4,45.6,0.0,221.2,58257.9,3984,4,0.168,9767.52
Los Angeles,CA,Apartment,12,50.0,52.2,450.2,0.0,18101.8,775,1,0.242,4365.15
Phoenix,AZ,Condo,12,59.7,62.3,158.2,0.0,11415.4,1188,1,0.143,1624.68
New York,NY,Condo,7,79.2,40.0,0.0,424.9,17328.2,877,1,0.216,3723.79
Miami,FL,Townhouse,6,85.7,88.3,0.0,620.9,59690.4,1926,3,0.132,7866.15
Seattle,WA,Large House,4,60.5,85.5,134.1,0.0,43353.1,3777,5,0.1,4354.15
Houston,TX,House,8,94.1,41.9,0.0,872.1,78407.3,1683,2,0.144,11297.72
Miami,FL,Townhouse,6,89.7,77.3,0.0,742.4,75905.0,2067,3,0.132,10008.7
New York,NY,Apartment,2,33.4,38.3,946.9,0.0,53883.3,1115,2,0.198,10654.88
Houston,TX,Large House,7,91.7,46.0,0.0,801.5,229274.6,4638,5,0.144,32999.51
Boston,MA,Condo,7,79.4,69.5,0.0,430.5,26807.3,1343,1,0.252,6773.13
Miami,FL,House,1,58.9,31.8,181.9,0.0,40788.0,3117,5,0.121,4938.29
Seattle,WA,Townhouse,1,40.7,54.7,729.1,0.0,78663.4,1756,1,0.11,8643.36
New York,NY,Condo,5,65.6,41.3,0.0,18.6,2544.5,1340,2,0.18,456.96
Boston,MA,Apartment,1,31.1,85.7,1016.9,0.0,48094.1,930,1,0.231,11116.16
Miami,FL,Apartment,5,79.6,66.8,0.0,436.5,12586.2,685,1,0.11,1387.53
Phoenix,AZ,Condo,2,64.8,71.7,7.2,0.0,2413.7,1559,3,0.143,358.94
Chicago,IL,House,6,69.1,30.7,0.0,122.3,14027.7,1845,3,0.168,2373.86
Los Angeles,CA,House,4,57.6,69.7,221.7,0.0,32084.0,2054,3,0.22,7068.52
Atlanta,GA,Condo,4,61.2,72.7,115.2,0.0,8200.0,1120,1,0.13,1078.93
Seattle,WA,Townhouse,12,46.9,35.5,544.1,0.0,58452.6,1726,3,0.11,6443.87
New York,NY,Apartment,8,77.6,86.8,0.0,376.9,8168.6,513,1,0.216,1772.9
Phoenix,AZ,Townhouse,8,93.4,44.4,0.0,851.3,67692.6,1614,1,0.156,10575.01
Atlanta,GA,Townhouse,9,72.0,81.2,0.0,209.7,16457.6,1488,1,0.13,2147.72
Houston,TX,Townhouse,12,66.9,83.2,0.0,56.2,5897.0,1559,1,0.132,766.49
Houston,TX,House,3,73.1,72.8,0.0,242.9,40108.0,2881,5,0.12,4819.29
Atlanta,GA,Large House,2,43.5,38.3,645.5,0.0,216196.9,4350,2,0.143,30911.29
Boston,MA,House,2,30.4,63.6,1037.5,0.0,218993.3,3195,1,0.231,50596.6
Los Angeles,CA,Large House,8,75.8,61.3,0.0,322.5,102211.8,4965,1,0.264,26966.83
New York,NY,House,12,29.2,55.0,1075.2,0.0,190203.5,2681,1,0.198,37677.62
Phoenix,AZ,Townhouse,7,87.8,36.2,0.0,684.5,65609.2,1929,3,0.156,10235.23
New York,NY,Large House,8,73.7,76.0,0.0,261.7,63797.5,3743,3,0.216,13779.83
Denver,CO,Large House,11,58.7,41.1,189.0,0.0,70660.0,4567,3,0.12,8488.07
Boston,MA,Townhouse,9,69.0,30.3,0.0,118.7,12934.2,1890,3,0.21,2718.6
Los Angeles,CA,Condo,6,69.3,35.7,0.0,130.3,6958.0,1048,1,0.264,1842.89
Denver,CO,Apartment,9,69.1,64.3,0.0,121.9,3901.8,667,1,0.12,472.79
Seattle,WA,House,12,47.4,51.6,527.7,0.0,54558.5,1539,1,0.11,5989.57
Houston,TX,Large House,11,66.6,48.4,0.0,49.0,16120.6,3739,4,0.12,1941.21
Chicago,IL,Apartment,12,29.9,89.6,1053.3,0.0,26881.1,501,1,0.154,4152.97
Atlanta,GA,Apartment,8,73.9,76.6,0.0,266.2,6368.2,547,1,0.156,993.92
Seattle,WA,House,10,57.4,78.0,229.0,0.0,31405.0,1960,1,0.1,3148.76
Atlanta,GA,Large House,4,55.7,39.3,278.6,0.0,79426.2,3559,5,0.13,10322.82
Phoenix,AZ,Large House,8,95.3,40.6,0.0,910.2,266849.8,4771,4,0.156,41610.94
Boston,MA,Townhouse,11,48.1,53.7,506.4,0.0,65666.4,2084,3,0.21,13787.04
Seattle,WA,Townhouse,11,56.7,60.6,248.0,0.0,23593.2,1482,1,0.1,2357.19
Atlanta,GA,Townhouse,8,72.5,81.5,0.0,225.0,20272.8,1688,3,0.156,3150.31
Miami,FL,Condo,3,69.4,40.8,0.0,131.2,5868.5,862,1,0.11,664.6
New York,NY,Condo,3,43.6,84.2,641.0,0.0,56596.6,1561,2,0.18,10205.51
Miami,FL,House,4,77.1,72.9,0.0,363.5,39804.7,1994,1,0.11,4398.24
Phoenix,AZ,Apartment,12,62.4,56.0,79.5,0.0,4318.2,890,1,0.143,623.39
Phoenix,AZ,House,7,90.7,37.5,0.0,770.4,124896.1,3025,4,0.156,19471.79
Atlanta,GA,Large House,1,48.0,80.4,510.4,0.0,124398.4,3126,6,0.143,17784.95
Seattle,WA,Large House,4,57.9,43.8,212.2,0.0,58545.9,3397,2,0.1,5839.77
Denver,CO,Townhouse,12,49.7,76.2,458.0,0.0,45826.2,1609,1,0.132,6034.65
Houston,TX,House,11,69.4,64.8,0.0,131.1,14673.2,1861,1,0.12,1750.11
Houston,TX,House,12,59.1,71.6,177.9,0.0,37038.7,2931,1,0.132,4895.31
Phoenix,AZ,Apartment,4,73.7,41.5,0.0,260.1,10889.5,956,1,0.13,1403.5
Los Angeles,CA,Large House,9,67.8,53.9,0.0,84.3,22270.1,3431,5,0.22,4882.73
Miami,FL,House,9,84.7,43.1,0.0,590.8,88381.3,2781,1,0.11,9722.9
Miami,FL,Apartment,8,91.4,83.6,0.0,792.1,30373.3,931,1,0.132,4004.73
Miami,FL,Townhouse,5,85.3,38.6,0.0,609.6,45936.7,1509,3,0.11,5059.66
Denver,CO,Condo,8,73.4,31.8,0.0,250.5,17132.1,1435,1,0.144,2452.84
Boston,MA,Condo,11,45.2,51.8,593.3,0.0,47611.7,1416,2,0.21,10007.49
Chicago,IL,Large House,9,72.0,32.3,0.0,210.8,48523.8,3437,6,0.14,6797.87
Atlanta,GA,House,11,57.6,70.7,221.2,0.0,44917.1,2876,5,0.13,5834.11
Houston,TX,Condo,2,67.6,79.5,0.0,77.3,6230.1,1408,2,0.132,816.19
Miami,FL,Apartment,11,69.3,53.8,0.0,129.5,3256.0,530,1,0.11,374.62
Denver,CO,House,11,53.0,57.5,359.0,0.0,70285.3,2874,1,0.12,8434.0
Boston,MA,Apartment,5,62.5,63.6,76.0,0.0,5145.1,1081,2,0.21,1085.11
New York,NY,Condo,9,67.1,81.4,0.0,63.1,4263.1,1142,1,0.18,753.47
Miami,FL,Townhouse,10,77.4,70.6,0.0,372.6,37455.5,1977,2,0.11,4123.02
Seattle,WA,Condo,10,63.2,85.0,55.5,0.0,5752.1,1418,2,0.1,563.25
Atlanta,GA,Townhouse,6,70.1,56.1,0.0,154.4,17187.8,2006,3,0.156,2676.01
Los Angeles,CA,House,1,42.2,33.2,684.8,0.0,116777.4,2551,4,0.242,28243.78
Chicago,IL,House,4,51.2,74.6,413.6,0.0,64059.4,2278,4,0.14,8977.74
Boston,MA,Condo,12,29.7,73.8,1059.0,0.0,89995.8,1521,1,0.231,20789.24
Phoenix,AZ,Large House,4,75.3,53.5,0.0,307.8,83313.1,4225,1,0.13,10833.92
New York,NY,Large House,1,28.2,53.8,1104.2,0.0,304889.1,3619,5,0.198,60348.96
Boston,MA,Condo,12,31.1,85.4,1017.1,0.0,54478.6,957,1,0.231,12595.32
Atlanta,GA,Condo,11,55.1,67.8,295.8,0.0,22125.8,1280,2,0.13,2875.73
Seattle,WA,Apartment,10,63.0,59.7,60.2,0.0,4699.9,1186,1,0.1,461.7
Miami,FL,Large House,2,63.5,59.5,45.0,0.0,14252.3,3029,3,0.121,1715.41
Seattle,WA,Large House,5,66.9,71.3,0.0,57.8,17141.3,3522,4,0.1,1715.71
Denver,CO,Apartment,12,47.0,64.4,539.6,0.0,23274.6,833,1,0.132,3067.8
Miami,FL,Apartment,9,87.4,83.6,0.0,672.7,19405.0,695,1,0.11,2132.25
Atlanta,GA,Large House,9,74.8,46.4,0.0,293.0,76027.5,4029,2,0.13,9877.77
Atlanta,GA,House,9,70.0,53.7,0.0,151.0,19454.9,2153,2,0.13,2511.45
Houston,TX,Apartment,9,84.8,78.1,0.0,594.1,26918.9,1084,2,0.12,3216.89
Houston,TX,Townhouse,4,76.3,65.7,0.0,338.5,27124.4,1566,2,0.12,3239.41
Los Angeles,CA,Townhouse,7,75.0,33.8,0.0,301.3,19125.9,1232,1,0.264,5031.03
Miami,FL,Townhouse,7,90.8,30.0,0.0,774.5,70220.1,1836,2,0.132,9281.15
Houston,TX,House,7,89.8,55.8,0.0,742.9,81170.1,2031,4,0.144,11673.4
Los Angeles,CA,House,2,44.2,50.3,625.3,0.0,78630.9,1881,1,0.242,19018.2
Atlanta,GA,House,12,47.5,54.5,524.6,0.0,75626.7,2141,3,0.143,10831.66
Los Angeles,CA,Large House,11,56.9,48.2,243.7,0.0,60287.0,3090,1,0.22,13267.22
Houston,TX,Condo,6,90.1,69.7,0.0,754.4,31834.8,934,1,0.144,4596.8
Denver,CO,Townhouse,6,73.7,31.6,0.0,259.9,26566.7,1967,1,0.144,3837.02
Boston,MA,Condo,9,73.9,83.1,0.0,267.5,10281.3,811,1,0.21,2173.29
Miami,FL,House,2,60.9,52.5,122.2,0.0,31751.6,3472,5,0.121,3851.85
Los Angeles,CA,Large House,5,66.7,37.0,0.0,51.2,18967.5,4244,5,0.22,4177.87
Miami,FL,Apartment,6,88.8,70.3,0.0,712.7,24883.1,844,1,0.132,3288.29
Atlanta,GA,House,9,70.0,77.7,0.0,150.5,21380.3,2397,1,0.13,2778.76
Denver,CO,Apartment,11,55.0,42.2,300.8,0.0,12988.3,818,1,0.12,1572.02
Denver,CO,Townhouse,1,41.0,55.4,719.6,0.0,75407.8,1702,3,0.132,9957.46
Houston,TX,Condo,2,62.8,51.2,66.2,0.0,7342.5,1580,1,0.132,950.9
Phoenix,AZ,Apartment,11,70.8,70.6,0.0,173.4,4465.1,553,1,0.13,579.32
Miami,FL,Large House,9,83.5,56.9,0.0,556.3,129042.0,3714,4,0.11,14190.16
Los Angeles,CA,Apartment,12,49.9,74.4,453.3,0.0,16217.8,685,1,0.242,3930.68
New York,NY,House,10,61.4,55.8,107.0,0.0,25980.9,3200,3,0.18,4660.29
Los Angeles,CA,Apartment,9,73.3,33.8,0.0,249.4,10158.0,941,1,0.22,2219.63
Chicago,IL,Condo,11,42.0,40.9,691.3,0.0,55671.7,1429,1,0.14,7809.03
Denver,CO,House,10,57.6,77.3,222.1,0.0,46252.6,2975,2,0.12,5561.94
Miami,FL,Large House,7,93.9,72.1,0.0,866.3,220932.9,4136,6,0.132,29175.76
New York,NY,Large House,12,29.1,75.8,1077.7,0.0,312014.3,3792,6,0.198,61760.76
Phoenix,AZ,Townhouse,1,57.9,38.5,213.3,0.0,21380.7,1552,1,0.143,3046.13
Seattle,WA,Apartment,9,72.9,76.6,0.0,235.8,6583.5,625,1,0.1,673.94
New York,NY,Townhouse,5,68.4,82.6,0.0,102.0,11782.7,1965,2,0.18,2128.55
Boston,MA,Apartment,5,62.7,63.8,68.0,0.0,2317.8,539,1,0.21,489.38
Miami,FL,Apartment,7,95.3,84.7,0.0,908.6,18987.3,511,1,0.132,2519.44
Boston,MA,Townhouse,6,74.9,43.2,0.0,298.2,24811.1,1607,2,0.252,6254.26
Miami,FL,Large House,11,68.6,66.5,0.0,107.4,24115.3,3083,4,0.11,2644.88
Atlanta,GA,Apartment,5,63.5,81.6,43.7,0.0,3618.6,1135,2,0.13,486.73
Chicago,IL,Townhouse,4,54.3,57.2,319.9,0.0,38502.0,1890,3,0.14,5394.48
Atlanta,GA,Townhouse,4,56.9,81.4,242.8,0.0,19407.7,1245,1,0.13,2508.56
Seattle,WA,Apartment,8,77.9,49.2,0.0,387.0,13206.6,800,1,0.12,1570.19
Seattle,WA,Condo,10,57.8,75.5,214.6,0.0,16124.4,1256,2,0.1,1623.19
Denver,CO,House,7,73.1,61.3,0.0,242.5,20780.0,1516,1,0.144,3009.97
Denver,CO,Large House,11,53.1,69.0,356.1,0.0,129444.0,4609,6,0.12,15528.06
Chicago,IL,House,12,28.4,33.8,1096.6,0.0,181515.1,2505,3,0.154,27970.72
Chicago,IL,Condo,2,30.2,46.4,1043.3,0.0,89576.5,1534,1,0.154,13788.38
Miami,FL,House,1,60.2,80.2,143.7,0.0,16037.8,1501,3,0.121,1932.93
Seattle,WA,Apartment,8,72.6,81.0,0.0,228.6,6869.3,684,1,0.12,810.33
Miami,FL,Condo,6,84.9,37.1,0.0,596.5,27272.9,1003,1,0.132,3616.77
New York,NY,Townhouse,10,54.9,39.0,303.6,0.0,42025.0,2183,2,0.18,7573.52
Los Angeles,CA,Apartment,10,66.2,64.7,0.0,36.4,1507.7,587,1,0.22,347.26
Houston,TX,Apartment,5,79.8,31.9,0.0,444.3,21650.4,1156,1,0.12,2615.1
Boston,MA,Large House,4,58.1,81.5,207.9,0.0,60437.3,3543,6,0.21,12697.24
Boston,MA,Large House,9,72.7,32.7,0.0,232.2,50893.8,3309,6,0.21,10704.82
Seattle,WA,Large House,3,49.2,67.4,474.9,0.0,127808.6,3467,1,0.1,12788.12
Denver,CO,Apartment,9,74.6,78.2,0.0,288.0,7641.7,611,1,0.12,903.03
Phoenix,AZ,Condo,7,92.2,67.0,0.0,815.8,42645.9,1152,2,0.156,6665.19
Miami,FL,Townhouse,9,91.7,76.6,0.0,801.7,66735.6,1684,2,0.11,7355.58
Seattle,WA,Condo,12,44.0,75.4,631.4,0.0,39524.1,1107,1,0.11,4352.71
Miami,FL,Townhouse,5,78.3,49.3,0.0,398.5,39556.3,1965,1,0.11,4333.89
Boston,MA,Large House,11,45.5,49.9,583.9,0.0,186677.9,4140,2,0.21,39192.42
Miami,FL,Condo,9,83.9,87.7,0.0,566.0,40304.8,1553,3,0.11,4453.0
Boston,MA,House,8,81.2,72.5,0.0,484.5,63255.0,2391,4,0.252,15941.87
Boston,MA,Townhouse,6,77.3,56.8,0.0,368.3,36249.8,1923,3,0.252,9120.13
Boston,MA,Townhouse,4,56.2,53.4,265.0,0.0,21552.1,1273,1,0.21,4513.52
Miami,FL,Condo,7,93.6,32.1,0.0,857.0,36103.7,931,1,0.132,4774.16
Los Angeles,CA,Townhouse,5,65.4,37.3,0.0,10.7,2279.0,1425,1,0.22,484.64
Phoenix,AZ,Townhouse,3,68.8,48.4,0.0,114.6,12062.0,1805,3,0.13,1560.54
Houston,TX,Condo,2,61.0,37.3,121.0,0.0,10906.7,1409,2,0.132,1428.75
Houston,TX,Townhouse,10,76.6,55.9,0.0,349.4,38712.6,2155,4,0.12,4626.65
New York,NY,Apartment,12,30.3,48.1,1042.1,0.0,37683.0,710,1,0.198,7455.8
Denver,CO,Townhouse,9,71.3,74.0,0.0,188.1,19560.2,1934,2,0.12,2330.92
Boston,MA,Large House,7,84.0,78.5,0.0,568.8,110659.5,3109,6,0.252,27880.86
Atlanta,GA,Condo,8,71.2,56.2,0.0,185.2,13133.9,1421,2,0.156,2049.49
Boston,MA,Townhouse,10,61.5,42.6,104.2,0.0,15105.5,2088,1,0.21,3158.85
Houston,TX,Large House,6,83.4,82.8,0.0,552.3,122206.6,3540,5,0.144,17595.76
Los Angeles,CA,Townhouse,12,50.0,63.3,450.7,0.0,60802.6,2164,2,0.242,14713.09
Boston,MA,Townhouse,1,25.2,53.1,1193.6,0.0,121398.5,1670,1,0.231,28062.32
Miami,FL,House,1,66.7,52.7,0.0,50.1,5926.2,1507,3,0.121,703.56
Denver,CO,Condo,2,44.2,79.7,623.7,0.0,34709.5,985,1,0.132,4595.91
Seattle,WA,Large House,3,54.9,75.8,303.0,0.0,95981.7,3984,5,0.1,9588.63
Houston,TX,Large House,4,80.1,73.3,0.0,451.9,96501.5,3404,1,0.12,11583.63
Seattle,WA,Large House,3,56.0,54.1,270.0,0.0,93666.4,4356,1,0.1,9347.94
Phoenix,AZ,Large House,6,84.8,45.1,0.0,594.5,128321.5,3474,1,0.156,20006.38
Miami,FL,Large House,12,67.8,63.7,0.0,83.5,22820.2,3567,5,0.121,2762.08
Phoenix,AZ,House,6,92.7,40.9,0.0,830.1,75181.3,1700,1,0.156,11723.83
Houston,TX,House,9,86.7,72.5,0.0,652.2,101347.0,2897,1,0.12,12170.06
Houston,TX,House,5,77.9,71.4,0.0,388.5,59762.7,2781,5,0.12,7174.7
Miami,FL,Large House,11,71.7,45.5,0.0,201.8,59629.1,4453,3,0.11,6549.08
Atlanta,GA,Condo,2,44.9,71.4,602.0,0.0,34617.7,1013,2,0.143,4950.19
Boston,MA,House,8,76.8,52.0,0.0,352.9,46511.6,2375,4,0.252,11732.47
Seattle,WA,Apartment,4,57.9,89.9,214.3,0.0,9412.6,816,1,0.1,935.1
Denver,CO,Apartment,9,66.8,77.2,0.0,53.7,3716.4,1168,2,0.12,433.65
Atlanta,GA,Large House,1,48.5,36.9,495.1,0.0,169005.2,4391,4,0.143,24149.07
Los Angeles,CA,Apartment,4,56.3,61.5,259.7,0.0,15494.7,1124,1,0.22,3400.17
Houston,TX,House,5,78.6,34.5,0.0,406.9,56732.0,2522,5,0.12,6811.99
Los Angeles,CA,Apartment,12,43.0,86.0,660.8,0.0,35348.9,1037,2,0.242,8570.72
Phoenix,AZ,House,12,62.1,67.7,86.4,0.0,18434.7,2740,1,0.143,2640.28
Los Angeles,CA,Townhouse,8,72.8,66.8,0.0,234.4,17586.1,1429,1,0.264,4641.19
Houston,TX,House,8,91.8,53.7,0.0,805.2,80325.3,1871,1,0.144,11554.1
Houston,TX,House,3,67.2,40.4,0.0,67.1,11166.9,2385,3,0.12,1351.97
Atlanta,GA,Large House,8,78.1,67.2,0.0,393.4,82882.6,3324,3,0.156,12936.27
Miami,FL,Townhouse,11,68.0,76.1,0.0,88.6,8983.0,1654,3,0.11,968.41
Los Angeles,CA,Townhouse,5,60.0,87.9,151.2,0.0,19400.1,1894,3,0.22,4256.24
Chicago,IL,House,1,27.2,50.4,1132.8,0.0,237585.3,3173,5,0.154,36595.65
Denver,CO,House,2,46.4,66.3,557.1,0.0,58851.5,1571,3,0.132,7762.27
Seattle,WA,House,10,66.5,84.9,0.0,44.7,7420.3,2100,2,0.1,738.46
Phoenix,AZ,House,1,59.0,59.4,179.8,0.0,23793.0,1844,2,0.143,3408.71
Miami,FL,Large House,7,94.4,61.1,0.0,880.6,252020.3,4655,3,0.132,33262.17
Atlanta,GA,Townhouse,10,66.7,74.7,0.0,51.7,6572.9,1848,2,0.13,868.15
Houston,TX,Townhouse,8,94.6,68.9,0.0,889.1,93258.4,2128,3,0.144,13414.4
New York,NY,Townhouse,4,50.7,68.8,429.1,0.0,44397.3,1653,2,0.18,7982.42
Denver,CO,Large House,7,76.4,45.5,0.0,342.5,79633.6,3644,2,0.144,11456.71
Miami,FL,Townhouse,9,89.7,58.9,0.0,741.9,76341.1,2087,1,0.11,8386.71
Houston,TX,Condo,12,68.2,64.8,0.0,97.5,7114.6,1346,2,0.132,943.41
Houston,TX,House,10,84.8,61.5,0.0,592.8,72987.9,2277,3,0.12,8749.62
New York,NY,House,4,49.6,78.2,463.4,0.0,76215.3,2439,2,0.18,13712.82
Seattle,WA,Condo,3,55.4,48.9,288.5,0.0,25633.2,1523,2,0.1,2572.84
Chicago,IL,House,6,77.7,57.1,0.0,380.8,53568.9,2557,2,0.168,8987.81
Phoenix,AZ,House,8,88.7,89.0,0.0,709.9,79338.6,2075,4,0.156,12392.86
Seattle,WA,Apartment,4,62.0,41.8,89.0,0.0,3951.5,723,1,0.1,399.92
Phoenix,AZ,Apartment,6,90.8,72.5,0.0,774.8,35375.7,1108,1,0.156,5509.96
Los Angeles,CA,Apartment,2,49.3,56.2,471.5,0.0,12796.3,521,1,0.242,3098.05
Atlanta,GA,Townhouse,2,52.8,45.7,367.0,0.0,37104.7,1601,2,0.143,5305.01
Boston,MA,Condo,9,72.6,31.3,0.0,228.9,10990.5,1001,1,0.21,2298.08
Miami,FL,House,11,73.1,58.4,0.0,241.7,31168.2,2260,3,0.11,3442.7
New York,NY,Townhouse,11,46.9,54.6,544.1,0.0,66671.7,1975,3,0.18,11999.6
Seattle,WA,Large House,8,76.6,33.6,0.0,346.9,81608.9,3684,4,0.12,9806.92
Denver,CO,Apartment,3,49.4,73.1,468.3,0.0,27157.4,1114,1,0.12,3273.4
Atlanta,GA,Apartment,3,51.6,51.8,401.5,0.0,14573.9,692,1,0.13,1895.44
Phoenix,AZ,Apartment,12,64.0,86.1,30.5,0.0,1745.7,712,1,0.143,243.01
Denver,CO,Apartment,8,76.6,67.7,0.0,347.5,16205.3,1092,1,0.144,2347.36
Miami,FL,Apartment,1,57.4,32.1,227.8,0.0,11510.8,937,1,0.121,1381.0
Denver,CO,Townhouse,8,71.7,88.1,0.0,200.7,18883.4,1743,3,0.144,2708.32
Denver,CO,Townhouse,8,78.3,49.7,0.0,398.9,28709.6,1418,2,0.144,4141.31
Phoenix,AZ,Townhouse,10,76.8,33.5,0.0,355.4,24144.2,1332,2,0.13,3123.46
Boston,MA,Large House,9,71.9,78.2,0.0,205.8,48274.9,3501,6,0.21,10147.31
Los Angeles,CA,House,8,72.3,67.5,0.0,217.7,38091.5,3024,5,0.264,10074.07
Phoenix,AZ,Apartment,9,92.0,65.3,0.0,809.0,35749.8,1075,2,0.13,4667.31
New York,NY,House,11,44.4,80.7,619.3,0.0,137425.8,3317,3,0.18,24722.82
Atlanta,GA,Large House,1,43.6,42.4,641.5,0.0,161449.9,3254,6,0.143,23068.85
Chicago,IL,Large House,10,56.0,41.8,269.3,0.0,93703.1,4348,5,0.14,13122.45
Chicago,IL,Condo,6,71.6,30.2,0.0,199.4,11841.3,1209,2,0.168,1986.94
Atlanta,GA,Apartment,6,74.0,71.0,0.0,271.3,9141.7,781,1,0.156,1412.64
Los Angeles,CA,Condo,11,51.2,63.5,415.5,0.0,34075.6,1423,2,0.22,7476.8
Phoenix,AZ,Condo,4,78.0,75.5,0.0,389.9,16021.3,880,1,0.13,2078.14
Denver,CO,Condo,1,47.8,32.0,515.5,0.0,32445.4,1108,1,0.132,4301.5
Miami,FL,Townhouse,9,84.2,61.0,0.0,575.3,42915.6,1494,2,0.11,4733.7
Atlanta,GA,House,4,62.4,39.0,77.6,0.0,17157.6,2701,5,0.13,2223.67
Miami,FL,Condo,9,90.6,62.1,0.0,767.4,31531.0,907,1,0.11,3482.79
Houston,TX,Large House,3,73.5,65.2,0.0,255.6,64911.4,3894,3,0.12,7773.31
Miami,FL,Condo,6,89.9,76.4,0.0,745.7,39794.4,1173,2,0.132,5259.31
Los Angeles,CA,Townhouse,6,68.4,86.2,0.0,103.1,10710.5,1805,1,0.264,2824.49
Atlanta,GA,Townhouse,5,62.9,70.5,63.7,0.0,7227.3,1468,2,0.13,952.53
Phoenix,AZ,Large House,9,89.4,83.1,0.0,731.8,162132.8,3576,5,0.13,21086.75
Denver,CO,Large House,3,49.9,72.7,453.6,0.0,153202.6,4340,3,0.12,18401.01
New York,NY,House,7,77.5,51.1,0.0,374.0,56136.6,2719,3,0.216,12136.44
Houston,TX,Townhouse,6,83.8,33.7,0.0,563.3,48572.0,1720,3,0.144,6979.73
Chicago,IL,House,8,75.0,76.1,0.0,300.0,51782.6,3089,3,0.168,8699.34
Boston,MA,Townhouse,6,72.7,82.8,0.0,231.0,21583.7,1788,1,0.252,5427.77
Boston,MA,Condo,5,68.1,44.9,0.0,93.7,8121.5,1554,3,0.21,1710.15
New York,NY,House,1,31.7,83.6,997.8,0.0,195126.0,2955,3,0.198,38626.33
Phoenix,AZ,Large House,12,63.6,45.9,41.4,0.0,20070.9,4509,4,0.143,2885.84
Seattle,WA,House,3,52.6,77.3,370.9,0.0,48305.5,1904,3,0.1,4830.1
Chicago,IL,Townhouse,6,72.4,31.8,0.0,223.1,21053.4,1800,1,0.168,3534.99
Boston,MA,Townhouse,10,55.8,37.4,277.3,0.0,34386.9,1951,1,0.21,7232.27
Chicago,IL,House,3,41.0,41.8,720.8,0.0,138890.2,2891,4,0.14,19435.94
Miami,FL,Apartment,12,61.8,59.8,97.1,0.0,6644.3,1142,1,0.121,816.72
New York,NY,Townhouse,5,63.4,44.4,49.1,0.0,8842.5,2183,3,0.18,1585.88
Miami,FL,Townhouse,7,96.6,55.4,0.0,947.5,94057.1,2020,2,0.132,12434.34
Houston,TX,Condo,6,90.0,81.6,0.0,749.8,50095.6,1473,2,0.144,7214.13
Denver,CO,Large House,6,69.0,78.2,0.0,120.5,38536.1,4553,1,0.144,5530.39
Seattle,WA,Apartment,5,63.7,52.2,37.9,0.0,1966.1,705,1,0.1,195.47
Miami,FL,Condo,2,65.8,43.4,0.0,24.9,3077.4,1440,2,0.121,387.85
Atlanta,GA,Condo,2,43.4,64.5,649.2,0.0,54605.2,1484,2,0.143,7809.25
Denver,CO,Large House,6,66.2,35.3,0.0,37.3,15744.8,4323,6,0.144,2278.85
Denver,CO,Condo,10,58.1,80.5,207.6,0.0,10866.5,880,1,0.12,1290.45
Phoenix,AZ,Apartment,1,63.9,74.0,34.2,0.0,2965.7,1125,1,0.143,441.72
Seattle,WA,Condo,8,70.8,30.1,0.0,175.5,12194.1,1401,1,0.12,1452.74
Denver,CO,House,9,74.9,33.8,0.0,298.3,30965.8,1847,3,0.12,3704.35
Phoenix,AZ,Townhouse,8,93.5,54.7,0.0,855.8,72921.7,1732,1,0.156,11371.95
Phoenix,AZ,Condo,12,62.0,72.0,90.3,0.0,4771.4,808,1,0.143,669.76
Seattle,WA,House,5,60.5,79.0,135.3,0.0,24785.2,2484,3,0.1,2492.45
Phoenix,AZ,House,11,73.7,75.9,0.0,259.9,38801.9,2644,2,0.13,5048.22
Seattle,WA,House,4,58.2,71.0,204.5,0.0,34871.9,2405,3,0.1,3484.94
Phoenix,AZ,Townhouse,10,78.1,61.6,0.0,393.3,35467.7,1780,1,0.13,4603.04
Phoenix,AZ,House,10,81.2,50.1,0.0,485.0,51355.9,1944,3,0.13,6669.35
Seattle,WA,House,5,61.0,46.7,121.2,0.0,25658.5,2838,2,0.1,2570.91
Atlanta,GA,Apartment,9,67.7,87.3,0.0,80.5,4510.4,1078,2,0.13,583.09
Denver,CO,Apartment,2,51.4,64.6,408.1,0.0,25114.4,1177,1,0.132,3304.82
Chicago,IL,Townhouse,7,75.4,84.2,0.0,311.2,28372.7,1773,2,0.168,4754.93
Boston,MA,Large House,5,66.8,33.9,0.0,52.6,14154.5,3109,4,0.21,2972.12
Phoenix,AZ,Large House,6,85.4,85.7,0.0,613.4,153389.2,4015,5,0.156,23921.83
Seattle,WA,Townhouse,11,55.6,69.1,281.2,0.0,35832.9,1994,2,0.1,3594.92
Miami,FL,House,9,82.5,51.2,0.0,526.2,65060.5,2289,1,0.11,7166.05
Seattle,WA,House,11,55.4,86.4,288.3,0.0,47193.6,2369,3,0.1,4738.09
Houston,TX,Condo,8,90.1,45.3,0.0,753.3,28576.9,837,1,0.144,4102.79
Phoenix,AZ,Townhouse,3,67.9,35.3,0.0,87.6,6574.0,1243,1,0.13,851.87
Phoenix,AZ,House,12,60.4,45.0,138.8,0.0,17323.7,1704,2,0.143,2480.27
Atlanta,GA,Large House,6,66.2,50.4,0.0,36.5,15702.1,4373,6,0.156,2433.57
Houston,TX,Townhouse,9,87.4,67.6,0.0,673.0,51013.9,1527,1,0.12,6138.16
Chicago,IL,Large House,9,73.0,54.6,0.0,239.7,75137.9,4777,4,0.14,10506.75
Boston,MA,Large House,12,35.8,37.7,876.2,0.0,298991.9,4467,1,0.231,69050.97
Seattle,WA,Apartment,12,49.4,59.5,469.0,0.0,24669.7,1017,1,0.11,2699.71
Atlanta,GA,Apartment,9,69.6,80.3,0.0,137.7,5033.0,773,1,0.13,671.02
Atlanta,GA,House,6,66.2,80.8,0.0,36.3,8736.4,2765,5,0.156,1371.01
Miami,FL,Large House,10,84.6,78.1,0.0,587.2,141423.0,3879,1,0.11,15572.67
Denver,CO,Condo,1,46.3,58.7,561.7,0.0,35746.8,1119,1,0.132,4727.36
Los Angeles,CA,Condo,1,40.1,75.1,746.7,0.0,52124.9,1238,1,0.242,12633.37
Los Angeles,CA,House,9,67.9,78.2,0.0,86.3,15394.3,2703,4,0.22,3385.15
Phoenix,AZ,House,4,71.4,44.7,0.0,193.1,38836.7,3479,2,0.13,5046.51
Houston,TX,Apartment,3,69.1,53.9,0.0,123.4,5301.9,923,1,0.12,625.09
Seattle,WA,Apartment,7,75.1,55.1,0.0,303.1,11194.0,864,1,0.12,1341.43
Miami,FL,Townhouse,3,74.4,83.7,0.0,282.1,23922.0,1631,2,0.11,2627.63
Boston,MA,Apartment,3,38.1,30.5,806.2,0.0,39862.2,965,1,0.21,8387.2
Seattle,WA,Large House,8,74.8,49.2,0.0,293.7,58759.9,3085,4,0.12,7062.09
Chicago,IL,Apartment,12,36.5,57.2,855.2,0.0,45221.3,1035,1,0.154,6952.19
Chicago,IL,Condo,6,76.6,85.1,0.0,348.1,16079.0,992,1,0.168,2715.87
Phoenix,AZ,Large House,5,84.0,88.1,0.0,570.3,160300.3,4503,5,0.13,20835.79
Boston,MA,Apartment,8,73.9,81.6,0.0,266.5,12790.1,1095,2,0.252,3212.2
Chicago,IL,Townhouse,3,39.7,75.0,760.5,0.0,75191.8,1605,3,0.14,10531.98
Miami,FL,Apartment,10,82.2,48.3,0.0,516.2,11431.9,525,1,0.11,1263.61
Los Angeles,CA,Townhouse,12,47.0,76.7,538.7,0.0,50599.6,1512,3,0.242,12249.38
Houston,TX,Townhouse,7,94.2,43.5,0.0,877.0,86036.0,1993,2,0.144,12399.74
New York,NY,Townhouse,8,79.0,41.6,0.0,420.0,40933.4,1925,2,0.216,8823.73
Atlanta,GA,Large House,5,66.7,45.8,0.0,51.3,14472.0,3244,4,0.13,1879.32
Chicago,IL,Apartment,8,76.4,36.7,0.0,342.3,7426.7,510,1,0.168,1255.84
Atlanta,GA,Condo,9,73.6,85.2,0.0,258.8,18486.1,1496,1,0.13,2405.81
Boston,MA,Apartment,8,75.8,36.5,0.0,324.2,16105.5,1157,2,0.252,4056.37
New York,NY,Townhouse,10,61.5,44.2,104.4,0.0,9643.9,1296,2,0.18,1738.42
New York,NY,Apartment,1,31.9,65.4,992.3,0.0,43257.8,855,1,0.198,8569.31
Denver,CO,Condo,4,53.7,65.3,337.9,0.0,30288.3,1534,3,0.12,3629.63
Boston,MA,Apartment,9,71.2,32.6,0.0,186.8,9401.8,1116,2,0.21,1983.08
Phoenix,AZ,Townhouse,3,70.7,85.9,0.0,171.3,18181.8,1957,2,0.13,2344.49
Boston,MA,House,6,71.6,40.8,0.0,198.3,17466.5,1513,3,0.252,4403.07
Miami,FL,House,3,69.5,64.9,0.0,135.1,23189.3,2836,2,0.11,2547.25
Chicago,IL,House,12,29.2,56.2,1073.6,0.0,225213.2,3177,1,0.154,34663.64
Los Angeles,CA,Apartment,10,65.4,65.3,0.0,11.5,928.0,725,1,0.22,195.29
Atlanta,GA,Apartment,9,65.5,82.3,0.0,14.7,987.0,568,1,0.13,128.3
Seattle,WA,Condo,9,74.3,78.1,0.0,278.7,10973.8,824,1,0.1,1098.33
Boston,MA,House,8,72.8,70.3,0.0,235.4,41384.3,3107,1,0.252,10436.76
Denver,CO,Condo,2,47.3,69.4,532.0,0.0,27492.0,907,1,0.132,3645.29
Phoenix,AZ,House,1,61.5,68.1,105.1,0.0,27962.6,3474,4,0.143,3993.13
Atlanta,GA,Apartment,10,57.4,81.9,228.9,0.0,8397.5,671,1,0.13,1076.48
Houston,TX,Townhouse,7,95.0,73.8,0.0,899.1,64046.9,1445,2,0.144,9227.15
Miami,FL,Apartment,1,58.1,58.0,208.2,0.0,11444.0,1007,2,0.121,1397.14
Denver,CO,House,11,52.6,37.2,371.1,0.0,62279.6,2468,2,0.12,7458.07
Boston,MA,Townhouse,9,69.0,66.4,0.0,119.7,11349.1,1660,2,0.21,2402.7
Atlanta,GA,Townhouse,11,51.2,44.1,415.2,0.0,45824.6,1763,2,0.13,5960.34
Boston,MA,Apartment,3,44.7,80.5,608.1,0.0,26927.1,859,1,0.21,5637.16
Seattle,WA,Townhouse,7,71.2,52.9,0.0,186.9,18782.9,1855,3,0.12,2257.04
Atlanta,GA,House,10,59.1,44.3,176.8,0.0,33720.3,2678,2,0.13,4388.72
Houston,TX,Large House,8,86.4,68.5,0.0,641.9,164717.5,4140,2,0.144,23719.94
Boston,MA,Townhouse,4,57.4,40.7,227.1,0.0,21293.7,1441,2,0.21,4453.8
Atlanta,GA,Townhouse,9,67.5,60.3,0.0,76.1,10451.4,2179,4,0.13,1361.02
Seattle,WA,Large House,11,51.9,52.1,392.9,0.0,129273.2,4206,2,0.1,12930.15
Chicago,IL,Condo,3,37.8,68.7,815.2,0.0,63747.9,1392,1,0.14,8918.14
New York,NY,Condo,10,58.9,78.7,184.3,0.0,16358.2,1466,2,0.18,2957.94
New York,NY,Townhouse,6,75.9,59.7,0.0,327.8,37005.6,2188,4,0.216,8007.02
Los Angeles,CA,House,5,68.1,70.2,0.0,94.4,11475.0,1917,1,0.22,2530.14
Houston,TX,Townhouse,4,71.8,71.4,0.0,202.9,18701.3,1714,3,0.12,2225.42
Atlanta,GA,Condo,8,75.2,60.9,0.0,305.7,13927.3,961,1,0.156,2160.18
Atlanta,GA,Townhouse,8,78.9,41.2,0.0,417.5,39305.2,1859,2,0.156,6119.5
Atlanta,GA,Apartment,7,78.9,77.5,0.0,417.0,18613.2,1048,2,0.156,2915.93
Denver,CO,Townhouse,6,71.7,46.3,0.0,201.8,13240.2,1216,2,0.144,1909.75
Phoenix,AZ,Townhouse,2,60.2,38.8,145.3,0.0,12321.9,1261,1,0.143,1771.98
Boston,MA,Townhouse,10,54.8,65.1,306.5,0.0,27193.1,1397,2,0.21,5728.86
Los Angeles,CA,Large House,2,51.8,66.9,396.8,0.0,125668.7,4034,5,0.242,30429.35
Los Angeles,CA,Condo,3,52.9,52.2,364.1,0.0,33457.8,1580,3,0.22,7353.55
Denver,CO,Townhouse,9,66.0,49.5,0.0,30.2,5204.1,2109,1,0.12,638.7
Phoenix,AZ,House,6,89.4,82.2,0.0,732.9,90636.7,2310,1,0.156,14130.78
Chicago,IL,House,3,46.1,47.0,567.4,0.0,80807.6,2118,3,0.14,11293.2
Chicago,IL,Apartment,4,56.9,67.4,242.1,0.0,11094.9,849,1,0.14,1539.05
Houston,TX,Large House,5,85.4,35.0,0.0,611.0,114464.6,3008,4,0.12,13742.41
Houston,TX,Townhouse,7,96.2,78.1,0.0,935.5,73220.5,1592,1,0.144,10557.08
Phoenix,AZ,House,11,72.6,55.0,0.0,228.6,21145.4,1601,3,0.13,2738.9
Atlanta,GA,Large House,2,48.8,76.4,486.6,0.0,117558.4,3105,4,0.143,16798.44
Chicago,IL,Apartment,5,67.4,30.0,0.0,72.1,4258.0,1147,1,0.14,587.76
Los Angeles,CA,House,6,69.8,32.5,0.0,144.9,20018.2,2317,1,0.264,5282.25
Los Angeles,CA,Large House,12,44.7,41.5,609.1,0.0,232724.5,4954,3,0.242,56316.71
Miami,FL,Apartment,3,74.8,65.8,0.0,294.2,13227.5,1030,2,0.11,1448.17
Seattle,WA,Townhouse,9,71.5,35.9,0.0,194.0,13765.9,1319,2,0.1,1375.53
Chicago,IL,Large House,1,24.8,78.2,1206.7,0.0,407718.1,4441,3,0.154,62775.39
Atlanta,GA,Apartment,11,50.6,65.0,432.0,0.0,13673.2,605,1,0.13,1777.67
Phoenix,AZ,Apartment,5,79.2,60.8,0.0,424.9,9095.3,507,1,0.13,1190.52
Atlanta,GA,Large House,4,55.8,40.1,274.6,0.0,91406.5,4188,1,0.13,11863.08
Los Angeles,CA,Condo,12,46.5,83.4,554.9,0.0,26134.9,831,1,0.242,6329.42
Denver,CO,Townhouse,12,48.2,60.2,504.5,0.0,47616.0,1514,2,0.132,6280.95
Miami,FL,Large House,5,83.9,38.8,0.0,567.3,145023.6,4113,1,0.11,15964.56
Los Angeles,CA,Condo,11,57.9,49.6,213.9,0.0,15340.5,1194,2,0.22,3358.99
Seattle,WA,Townhouse,5,64.8,89.8,7.0,0.0,3087.5,1910,3,0.1,296.41
Chicago,IL,Apartment,9,72.9,35.9,0.0,237.7,12074.0,1170,1,0.14,1682.95
Chicago,IL,Condo,2,35.3,62.0,891.4,0.0,58392.7,1167,2,0.154,9011.05
Phoenix,AZ,Condo,9,89.3,38.9,0.0,728.2,34918.7,1056,1,0.13,4548.83
Phoenix,AZ,House,3,69.8,34.9,0.0,143.0,29538.4,3430,4,0.13,3851.2
New York,NY,Condo,6,70.6,62.2,0.0,167.7,8895.4,1052,2,0.216,1902.99
Boston,MA,House,7,81.7,67.1,0.0,501.8,42637.0,1560,2,0.252,10750.59
Atlanta,GA,Large House,8,78.1,55.6,0.0,393.0,107675.3,4310,6,0.156,16796.14
New York,NY,Large House,12,32.9,38.0,964.0,0.0,352926.6,4795,4,0.198,69885.48
Chicago,IL,Townhouse,12,30.4,43.1,1037.7,0.0,79242.0,1253,1,0.154,12214.93
Los Angeles,CA,Apartment,12,51.7,38.7,400.0,0.0,24993.3,1189,2,0.242,6060.55
Chicago,IL,Townhouse,5,63.5,83.1,46.1,0.0,5394.8,1387,2,0.14,767.7
Denver,CO,Large House,11,50.8,89.9,426.6,0.0,114405.7,3424,5,0.12,13737.64
Houston,TX,Large House,9,83.9,63.3,0.0,565.6,129169.0,3653,6,0.12,15502.33
Denver,CO,Large House,4,59.5,88.2,165.6,0.0,66793.5,4859,4,0.12,8026.3
Boston,MA,Large House,11,40.2,83.1,743.6,0.0,221441.6,3873,5,0.21,46484.32
Chicago,IL,Condo,6,69.8,66.9,0.0,143.7,9210.6,1267,1,0.168,1536.79
Los Angeles,CA,House,11,50.9,34.9,423.9,0.0,77328.7,2684,5,0.22,17002.28
Boston,MA,Apartment,6,78.8,89.8,0.0,415.0,8822.9,507,1,0.252,2222.55
New York,NY,Large House,9,69.7,69.5,0.0,139.9,47301.0,4881,3,0.18,8525.87
Seattle,WA,Condo,6,71.0,72.3,0.0,181.4,11428.9,1267,2,0.12,1382.22
Houston,TX,Large House,1,66.1,51.5,0.0,33.6,15461.2,4662,3,0.132,2053.81
Denver,CO,Townhouse,12,49.5,39.8,465.5,0.0,45487.1,1567,2,0.132,5997.61
Los Angeles,CA,Condo,4,60.4,66.7,137.3,0.0,12925.7,1524,1,0.22,2827.51
Seattle,WA,Condo,11,50.1,74.9,447.1,0.0,38636.2,1505,2,0.1,3847.6
Atlanta,GA,House,8,70.1,43.8,0.0,152.2,19550.3,2132,3,0.156,3067.11
Houston,TX,House,6,83.1,81.2,0.0,542.9,88604.0,3003,5,0.144,12749.05
Boston,MA,Condo,8,74.4,38.1,0.0,281.2,12706.2,945,1,0.252,3201.43
Denver,CO,House,1,48.8,79.6,484.9,0.0,96315.6,2952,2,0.132,12719.0
Denver,CO,Apartment,3,51.4,83.2,407.6,0.0,21947.4,1028,1,0.12,2646.33
Atlanta,GA,Condo,6,73.4,81.1,0.0,252.5,13541.7,1114,2,0.156,2098.07
Los Angeles,CA,Apartment,3,56.5,55.4,255.6,0.0,13066.2,951,1,0.22,2874.48
Houston,TX,Apartment,2,62.4,89.3,78.4,0.0,4017.6,813,1,0.132,550.18
Denver,CO,House,3,47.5,55.9,523.8,0.0,122918.4,3494,2,0.12,14761.46
Atlanta,GA,Townhouse,11,49.3,78.8,472.0,0.0,60147.4,2050,1,0.13,7819.54
New York,NY,Condo,12,33.5,52.3,945.9,0.0,65049.5,1227,2,0.198,12861.3
New York,NY,Condo,2,30.0,72.4,1048.6,0.0,76838.8,1312,1,0.198,15197.57
New York,NY,Condo,9,64.6,68.1,11.2,0.0,1811.6,1068,2,0.18,323.91
Houston,TX,Condo,2,68.6,81.2,0.0,108.6,6316.5,1088,2,0.132,818.92
New York,NY,Townhouse,4,55.6,45.3,280.7,0.0,33380.2,1859,2,0.18,6000.7
Chicago,IL,Apartment,1,23.7,32.7,1240.1,0.0,57847.4,921,1,0.154,8922.24
New York,NY,Apartment,1,24.1,37.3,1226.8,0.0,71257.8,1144,2,0.198,14102.41
Boston,MA,Large House,5,67.2,75.6,0.0,66.2,17177.5,3272,1,0.21,3614.66
Chicago,IL,Condo,10,59.6,89.7,163.5,0.0,11713.9,1165,2,0.14,1646.23
Boston,MA,House,2,35.0,66.0,899.8,0.0,176599.9,2955,5,0.231,40812.22
Denver,CO,House,12,46.9,58.6,542.7,0.0,96157.1,2634,4,0.132,12687.59
Los Angeles,CA,Condo,9,71.6,37.7,0.0,196.9,12482.5,1291,2,0.22,2747.64
Denver,CO,Large House,4,59.4,78.0,167.0,0.0,58960.0,4258,4,0.12,7075.46
Houston,TX,Apartment,5,82.9,49.1,0.0,536.1,19477.1,869,1,0.12,2333.65
Denver,CO,Apartment,11,51.8,62.3,395.8,0.0,20092.0,967,1,0.12,2392.26
Atlanta,GA,House,5,61.5,68.0,105.6,0.0,23685.8,2990,1,0.13,3094.21
Miami,FL,Large House,6,92.1,36.4,0.0,812.2,213544.3,4269,2,0.132,28193.34
Houston,TX,House,12,62.6,46.7,71.5,0.0,10253.6,1787,1,0.132,1341.13
Houston,TX,Large House,3,71.7,49.0,0.0,202.3,52296.8,3917,1,0.12,6272.05
Denver,CO,Townhouse,7,70.1,88.6,0.0,152.5,18059.6,2117,4,0.144,2619.12
Los Angeles,CA,Townhouse,4,59.6,41.2,163.0,0.0,18320.5,1669,3,0.22,4024.37
Miami,FL,Townhouse,4,73.7,86.2,0.0,260.1,25706.6,1889,2,0.11,2825.73
Denver,CO,Large House,11,53.7,88.1,339.6,0.0,103249.1,3846,4,0.12,12391.41
Atlanta,GA,Condo,11,50.4,88.4,439.4,0.0,38620.9,1532,3,0.13,5037.71
New York,NY,House,3,46.3,31.3,562.3,0.0,108820.5,2890,1,0.18,19580.1
Los Angeles,CA,Apartment,3,48.1,56.6,508.3,0.0,21158.4,802,1,0.22,4656.34
New York,NY,Townhouse,2,36.5,89.1,854.2,0.0,113173.4,2165,1,0.198,22404.68
Los Angeles,CA,Large House,7,71.5,56.0,0.0,194.7,45921.7,3526,3,0.264,12115.36
Boston,MA,Apartment,12,32.7,36.9,969.0,0.0,37629.9,764,1,0.231,8677.21
Boston,MA,House,1,24.6,57.8,1212.9,0.0,157558.6,1972,1,0.231,36387.46
Phoenix,AZ,Condo,1,58.3,80.4,199.6,0.0,15250.3,1274,1,0.143,2191.7
Atlanta,GA,Large House,8,75.0,78.7,0.0,300.2,83861.4,4346,3,0.156,13070.94
New York,NY,Townhouse,4,57.0,56.5,239.2,0.0,26548.1,1725,1,0.18,4788.28
Atlanta,GA,Large House,3,55.4,39.7,287.6,0.0,81050.9,3534,4,0.13,10527.91
Denver,CO,Apartment,2,43.6,60.7,642.2,0.0,39516.5,1196,1,0.132,5207.72
Chicago,IL,Condo,2,33.9,78.9,933.2,0.0,55999.7,1070,2,0.154,8635.44
Chicago,IL,House,6,78.0,58.5,0.0,389.3,57856.3,2717,1,0.168,9710.72
Boston,MA,Townhouse,4,52.5,52.9,373.8,0.0,45666.1,1946,1,0.21,9581.72
Miami,FL,Condo,7,87.9,69.0,0.0,687.4,29331.1,941,1,0.132,3856.64
Miami,FL,Townhouse,2,61.1,80.2,115.9,0.0,14861.1,1852,1,0.121,1803.79
New York,NY,House,1,25.5,54.1,1185.6,0.0,195492.2,2501,1,0.198,38689.57
New York,NY,Townhouse,3,46.8,48.6,546.7,0.0,46641.8,1380,1,0.18,8410.1
Boston,MA,Condo,12,36.2,63.6,865.1,0.0,76434.7,1572,2,0.231,17649.05
Seattle,WA,Apartment,2,52.6,48.8,371.0,0.0,17935.7,919,1,0.11,1975.76
Atlanta,GA,Townhouse,5,63.1,72.1,56.1,0.0,8568.1,1952,1,0.13,1127.89
Miami,FL,Townhouse,4,76.4,39.3,0.0,340.6,28787.8,1649,2,0.11,3175.45
Atlanta,GA,Townhouse,1,42.7,66.7,669.1,0.0,71953.1,1746,1,0.143,10295.57
New York,NY,Condo,4,52.5,52.2,375.8,0.0,20225.8,936,1,0.18,3634.56
New York,NY,Condo,11,43.3,68.7,650.0,0.0,57256.5,1554,3,0.18,10287.38
New York,NY,House,6,76.2,60.5,0.0,334.8,29669.2,1593,2,0.216,6423.84
Boston,MA,Condo,6,78.1,51.5,0.0,393.6,19558.4,1065,2,0.252,4936.76
Boston,MA,House,8,79.8,46.4,0.0,443.6,49014.5,2018,3,0.252,12363.42
Houston,TX,Apartment,5,85.1,32.9,0.0,602.0,23315.0,937,1,0.12,2800.54
Denver,CO,Condo,7,71.3,74.5,0.0,187.8,10304.2,1104,2,0.144,1496.06
Houston,TX,House,8,93.9,78.9,0.0,865.5,125294.0,2715,2,0.144,18058.47
Phoenix,AZ,House,1,58.4,31.3,198.1,0.0,37674.0,2693,1,0.143,5368.35
Chicago,IL,Townhouse,5,67.3,66.2,0.0,69.3,8969.9,2029,3,0.14,1266.01
New York,NY,Large House,10,53.4,67.9,347.6,0.0,129755.6,4749,2,0.18,23337.25
Atlanta,GA,Condo,7,76.7,83.6,0.0,350.5,15339.6,939,1,0.156,2392.05
Houston,TX,Apartment,11,68.2,52.3,0.0,95.3,4293.8,903,1,0.12,504.5
Atlanta,GA,Townhouse,4,59.0,86.1,180.8,0.0,22623.6,1890,3,0.13,2931.77
Chicago,IL,House,9,65.6,85.5,0.0,16.6,5461.1,2673,3,0.14,776.01
Boston,MA,Large House,5,67.3,50.2,0.0,67.8,22604.6,4167,4,0.21,4751.15
Miami,FL,Large House,6,90.3,82.6,0.0,759.9,221640.2,4725,4,0.132,29265.51
Los Angeles,CA,House,12,48.8,81.8,485.7,0.0,107735.3,3290,3,0.242,26069.52
Los Angeles,CA,Large House,4,62.3,46.8,80.5,0.0,23870.6,3271,2,0.22,5240.07
Houston,TX,House,11,70.8,36.1,0.0,172.7,34037.4,3372,2,0.12,4097.11
New York,NY,Townhouse,1,26.4,52.0,1159.1,0.0,104786.4,1484,2,0.198,20749.81
Houston,TX,Large House,2,69.6,51.0,0.0,139.4,47679.5,4959,1,0.132,6301.98
Chicago,IL,Large House,12,28.4,76.5,1098.6,0.0,354296.5,4235,2,0.154,54567.11
Atlanta,GA,Townhouse,3,51.4,85.9,407.3,0.0,51324.0,2012,2,0.13,6671.39
Phoenix,AZ,Condo,4,74.2,45.9,0.0,275.5,18902.2,1439,1,0.13,2446.46
Boston,MA,Condo,12,33.2,43.0,954.0,0.0,50028.8,936,1,0.231,11566.5
Chicago,IL,Apartment,6,69.1,52.8,0.0,123.6,3670.1,622,1,0.168,626.84
Los Angeles,CA,Townhouse,4,62.5,71.8,73.9,0.0,11741.9,2115,3,0.22,2598.3
Seattle,WA,Townhouse,4,53.7,84.2,339.5,0.0,45163.5,2095,4,0.1,4500.81
New York,NY,Townhouse,3,37.7,57.2,820.4,0.0,60444.1,1204,1,0.18,10892.34
Miami,FL,Apartment,8,94.4,58.0,0.0,882.4,41210.6,1137,1,0.132,5455.99
Los Angeles,CA,Condo,10,65.9,46.5,0.0,26.7,2673.2,1287,1,0.22,580.55
Miami,FL,Apartment,3,71.7,89.9,0.0,201.0,10827.0,1200,2,0.11,1204.15
New York,NY,Large House,3,44.2,30.0,625.1,0.0,185455.9,3843,5,0.18,33368.09
New York,NY,Large House,11,40.9,39.4,724.4,0.0,238646.6,4286,4,0.18,42957.29
Phoenix,AZ,Townhouse,3,70.7,76.3,0.0,171.1,13474.0,1451,2,0.13,1740.0
Miami,FL,Large House,10,79.6,51.0,0.0,439.4,112683.8,4056,6,0.11,12393.03
Atlanta,GA,Apartment,4,53.1,86.2,355.9,0.0,12581.5,671,1,0.13,1617.86
Seattle,WA,Apartment,10,61.6,30.7,100.5,0.0,4788.6,789,1,0.1,488.23
Los Angeles,CA,Condo,1,45.1,62.8,596.0,0.0,28653.8,848,1,0.242,6928.19
Boston,MA,Townhouse,6,72.4,89.5,0.0,221.4,22383.9,1899,3,0.252,5643.75
Los Angeles,CA,Townhouse,6,72.2,84.5,0.0,215.6,14242.4,1244,2,0.264,3749.91
Seattle,WA,Large House,5,60.3,40.7,141.6,0.0,52434.7,4386,4,0.1,5237.03
Denver,CO,Apartment,5,62.1,88.1,87.5,0.0,3340.4,637,1,0.12,402.99
Miami,FL,Apartment,11,67.5,59.2,0.0,73.9,2949.7,765,1,0.11,330.96
Phoenix,AZ,Large House,4,80.0,36.4,0.0,451.3,135318.3,4757,5,0.13,17608.24
Seattle,WA,House,5,63.4,83.7,47.5,0.0,14521.2,3483,1,0.1,1467.2
Seattle,WA,Large House,9,74.0,86.8,0.0,269.5,79178.9,4506,6,0.1,7915.75
Atlanta,GA,Apartment,2,49.5,86.2,466.3,0.0,13475.7,555,1,0.143,1913.07
Seattle,WA,Townhouse,2,49.2,69.2,472.6,0.0,50531.7,1716,2,0.11,5562.93
Miami,FL,Condo,8,86.7,39.6,0.0,651.7,38075.8,1284,1,0.132,5041.16
Los Angeles,CA,House,12,48.8,65.9,487.3,0.0,67353.2,2044,3,0.242,16316.54
Phoenix,AZ,Condo,8,88.7,30.2,0.0,711.1,43736.0,1359,1,0.156,6827.95
Houston,TX,House,6,91.4,52.4,0.0,791.4,69601.3,1639,3,0.144,10009.73
Seattle,WA,Large House,3,55.3,76.4,289.9,0.0,104625.2,4550,1,0.1,10451.34
Chicago,IL,House,4,56.8,37.1,247.1,0.0,59774.7,3474,3,0.14,8384.1
Chicago,IL,Apartment,3,37.3,76.8,831.9,0.0,32101.3,755,1,0.14,4494.42
Atlanta,GA,Townhouse,10,59.3,72.3,169.8,0.0,14855.2,1317,2,0.13,1942.2
Seattle,WA,Apartment,1,48.8,50.0,487.4,0.0,27632.1,1094,1,0.11,3041.04
Seattle,WA,Large House,1,40.3,84.1,740.8,0.0,251627.9,4429,2,0.11,27691.91
Houston,TX,House,6,84.3,60.9,0.0,577.5,88454.9,2839,2,0.144,12754.95
Phoenix,AZ,Large House,11,74.7,78.2,0.0,289.7,79326.7,4233,4,0.13,10293.57
Boston,MA,Apartment,7,79.0,86.3,0.0,419.6,9603.5,545,1,0.252,2411.2
Houston,TX,Condo,8,93.8,74.0,0.0,865.2,32430.5,832,1,0.144,4684.71
Boston,MA,Townhouse,5,65.6,34.9,0.0,17.9,2837.4,1401,2,0.21,608.9
Seattle,WA,Condo,9,69.4,82.5,0.0,131.0,10393.5,1519,2,0.1,1055.03
Boston,MA,Townhouse,1,25.5,52.5,1183.5,0.0,141014.8,1956,2,0.231,32571.58
Denver,CO,Condo,5,66.2,48.5,0.0,37.3,4265.3,1578,3,0.12,511.4
Miami,FL,Condo,11,67.1,74.0,0.0,62.6,3256.2,865,1,0.11,356.99
Seattle,WA,Condo,12,42.8,39.7,665.4,0.0,39923.7,1064,1,0.11,4380.36
Atlanta,GA,Large House,3,52.6,31.4,371.0,0.0,94813.2,3251,3,0.13,12338.6
Houston,TX,Condo,11,68.9,46.4,0.0,116.8,9216.0,1512,1,0.12,1122.84
Miami,FL,House,8,86.7,79.8,0.0,651.3,118928.8,3391,4,0.132,15683.02
Boston,MA,House,7,77.2,62.9,0.0,364.7,30613.9,1514,2,0.252,7717.76
Los Angeles,CA,House,11,52.1,56.4,387.0,0.0,83948.2,3176,6,0.22,18485.44
Boston,MA,House,6,76.2,53.1,0.0,335.9,59291.4,3172,4,0.252,14940.65
Seattle,WA,Apartment,9,65.1,70.3,0.0,2.5,961.5,861,1,0.1,110.14
Chicago,IL,Large House,7,82.8,85.6,0.0,534.1,121255.1,3636,3,0.168,20365.41
Phoenix,AZ,Large House,10,80.0,38.1,0.0,448.5,116020.6,4100,5,0.13,15082.19
Chicago,IL,House,6,70.4,30.3,0.0,162.5,20350.8,2112,3,0.168,3426.93
Miami,FL,Apartment,7,92.9,62.2,0.0,838.5,38650.7,1121,1,0.132,5091.18
Denver,CO,House,11,49.6,78.0,461.5,0.0,64117.9,2064,1,0.12,7690.74
Seattle,WA,Condo,10,58.6,82.0,191.3,0.0,9617.3,838,1,0.1,943.96
Los Angeles,CA,Large House,12,50.2,44.3,443.8,0.0,117642.1,3388,5,0.242,28485.27
Los Angeles,CA,Apartment,9,69.0,45.1,0.0,120.1,4417.2,769,1,0.22,965.51
Boston,MA,Townhouse,6,72.6,64.2,0.0,226.6,15977.6,1336,2,0.252,4009.36
Houston,TX,House,10,78.5,72.5,0.0,403.9,54095.1,2436,3,0.12,6484.1
Boston,MA,Large House,9,69.0,72.8,0.0,120.5,29555.9,3409,6,0.21,6196.41
Miami,FL,House,7,91.3,82.6,0.0,789.6,142599.2,3371,5,0.132,18811.23
Denver,CO,Large House,6,71.4,69.9,0.0,191.2,57256.6,4455,6,0.144,8251.08
Chicago,IL,Townhouse,11,46.9,66.0,542.2,0.0,53628.0,1596,1,0.14,7527.65
Seattle,WA,Condo,5,65.3,55.3,0.0,10.1,1946.6,1234,2,0.1,198.34
Seattle,WA,Large House,5,64.3,51.7,22.4,0.0,9981.7,3281,4,0.1,1016.82
Boston,MA,Condo,7,74.9,82.7,0.0,297.1,18064.8,1292,1,0.252,4571.86
Boston,MA,Apartment,10,60.6,74.5,133.2,0.0,4342.4,559,1,0.21,925.37
Houston,TX,Large House,11,67.0,37.7,0.0,60.3,19280.0,3930,2,0.12,2325.66
Los Angeles,CA,Large House,1,49.0,73.9,480.3,0.0,160405.3,4298,3,0.242,38831.13
Phoenix,AZ,House,12,59.4,53.4,169.3,0.0,22687.0,1874,1,0.143,3232.92
Houston,TX,Large House,4,71.4,39.3,0.0,190.9,55924.2,4388,3,0.12,6696.17
Chicago,IL,Townhouse,4,49.9,46.6,452.6,0.0,53417.8,1889,3,0.14,7484.22
Miami,FL,Townhouse,10,83.4,33.9,0.0,551.5,54461.3,1974,3,0.11,5977.12
Chicago,IL,Townhouse,9,71.5,50.8,0.0,195.9,15704.3,1504,1,0.14,2193.37
Atlanta,GA,Condo,12,47.2,81.3,535.4,0.0,32039.2,1052,1,0.143,4596.88
Atlanta,GA,House,1,42.7,48.1,669.1,0.0,79845.1,1786,2,0.143,11401.29
Atlanta,GA,Apartment,8,75.7,40.4,0.0,320.8,13698.7,995,1,0.156,2145.1
Houston,TX,Condo,8,90.9,51.3,0.0,776.9,45150.7,1286,1,0.144,6497.62
Boston,MA,Condo,8,81.5,50.3,0.0,494.1,26535.0,1165,2,0.252,6703.88
Phoenix,AZ,House,2,64.1,36.3,28.1,0.0,5694.6,1868,2,0.143,804.21
Houston,TX,Large House,12,65.1,40.8,0.0,2.2,6699.8,4781,2,0.132,897.66
Los Angeles,CA,Townhouse,1,42.1,45.3,687.7,0.0,91220.4,2156,1,0.242,22080.79
Atlanta,GA,Apartment,7,76.2,74.5,0.0,335.6,9597.1,661,1,0.156,1502.9
Miami,FL,Large House,3,73.1,58.4,0.0,243.7,76752.0,4826,3,0.11,8458.1
Atlanta,GA,Apartment,3,49.2,85.1,473.7,0.0,27486.7,1117,1,0.13,3557.65
Boston,MA,Townhouse,10,55.2,70.1,295.5,0.0,27219.1,1448,2,0.21,5707.53
Chicago,IL,Apartment,12,37.4,41.2,827.9,0.0,24972.0,591,1,0.154,3859.02
Seattle,WA,Townhouse,10,57.0,46.6,238.8,0.0,19795.2,1290,1,0.1,1975.27
Houston,TX,House,5,79.1,39.6,0.0,423.1,48691.7,2094,3,0.12,5855.34
Seattle,WA,Large House,2,44.6,75.6,613.1,0.0,166327.3,3517,2,0.11,18276.31
New York,NY,House,11,49.2,87.5,474.0,0.0,57667.9,1807,1,0.18,10380.23
Miami,FL,Condo,8,94.5,60.4,0.0,884.2,52699.7,1320,1,0.132,6954.21
Denver,CO,Townhouse,11,49.6,85.0,463.1,0.0,48723.3,1693,1,0.12,5856.82
Houston,TX,Apartment,1,66.0,69.9,0.0,29.9,1127.2,544,1,0.132,167.8
Miami,FL,Large House,12,65.5,58.6,0.0,13.6,10194.1,4762,4,0.121,1226.72
Seattle,WA,Townhouse,9,69.8,63.2,0.0,143.8,12844.8,1623,1,0.1,1282.99
New York,NY,Condo,5,66.4,43.2,0.0,41.3,3176.1,1080,2,0.18,584.5
Miami,FL,House,9,85.3,74.9,0.0,610.3,68443.7,2083,1,0.11,7522.12
Boston,MA,Townhouse,8,81.7,75.4,0.0,501.9,35572.9,1408,2,0.252,8964.96
Los Angeles,CA,House,7,73.6,79.0,0.0,257.7,38974.8,2665,4,0.264,10292.55
Miami,FL,House,1,66.2,85.1,0.0,36.5,4989.5,1585,3,0.121,592.49
Miami,FL,Condo,3,72.4,61.0,0.0,221.0,14914.6,1383,2,0.11,1624.14
Atlanta,GA,Condo,3,47.9,45.9,512.2,0.0,27099.4,930,1,0.13,3539.63
Miami,FL,Condo,8,88.3,53.8,0.0,699.0,46078.2,1456,1,0.132,6065.12
Chicago,IL,House,5,61.8,80.8,94.5,0.0,13963.3,1938,1,0.14,1937.96
Boston,MA,Condo,3,38.2,67.2,803.4,0.0,63327.4,1404,1,0.21,13304.28
Chicago,IL,Townhouse,11,41.7,68.3,700.1,0.0,59924.6,1394,1,0.14,8398.1
Phoenix,AZ,Large House,7,92.6,31.5,0.0,827.1,246256.5,4838,2,0.156,38423.09
Atlanta,GA,Townhouse,4,62.2,58.1,83.7,0.0,11071.2,1817,1,0.13,1445.63
Phoenix,AZ,House,7,87.5,88.6,0.0,675.1,88215.6,2437,1,0.156,13754.07
Seattle,WA,House,7,76.9,43.3,0.0,356.3,44939.3,2272,3,0.12,5405.5
Atlanta,GA,Townhouse,4,58.1,82.7,208.3,0.0,23574.4,1730,2,0.13,3080.89
New York,NY,Large House,6,70.8,77.2,0.0,174.2,43691.4,3686,5,0.216,9440.18
Chicago,IL,House,7,76.1,84.8,0.0,333.2,49008.5,2658,2,0.168,8231.34
Chicago,IL,House,4,56.2,82.9,264.6,0.0,51442.8,2794,3,0.14,7214.8
Atlanta,GA,Condo,8,73.7,41.5,0.0,260.3,10700.0,856,1,0.156,1658.84
Phoenix,AZ,House,7,87.5,36.0,0.0,673.8,83703.9,2314,1,0.156,13061.78
Seattle,WA,Apartment,9,73.7,53.8,0.0,261.0,6271.8,549,1,0.1,629.13
Denver,CO,Large House,8,78.7,46.3,0.0,410.1,127921.0,4930,5,0.144,18436.38
Phoenix,AZ,Apartment,4,71.8,87.4,0.0,205.0,10989.1,1196,2,0.13,1421.54
Los Angeles,CA,Condo,11,49.5,63.7,465.9,0.0,29541.1,1106,2,0.22,6506.86
Houston,TX,Apartment,9,83.2,64.8,0.0,546.4,17097.8,753,1,0.12,2050.5
Atlanta,GA,Apartment,3,51.9,59.6,391.8,0.0,23847.0,1160,1,0.13,3090.02
Atlanta,GA,Large House,1,48.8,39.6,487.0,0.0,121152.4,3186,6,0.143,17307.87
Houston,TX,Apartment,9,82.3,67.6,0.0,519.3,18924.4,875,1,0.12,2254.91
Chicago,IL,Condo,2,35.1,53.7,895.9,0.0,50266.0,999,1,0.154,7729.63
Los Angeles,CA,Townhouse,1,41.8,40.1,696.8,0.0,77547.6,1807,3,0.242,18756.3
Denver,CO,Large House,7,70.3,36.7,0.0,160.5,43544.5,3991,2,0.144,6274.58
Houston,TX,Apartment,11,72.4,53.9,0.0,220.7,9424.6,967,1,0.12,1138.52
New York,NY,Apartment,12,37.5,52.6,824.6,0.0,25581.8,607,1,0.198,5083.58
Houston,TX,Condo,5,79.6,43.1,0.0,437.2,22630.8,1116,1,0.12,2732.09
Boston,MA,Apartment,6,71.8,59.6,0.0,205.4,5262.3,574,1,0.252,1310.72
Boston,MA,Apartment,12,28.1,59.0,1106.8,0.0,59993.7,1065,2,0.231,13845.99
New York,NY,Townhouse,1,29.6,74.0,1063.0,0.0,80852.0,1247,1,0.198,16023.13
Denver,CO,Condo,5,60.8,42.3,126.4,0.0,11325.1,1442,1,0.12,1365.65
New York,NY,Apartment,6,70.8,71.9,0.0,173.4,8726.5,1114,1,0.216,1870.48
Miami,FL,Condo,12,60.6,38.9,131.9,0.0,10554.6,1261,2,0.121,1292.47
Los Angeles,CA,Condo,2,47.7,50.8,519.8,0.0,26619.8,901,1,0.242,6443.15
Houston,TX,Condo,7,88.0,75.4,0.0,690.5,40884.5,1305,1,0.144,5887.58
Los Angeles,CA,House,8,74.4,74.2,0.0,281.1,49831.5,3127,6,0.264,13135.81
Miami,FL,Apartment,6,91.7,75.2,0.0,802.4,22883.4,693,1,0.132,3009.97
New York,NY,Condo,3,37.8,71.1,814.9,0.0,38629.5,841,1,0.18,6946.82
New York,NY,Townhouse,11,47.9,34.7,512.4,0.0,38670.9,1212,2,0.18,6971.94
New York,NY,Townhouse,1,31.0,30.2,1021.4,0.0,103391.5,1658,2,0.198,20464.31
Denver,CO,Townhouse,7,74.5,44.0,0.0,284.0,31864.1,2151,4,0.144,4578.44
Boston,MA,Large House,8,72.1,69.3,0.0,212.1,44026.5,3101,6,0.252,11075.62
Boston,MA,House,5,68.3,50.4,0.0,99.2,18068.6,2851,3,0.21,3787.28
New York,NY,Apartment,8,73.7,68.5,0.0,260.1,7669.4,667,1,0.216,1646.29
Chicago,IL,Large House,3,38.2,71.4,804.7,0.0,256030.8,4156,1,0.14,35829.53
Miami,FL,Apartment,2,68.3,45.3,0.0,97.9,3203.4,661,1,0.121,375.43
Seattle,WA,Large House,1,46.0,51.8,571.0,0.0,139329.6,3149,5,0.11,15307.91
Miami,FL,Apartment,2,66.4,79.9,0.0,41.4,3194.3,1190,2,0.121,385.5
Los Angeles,CA,Apartment,8,71.7,51.1,0.0,201.5,5034.4,550,1,0.264,1326.68
Seattle,WA,Large House,9,71.3,35.4,0.0,189.2,48459.1,3830,2,0.1,4857.33
Phoenix,AZ,Apartment,8,89.1,47.9,0.0,722.4,35058.1,1176,1,0.156,5486.67
Denver,CO,Large House,2,52.1,36.0,385.8,0.0,126233.3,4182,1,0.132,16676.57
Miami,FL,House,8,90.0,56.3,0.0,750.6,126248.9,3129,6,0.132,16668.24
Miami,FL,Condo,5,84.4,35.8,0.0,581.3,36588.1,1378,2,0.11,4010.83
Los Angeles,CA,House,7,70.8,84.0,0.0,172.5,21758.6,2127,3,0.264,5742.95
New York,NY,Condo,3,42.6,45.1,673.5,0.0,56367.4,1481,1,0.18,10164.41
Phoenix,AZ,House,9,86.4,69.4,0.0,642.1,113467.0,3289,2,0.13,14738.29
Chicago,IL,Apartment,10,57.3,61.4,230.4,0.0,10717.2,861,1,0.14,1511.76
Miami,FL,Large House,8,95.6,67.2,0.0,917.2,189445.1,3357,4,0.132,24994.36
Miami,FL,House,11,67.6,84.1,0.0,79.0,14371.3,2784,1,0.11,1593.47
Houston,TX,Large House,9,86.2,72.8,0.0,637.1,151608.2,3821,6,0.12,18185.32
Seattle,WA,Townhouse,9,66.4,57.3,0.0,40.6,4596.6,1492,2,0.1,448.97
Seattle,WA,Townhouse,3,53.0,63.2,359.2,0.0,43506.2,1927,1,0.1,4357.08
Seattle,WA,Condo,3,50.3,88.8,440.0,0.0,32254.5,1284,1,0.1,3214.84
Phoenix,AZ,Apartment,7,87.6,36.3,0.0,677.0,32005.4,1145,1,0.156,4982.68
New York,NY,Apartment,5,63.7,71.4,37.7,0.0,1758.1,636,1,0.18,324.02
Miami,FL,Condo,7,88.7,82.1,0.0,711.4,32927.7,1016,2,0.132,4333.74
Houston,TX,Condo,6,85.8,46.0,0.0,625.0,36124.9,1270,1,0.144,5210.64
Phoenix,AZ,Condo,5,77.8,36.3,0.0,385.2,19636.9,1097,1,0.13,2568.37
Phoenix,AZ,Townhouse,10,81.4,40.0,0.0,492.5,38183.9,1540,2,0.13,4969.18
Denver,CO,Townhouse,3,50.8,60.3,426.4,0.0,55549.0,2076,3,0.12,6648.86
Atlanta,GA,Apartment,2,50.5,68.5,434.3,0.0,20679.6,917,1,0.143,2947.26
Seattle,WA,Townhouse,3,55.8,89.4,276.5,0.0,31881.2,1800,3,0.1,3185.75
Houston,TX,Townhouse,4,77.2,82.9,0.0,365.5,34881.6,1867,3,0.12,4191.59
Los Angeles,CA,Townhouse,4,53.6,49.0,341.7,0.0,44550.2,2074,1,0.22,9795.8
Los Angeles,CA,Large House,4,57.8,64.1,216.0,0.0,83241.6,4754,3,0.22,18329.07
New York,NY,Townhouse,8,74.6,74.4,0.0,288.0,30382.8,2032,2,0.216,6543.72
Denver,CO,Apartment,3,56.8,84.2,246.1,0.0,9967.9,757,1,0.12,1195.29
Seattle,WA,Condo,5,68.9,68.1,0.0,116.3,6252.9,1010,1,0.1,630.57
New York,NY,House,7,79.9,36.9,0.0,447.1,73747.4,3008,6,0.216,15941.8
Atlanta,GA,House,4,62.1,66.4,86.1,0.0,20730.0,3035,4,0.13,2680.78
Los Angeles,CA,Large House,8,75.3,53.1,0.0,308.6,84094.3,4224,6,0.264,22183.99
Phoenix,AZ,House,2,61.0,84.0,119.3,0.0,19580.5,2216,1,0.143,2785.56
Houston,TX,Apartment,7,96.1,75.7,0.0,932.9,20811.4,545,1,0.144,3016.15
Chicago,IL,Large House,10,59.9,87.7,153.2,0.0,52744.9,4108,4,0.14,7373.36
Chicago,IL,Apartment,3,45.9,45.9,573.4,0.0,16673.9,561,1,0.14,2336.27
Chicago,IL,Townhouse,1,29.2,75.8,1074.5,0.0,135938.3,2070,4,0.154,20947.08
Boston,MA,Large House,5,69.3,68.8,0.0,129.4,30008.2,3335,1,0.21,6292.86
Phoenix,AZ,Condo,5,83.4,43.4,0.0,552.5,30360.4,1201,1,0.13,3936.72
Denver,CO,House,2,48.8,40.2,486.4,0.0,97443.3,2971,3,0.132,12876.24
Atlanta,GA,Large House,5,65.6,71.9,0.0,17.9,9343.1,3935,3,0.13,1224.74
Boston,MA,Large House,9,66.3,50.4,0.0,38.9,12582.5,3349,5,0.21,2645.31
Atlanta,GA,Large House,4,57.3,58.1,229.6,0.0,70613.2,3798,4,0.13,9163.71
Miami,FL,Large House,4,78.3,62.1,0.0,398.9,106963.7,4239,3,0.11,11776.88
Houston,TX,Large House,1,60.4,78.5,137.7,0.0,57951.3,4997,2,0.132,7664.56
Denver,CO,Townhouse,9,71.2,87.8,0.0,185.7,18460.9,1847,2,0.12,2195.91
Atlanta,GA,House,4,59.8,84.4,157.0,0.0,25462.8,2231,3,0.13,3326.44
Miami,FL,Apartment,3,65.9,47.5,0.0,26.6,1175.3,589,1,0.11,135.82
Seattle,WA,Townhouse,11,54.3,82.6,322.1,0.0,30311.1,1492,1,0.1,3022.21
Atlanta,GA,Townhouse,1,49.8,66.4,455.2,0.0,48616.7,1713,2,0.143,6948.4
Houston,TX,Townhouse,3,71.4,58.2,0.0,192.3,20932.6,2020,3,0.12,2521.11
Atlanta,GA,Townhouse,1,47.2,55.0,533.2,0.0,67801.8,2042,4,0.143,9690.16
Miami,FL,House,4,76.6,75.0,0.0,348.0,48184.8,2495,3,0.11,5309.42
Chicago,IL,Townhouse,2,36.4,86.3,857.0,0.0,72143.1,1374,1,0.154,11123.22
Seattle,WA,House,10,57.5,69.6,224.6,0.0,51367.9,3231,6,0.1,5147.7
Chicago,IL,House,10,61.1,67.3,117.7,0.0,27196.3,3039,6,0.14,3817.91
Seattle,WA,Townhouse,3,52.0,70.7,391.1,0.0,34794.9,1414,2,0.1,3496.91
Atlanta,GA,Apartment,3,53.6,50.4,340.6,0.0,10009.3,561,1,0.13,1281.25
Denver,CO,Townhouse,2,50.1,86.5,445.7,0.0,43250.1,1550,3,0.132,5705.6
Miami,FL,House,6,88.4,34.2,0.0,703.0,73914.4,1953,3,0.132,9763.73
Atlanta,GA,House,7,73.3,66.9,0.0,250.1,41594.5,2944,2,0.156,6481.23
Seattle,WA,Condo,1,45.1,38.4,596.7,0.0,36380.7,1077,1,0.11,3991.72
Phoenix,AZ,House,2,66.0,61.5,0.0,29.6,4564.1,1641,3,0.143,638.43
Chicago,IL,House,6,75.6,71.5,0.0,317.7,48196.4,2735,2,0.168,8081.09
Atlanta,GA,Apartment,8,69.5,44.7,0.0,134.5,3824.3,587,1,0.156,606.11
Houston,TX,Apartment,9,84.8,61.7,0.0,594.4,21736.7,882,1,0.12,2605.19
Seattle,WA,Apartment,11,55.3,85.1,290.9,0.0,10527.4,685,1,0.1,1051.59
Denver,CO,Large House,1,46.8,34.0,544.8,0.0,189444.4,4497,2,0.132,25023.85
Boston,MA,House,8,79.8,57.3,0.0,444.9,83371.7,3424,4,0.252,21003.36
Boston,MA,House,5,63.0,67.0,60.4,0.0,11375.2,2231,3,0.21,2378.8
Denver,CO,Apartment,10,59.0,76.3,179.4,0.0,8331.1,838,1,0.12,984.05
New York,NY,Condo,7,79.7,52.3,0.0,442.3,29325.4,1439,1,0.216,6316.27
Atlanta,GA,Condo,4,54.9,86.8,303.4,0.0,26501.8,1507,1,0.13,3439.84
Los Angeles,CA,Townhouse,11,52.4,77.1,379.1,0.0,41290.8,1732,2,0.22,9069.71
Phoenix,AZ,Apartment,7,87.1,56.4,0.0,664.3,17687.9,641,1,0.156,2752.11
Los Angeles,CA,Townhouse,5,63.4,36.4,48.9,0.0,8488.4,2034,4,0.22,1886.59
Phoenix,AZ,Large House,4,77.6,57.2,0.0,378.3,108154.4,4504,3,0.13,14075.74
Boston,MA,Condo,1,23.5,64.0,1243.9,0.0,67944.8,978,1,0.231,15711.98
Miami,FL,Condo,11,68.3,77.9,0.0,98.7,4556.2,834,1,0.11,501.47
Houston,TX,House,8,87.6,62.8,0.0,678.2,111713.7,3073,1,0.144,16088.01
Denver,CO,Large House,2,51.9,73.1,392.9,0.0,130131.1,4211,6,0.132,17169.31
Atlanta,GA,Townhouse,2,50.3,67.5,442.4,0.0,44090.3,1593,3,0.143,6313.19
Atlanta,GA,Townhouse,6,72.6,47.6,0.0,227.0,24819.9,2056,4,0.156,3861.97
Miami,FL,Condo,4,71.3,34.4,0.0,189.1,12943.3,1398,1,0.11,1415.89
Chicago,IL,Large House,7,77.7,45.3,0.0,379.6,97078.2,4014,5,0.168,16320.64
Denver,CO,Large House,8,75.0,50.8,0.0,299.7,87988.5,4560,4,0.144,12686.07
Phoenix,AZ,House,8,93.5,67.0,0.0,854.6,155807.5,3422,1,0.156,24302.91
Chicago,IL,Townhouse,1,32.1,71.9,987.7,0.0,118069.4,1960,1,0.154,18190.34
Los Angeles,CA,House,8,69.3,68.1,0.0,129.7,26757.7,3343,6,0.264,7072.07
Seattle,WA,Apartment,11,53.1,43.3,355.9,0.0,14080.9,754,1,0.1,1417.95
Atlanta,GA,Large House,3,54.5,53.1,316.3,0.0,116534.6,4642,6,0.13,15148.75
Chicago,IL,House,6,76.2,72.7,0.0,335.3,38922.3,2091,2,0.168,6526.99
Chicago,IL,Large House,7,83.0,50.3,0.0,539.7,135255.0,4003,6,0.168,22717.03
New York,NY,House,7,74.7,51.5,0.0,291.1,42166.6,2567,5,0.216,9115.69
Miami,FL,House,11,74.6,54.9,0.0,287.9,37882.3,2352,1,0.11,4182.71
New York,NY,Large House,4,51.4,45.1,408.3,0.0,123796.0,3861,6,0.18,22276.94
Miami,FL,Townhouse,2,61.2,84.4,115.0,0.0,15215.6,1912,2,0.121,1844.56
Seattle,WA,Condo,3,56.1,85.9,268.1,0.0,14706.9,934,1,0.1,1465.62
Atlanta,GA,House,2,43.8,38.7,635.5,0.0,115282.8,2715,2,0.143,16501.58
Boston,MA,Townhouse,9,69.8,63.2,0.0,143.9,16685.7,2059,4,0.21,3506.83
Denver,CO,Large House,7,70.9,55.5,0.0,175.6,53216.4,4514,2,0.144,7657.07
Boston,MA,Apartment,5,65.7,79.8,0.0,21.2,1205.4,709,1,0.21,263.61
Atlanta,GA,Apartment,7,72.4,86.5,0.0,220.5,7300.1,756,1,0.156,1130.08
Atlanta,GA,Apartment,2,45.0,36.5,598.9,0.0,30833.5,999,1,0.143,4412.01
Denver,CO,House,4,61.4,51.8,108.9,0.0,20037.0,2455,1,0.12,2416.94
New York,NY,House,3,37.1,41.3,836.4,0.0,102889.0,1855,1,0.18,18508.26
Miami,FL,House,8,92.2,47.4,0.0,816.1,99049.4,2265,4,0.132,13075.36
Los Angeles,CA,Apartment,5,61.2,74.7,114.9,0.0,3417.9,508,1,0.22,732.69
Chicago,IL,Townhouse,9,67.0,71.7,0.0,61.4,5599.1,1378,2,0.14,793.8
Miami,FL,Condo,11,73.9,80.3,0.0,266.1,19438.4,1542,1,0.11,2140.5
Chicago,IL,Apartment,4,55.9,55.8,274.0,0.0,15432.3,1053,1,0.14,2168.67
Atlanta,GA,Townhouse,9,74.7,69.7,0.0,290.0,28254.3,1882,2,0.13,3661.06
Los Angeles,CA,Apartment,2,48.0,34.7,509.2,0.0,30850.0,1171,1,0.242,7469.81
Houston,TX,House,7,89.3,69.1,0.0,728.6,89668.4,2288,4,0.144,12904.4
Chicago,IL,Large House,2,28.6,87.1,1092.5,0.0,360330.7,4331,2,0.154,55491.54
Miami,FL,Apartment,4,77.1,73.0,0.0,363.3,10943.6,705,1,0.11,1207.84
New York,NY,Condo,8,75.5,71.3,0.0,313.5,17297.7,1169,1,0.216,3720.61
Houston,TX,Condo,12,60.3,71.4,142.2,0.0,9496.3,1056,2,0.132,1246.71
Boston,MA,Apartment,10,52.5,78.4,375.8,0.0,22705.1,1146,2,0.21,4758.05
Miami,FL,House,9,86.6,34.0,0.0,646.8,84464.8,2431,1,0.11,9302.04
Miami,FL,Condo,5,85.0,66.2,0.0,598.6,39335.8,1437,2,0.11,4313.34
Atlanta,GA,Large House,4,62.0,84.6,90.2,0.0,32990.4,4039,5,0.13,4271.71
Los Angeles,CA,Townhouse,10,62.0,46.1,91.0,0.0,10931.1,1678,2,0.22,2400.83
Los Angeles,CA,House,6,74.4,38.3,0.0,281.7,38289.4,2402,4,0.264,10095.07
Chicago,IL,House,2,33.6,69.4,943.3,0.0,201420.5,3219,5,0.154,31021.3
New York,NY,Condo,10,57.8,47.8,215.9,0.0,14435.9,1112,2,0.18,2608.26
Phoenix,AZ,Townhouse,8,94.6,34.6,0.0,889.0,74100.6,1691,2,0.156,11576.44
Denver,CO,House,6,66.2,74.2,0.0,34.9,8408.0,2780,3,0.144,1192.11
Atlanta,GA,Apartment,12,49.2,74.7,473.9,0.0,21561.7,876,1,0.143,3068.98
Houston,TX,Large House,12,66.8,51.9,0.0,55.3,20561.4,4333,6,0.132,2717.74
Houston,TX,House,1,62.8,47.1,66.2,0.0,18189.5,3391,1,0.132,2399.41
Seattle,WA,House,2,49.7,54.6,458.6,0.0,82179.8,2650,3,0.11,9039.49
New York,NY,House,3,38.4,84.1,798.0,0.0,79892.8,1501,3,0.18,14397.76
Houston,TX,Large House,9,83.6,75.5,0.0,557.4,111196.3,3205,1,0.12,13340.64
Boston,MA,House,4,58.4,42.0,196.7,0.0,33530.3,2407,2,0.21,7033.17
Phoenix,AZ,Large House,4,74.6,59.0,0.0,288.5,90063.3,4834,4,0.13,11692.25
New York,NY,Townhouse,7,78.9,47.2,0.0,417.1,39652.8,1875,2,0.216,8552.75
Seattle,WA,House,8,71.6,79.1,0.0,198.2,18002.1,1569,2,0.12,2150.01
Seattle,WA,Townhouse,12,47.9,74.6,512.9,0.0,57558.3,1811,1,0.11,6350.92
Denver,CO,Large House,8,76.2,33.0,0.0,335.6,96881.4,4528,2,0.144,13969.65
Seattle,WA,Large House,2,46.3,88.9,560.8,0.0,135165.8,3119,2,0.11,14871.83
Chicago,IL,House,7,76.7,59.7,0.0,351.6,34293.2,1761,2,0.168,5743.2
New York,NY,Large House,6,72.1,81.0,0.0,211.8,56606.2,4056,1,0.216,12222.38
Miami,FL,Large House,8,86.1,31.5,0.0,633.9,180439.3,4574,6,0.132,23824.84
New York,NY,House,4,58.4,45.5,198.5,0.0,36380.3,2563,5,0.18,6558.78
Houston,TX,Townhouse,12,61.4,54.1,106.8,0.0,12838.7,1708,2,0.132,1707.52
New York,NY,Large House,10,54.1,64.5,326.8,0.0,91769.6,3565,1,0.18,16521.55
Boston,MA,Apartment,9,65.1,87.5,0.0,2.8,729.3,724,1,0.21,138.18
Denver,CO,Townhouse,11,52.6,34.1,372.5,0.0,47029.1,2011,2,0.12,5659.61
New York,NY,Condo,6,77.6,30.9,0.0,377.9,24954.9,1415,2,0.216,5396.72
Phoenix,AZ,Apartment,3,71.2,74.3,0.0,186.4,6897.2,821,1,0.13,905.79
Houston,TX,Condo,4,77.8,89.2,0.0,383.8,24557.5,1371,2,0.12,2944.11
Seattle,WA,Condo,12,51.0,80.3,421.1,0.0,32418.3,1336,2,0.11,3577.26
Phoenix,AZ,Apartment,11,71.5,62.0,0.0,195.0,6224.5,717,1,0.13,815.95
Houston,TX,Apartment,9,86.1,39.7,0.0,632.2,15857.2,602,1,0.12,1909.44
Atlanta,GA,House,12,45.8,52.9,574.6,0.0,58363.3,1517,1,0.143,8361.05
Boston,MA,Apartment,6,74.5,37.0,0.0,285.3,10009.0,816,1,0.252,2536.95
Los Angeles,CA,House,9,68.4,79.8,0.0,102.3,15054.3,2349,1,0.22,3310.04
Los Angeles,CA,Large House,3,52.6,66.4,372.4,0.0,130346.5,4442,6,0.22,28691.21
New York,NY,Condo,9,72.0,46.2,0.0,211.1,12945.3,1254,2,0.18,2335.13
Chicago,IL,Condo,11,44.2,52.7,624.7,0.0,28756.9,813,1,0.14,4025.26
Atlanta,GA,Condo,5,63.7,85.7,38.4,0.0,5020.1,1577,3,0.13,646.28
Boston,MA,Apartment,4,54.8,54.9,307.1,0.0,14957.3,914,1,0.21,3148.95
Los Angeles,CA,Townhouse,6,69.6,40.7,0.0,136.9,11029.8,1434,2,0.264,2903.88
Phoenix,AZ,Large House,9,83.4,55.2,0.0,551.8,113710.5,3299,3,0.13,14786.5
New York,NY,Apartment,9,71.6,36.2,0.0,198.6,7663.6,874,1,0.18,1388.89
Boston,MA,Condo,4,49.7,57.6,457.6,0.0,35500.7,1356,2,0.21,7451.96
New York,NY,Townhouse,1,30.5,80.8,1034.7,0.0,118516.4,1876,2,0.198,23485.06
Denver,CO,Condo,9,74.9,81.6,0.0,297.7,21753.0,1552,1,0.12,2607.71
New York,NY,Condo,8,72.5,85.3,0.0,225.5,12353.0,1127,2,0.216,2678.07
Miami,FL,House,4,79.5,76.6,0.0,436.2,69289.1,2909,2,0.11,7611.57
Atlanta,GA,Townhouse,3,51.5,50.3,404.4,0.0,37659.1,1485,2,0.13,4910.91
Miami,FL,House,9,83.3,41.5,0.0,550.0,102224.5,3422,6,0.11,11257.65
Houston,TX,Condo,5,81.6,52.7,0.0,499.2,34250.1,1493,1,0.12,4119.9
Seattle,WA,Condo,12,51.1,52.7,417.2,0.0,36252.9,1504,3,0.11,4006.16
Phoenix,AZ,House,7,96.5,89.9,0.0,945.8,149997.5,2981,2,0.156,23380.59
Denver,CO,Townhouse,11,54.6,56.6,311.9,0.0,29531.7,1485,2,0.12,3531.22
Denver,CO,Apartment,10,65.0,39.3,1.0,0.0,735.3,693,1,0.12,106.29
Los Angeles,CA,Condo,12,47.1,71.8,536.9,0.0,31442.8,1028,1,0.242,7619.72
Seattle,WA,Condo,6,74.7,35.7,0.0,290.3,14499.9,1046,2,0.12,1730.97
Miami,FL,Townhouse,2,63.2,83.9,54.5,0.0,9045.4,2063,2,0.121,1111.14
Los Angeles,CA,Townhouse,1,43.5,43.5,645.9,0.0,49779.0,1252,1,0.242,12063.11
Denver,CO,Condo,7,73.3,48.2,0.0,247.9,15292.2,1286,1,0.144,2194.41
Boston,MA,Large House,9,67.6,36.0,0.0,78.1,29785.7,4948,4,0.21,6255.14
Seattle,WA,Condo,2,50.8,77.6,426.2,0.0,24316.5,999,1,0.11,2671.53
Denver,CO,House,9,67.9,67.5,0.0,87.7,12470.3,2142,4,0.12,1491.9
Denver,CO,Large House,3,52.8,81.1,367.0,0.0,98718.0,3431,1,0.12,11833.24
Atlanta,GA,Townhouse,7,72.1,42.6,0.0,214.0,19189.9,1678,3,0.156,2983.39
Denver,CO,Townhouse,7,74.7,74.7,0.0,290.7,18737.8,1242,1,0.144,2684.33
New York,NY,Condo,4,52.1,32.9,386.5,0.0,33869.4,1517,2,0.18,6087.85
Boston,MA,Townhouse,10,56.3,89.9,260.1,0.0,21306.0,1282,1,0.21,4480.33
Houston,TX,Apartment,4,78.1,71.4,0.0,394.0,9963.9,597,1,0.12,1185.07
Seattle,WA,House,3,52.2,51.8,382.8,0.0,78991.0,3039,2,0.1,7882.0
New York,NY,Large House,11,46.2,85.6,565.4,0.0,161070.4,3678,4,0.18,28978.77
Atlanta,GA,Townhouse,2,49.3,60.7,469.8,0.0,57901.9,1982,1,0.143,8263.17
Seattle,WA,House,12,48.6,33.6,492.1,0.0,52937.5,1589,3,0.11,5838.76
Phoenix,AZ,House,10,76.0,45.7,0.0,331.2,28470.8,1536,3,0.13,3689.17
Atlanta,GA,Apartment,12,51.0,46.6,419.5,0.0,19531.0,888,1,0.143,2789.59
Boston,MA,Large House,9,73.9,82.4,0.0,266.0,61986.9,3589,3,0.21,13030.35
Los Angeles,CA,House,6,75.1,46.4,0.0,303.4,27347.7,1614,1,0.264,7230.76
Atlanta,GA,Condo,6,74.5,30.8,0.0,284.1,14481.0,1072,2,0.156,2241.74
New York,NY,House,3,40.7,40.1,727.5,0.0,134170.2,2762,5,0.18,24131.66
Miami,FL,Apartment,7,87.9,62.5,0.0,688.3,26791.7,944,1,0.132,3525.4
Houston,TX,Apartment,8,90.6,75.6,0.0,766.5,18381.7,582,1,0.144,2656.38
Los Angeles,CA,Condo,10,59.9,75.5,152.2,0.0,12672.3,1365,1,0.22,2768.13
Chicago,IL,Large House,11,40.7,77.2,728.3,0.0,271102.2,4844,5,0.14,37954.67
Miami,FL,Condo,2,65.5,37.2,0.0,14.3,2169.0,1251,2,0.121,259.14
Seattle,WA,Condo,6,73.6,58.6,0.0,257.8,10395.4,846,1,0.12,1255.95
Phoenix,AZ,Large House,2,63.0,33.3,61.4,0.0,20979.2,3474,5,0.143,3007.55
Chicago,IL,Townhouse,1,27.9,66.0,1114.1,0.0,133014.4,1959,1,0.154,20495.75
Houston,TX,Large House,4,74.0,75.5,0.0,268.7,70432.1,4035,3,0.12,8470.77
Houston,TX,House,11,68.6,65.8,0.0,107.1,15632.0,2304,3,0.12,1862.02
Denver,CO,Townhouse,12,43.9,89.1,632.7,0.0,67729.6,1737,1,0.132,8945.94
Los Angeles,CA,Townhouse,9,67.5,37.7,0.0,73.7,7683.3,1621,3,0.22,1690.94
New York,NY,Townhouse,1,32.4,60.7,978.8,0.0,117943.1,1972,2,0.198,23336.97
Atlanta,GA,Apartment,6,75.1,58.0,0.0,303.4,8054.2,620,1,0.156,1238.83
New York,NY,House,5,64.7,71.5,8.8,0.0,3780.3,2091,3,0.18,688.12
Boston,MA,Apartment,8,72.3,72.6,0.0,218.9,7304.3,757,1,0.252,1841.79
Denver,CO,Townhouse,9,71.7,59.2,0.0,202.3,17304.7,1605,2,0.12,2068.32
Phoenix,AZ,Large House,7,96.5,56.5,0.0,943.7,221941.6,3829,4,0.156,34618.04
New York,NY,Townhouse,8,73.5,63.5,0.0,254.4,19476.7,1469,1,0.216,4194.69
Denver,CO,Large House,4,54.5,80.4,313.8,0.0,100423.2,4026,6,0.12,12052.12
Atlanta,GA,Townhouse,1,45.8,76.4,575.7,0.0,53761.6,1513,1,0.143,7668.64
Seattle,WA,Large House,12,51.7,52.4,397.7,0.0,114575.9,3672,4,0.11,12600.57
Denver,CO,Townhouse,9,67.2,74.4,0.0,65.1,8917.3,2157,1,0.12,1066.09
Denver,CO,Apartment,8,71.6,68.9,0.0,198.5,7197.3,822,1,0.144,1029.94
Boston,MA,House,5,68.3,86.8,0.0,99.0,11597.1,1820,3,0.21,2439.93
New York,NY,Condo,10,54.4,52.0,317.9,0.0,29302.5,1581,2,0.18,5289.74
Seattle,WA,Apartment,9,66.9,66.0,0.0,56.5,3787.1,1169,2,0.1,377.43
Houston,TX,Townhouse,12,59.9,45.2,152.1,0.0,21211.5,2085,1,0.132,2799.48
Phoenix,AZ,House,6,85.0,82.2,0.0,600.5,66882.3,2057,4,0.156,10432.17
Phoenix,AZ,Large House,10,84.8,57.5,0.0,594.9,114330.1,3081,5,0.13,14855.32
Seattle,WA,Townhouse,10,59.3,53.1,170.1,0.0,19166.1,1690,2,0.1,1897.86
Houston,TX,Townhouse,1,59.1,83.8,178.3,0.0,18331.9,1551,2,0.132,2433.76
Atlanta,GA,Apartment,1,42.9,36.6,662.0,0.0,35085.7,1031,1,0.143,5035.91
Miami,FL,House,10,83.9,31.9,0.0,567.1,86190.3,2808,3,0.11,9497.41
Los Angeles,CA,Large House,11,53.6,57.2,343.1,0.0,125201.4,4624,5,0.22,27553.07
Atlanta,GA,Large House,2,48.1,40.9,508.1,0.0,149488.9,3792,3,0.143,21369.24
Los Angeles,CA,Apartment,1,44.4,63.4,618.1,0.0,24555.8,770,1,0.242,5940.47
Los Angeles,CA,Condo,7,76.9,63.0,0.0,358.3,19024.2,1135,2,0.264,5041.15
Atlanta,GA,Apartment,3,56.1,39.9,266.5,0.0,14366.8,1002,2,0.13,1874.63
Los Angeles,CA,Large House,7,75.3,36.0,0.0,308.9,61176.2,3052,6,0.264,16157.61
Denver,CO,Townhouse,6,73.1,33.7,0.0,244.0,18000.3,1397,2,0.144,2580.63
Seattle,WA,Condo,2,46.7,54.2,549.5,0.0,41956.7,1342,2,0.11,4614.95
Los Angeles,CA,House,10,59.6,72.6,163.4,0.0,37883.7,3209,3,0.22,8325.24
Phoenix,AZ,Apartment,1,57.4,56.7,229.1,0.0,6945.9,560,1,0.143,979.22
Los Angeles,CA,Apartment,12,51.7,32.4,399.3,0.0,19506.8,932,1,0.242,4724.95
Chicago,IL,Large House,7,75.6,74.0,0.0,318.4,83598.5,4073,6,0.168,14060.48
Phoenix,AZ,Condo,8,88.6,65.3,0.0,707.6,32583.1,1011,2,0.156,5095.87
Atlanta,GA,Condo,6,72.9,78.7,0.0,236.9,10456.8,917,1,0.156,1644.22
Miami,FL,Townhouse,8,91.1,80.1,0.0,782.6,75432.4,1950,2,0.132,9965.16
Houston,TX,House,2,68.4,49.4,0.0,101.9,21540.2,3364,1,0.132,2853.1
Chicago,IL,Townhouse,11,40.6,55.8,733.5,0.0,87253.4,1931,3,0.14,12213.86
Denver,CO,Townhouse,4,53.0,68.1,359.4,0.0,43728.2,1931,2,0.12,5264.51
New York,NY,Townhouse,1,26.5,87.2,1154.9,0.0,153732.5,2186,2,0.198,30430.77
Houston,TX,Apartment,7,95.5,57.9,0.0,914.0,44887.6,1198,2,0.144,6474.87
New York,NY,House,2,32.8,72.4,967.3,0.0,116494.7,1818,2,0.198,23050.06
Seattle,WA,Condo,12,46.1,77.8,566.9,0.0,36390.6,1133,1,0.11,4022.95
Boston,MA,Condo,10,61.2,71.3,115.0,0.0,11343.5,1537,3,0.21,2384.04
Los Angeles,CA,House,12,46.0,86.0,570.7,0.0,89425.0,2333,4,0.242,21656.19
New York,NY,Condo,12,30.5,34.3,1036.0,0.0,67136.0,1156,2,0.198,13312.58
Atlanta,GA,Apartment,6,76.0,46.4,0.0,328.7,14450.7,1022,2,0.156,2247.72
New York,NY,Townhouse,7,83.9,60.7,0.0,566.6,57626.6,2026,4,0.216,12429.15
Houston,TX,House,10,81.9,36.4,0.0,508.1,42675.6,1543,2,0.12,5129.18
New York,NY,Condo,7,76.6,72.1,0.0,347.2,14176.3,866,1,0.216,3060.94
Los Angeles,CA,Condo,3,47.6,78.8,523.4,0.0,47454.9,1589,3,0.22,10437.64
Seattle,WA,Townhouse,5,62.2,74.2,82.7,0.0,11136.2,1871,1,0.1,1099.89
Los Angeles,CA,House,10,60.3,72.1,139.5,0.0,21253.7,2068,2,0.22,4675.85
Seattle,WA,Apartment,8,72.7,83.4,0.0,229.7,10665.5,1063,1,0.12,1298.54
New York,NY,Townhouse,8,73.2,52.7,0.0,244.7,18339.2,1429,1,0.216,3975.56
Denver,CO,House,5,67.3,38.0,0.0,69.6,10707.6,2230,3,0.12,1269.68
Boston,MA,Apartment,12,37.8,30.5,815.5,0.0,35779.6,856,1,0.231,8251.34
Miami,FL,Apartment,9,90.9,46.0,0.0,776.8,28959.9,908,1,0.11,3196.49
Miami,FL,Large House,10,80.5,56.0,0.0,463.8,137686.5,4714,6,0.11,15162.86
Denver,CO,House,10,59.5,55.9,166.0,0.0,21561.2,1808,2,0.12,2593.27
Miami,FL,Townhouse,2,64.8,75.7,5.2,0.0,2142.4,1574,1,0.121,269.44
Miami,FL,Apartment,10,83.8,45.0,0.0,563.2,16514.5,705,1,0.11,1799.27
Chicago,IL,House,4,57.1,50.1,237.8,0.0,34192.6,2047,3,0.14,4793.72
Atlanta,GA,House,7,71.1,86.3,0.0,183.6,31030.9,2908,2,0.156,4824.39
Phoenix,AZ,House,2,69.4,78.3,0.0,131.6,17229.3,2155,2,0.143,2457.2
Chicago,IL,Condo,3,46.0,76.4,569.1,0.0,48110.2,1491,2,0.14,6742.49
Los Angeles,CA,Apartment,2,44.7,73.2,609.7,0.0,24289.8,776,1,0.242,5880.46
Phoenix,AZ,Apartment,9,84.5,76.1,0.0,583.9,27222.6,1115,2,0.13,3541.09
Los Angeles,CA,Condo,7,74.9,85.6,0.0,296.3,18525.7,1327,1,0.264,4899.91
Denver,CO,Apartment,6,69.3,69.3,0.0,128.9,6315.1,1027,1,0.144,891.04
Los Angeles,CA,Townhouse,1,42.8,80.4,665.2,0.0,57187.3,1397,1,0.242,13820.67
Los Angeles,CA,Apartment,6,69.4,68.5,0.0,132.4,5538.5,885,1,0.264,1468.45
Atlanta,GA,Large House,1,49.6,76.7,461.6,0.0,154380.7,4299,2,0.143,22060.33
Seattle,WA,Large House,5,67.9,87.6,0.0,86.9,24800.3,3856,1,0.1,2496.53
Phoenix,AZ,House,8,93.8,38.7,0.0,862.7,147238.1,3198,4,0.156,22977.36
Miami,FL,Large House,9,86.0,39.5,0.0,629.0,185985.3,4769,2,0.11,20470.73
Atlanta,GA,Large House,9,70.8,71.4,0.0,175.4,54401.6,4604,3,0.13,7055.2
Chicago,IL,House,1,24.5,44.7,1215.4,0.0,261901.7,3265,5,0.154,40346.59
Seattle,WA,Townhouse,7,75.0,84.1,0.0,298.6,33793.8,2191,3,0.12,4052.04
Miami,FL,House,9,84.1,47.1,0.0,573.3,86317.0,2793,1,0.11,9488.69
New York,NY,Townhouse,4,51.9,36.0,392.8,0.0,53143.4,2149,4,0.18,9547.4
Seattle,WA,Condo,12,50.8,41.4,426.7,0.0,37494.3,1523,3,0.11,4135.13
Houston,TX,Apartment,8,94.9,88.7,0.0,898.0,24015.3,651,1,0.144,3457.78
Phoenix,AZ,Apartment,3,73.9,70.2,0.0,267.8,10738.5,923,1,0.13,1408.6
Miami,FL,House,5,78.2,74.8,0.0,395.6,47148.1,2156,4,0.11,5200.5
Houston,TX,Large House,4,76.2,52.1,0.0,335.4,77779.9,3639,1,0.12,9350.6
Chicago,IL,House,9,69.6,85.7,0.0,139.4,21747.1,2586,3,0.14,3031.47
Seattle,WA,Large House,7,76.1,40.7,0.0,334.0,80551.6,3763,4,0.12,9670.11
Chicago,IL,House,7,75.4,54.9,0.0,311.7,50376.3,2909,2,0.168,8475.46
Boston,MA,Townhouse,4,50.2,42.4,443.2,0.0,59007.2,2127,3,0.21,12399.66
Miami,FL,Townhouse,11,74.2,76.7,0.0,276.4,24179.0,1681,3,0.11,2675.9
Chicago,IL,Large House,1,28.0,70.7,1110.9,0.0,269261.4,3180,4,0.154,41451.46
Phoenix,AZ,Townhouse,1,63.6,64.3,41.8,0.0,4829.8,1336,2,0.143,679.59
Miami,FL,Condo,5,84.0,67.3,0.0,569.0,23261.0,897,1,0.11,2547.39
Houston,TX,Apartment,9,91.7,81.4,0.0,799.9,30988.5,941,1,0.12,3734.15
Seattle,WA,House,12,46.8,68.1,545.4,0.0,74498.2,2026,4,0.11,8203.3
Los Angeles,CA,Apartment,11,49.0,43.8,479.5,0.0,13974.7,562,1,0.22,3084.1
Denver,CO,Condo,7,76.4,56.8,0.0,342.7,13207.5,818,1,0.144,1913.31
Miami,FL,Condo,4,72.4,49.5,0.0,222.7,16942.7,1564,2,0.11,1881.34
Chicago,IL,Condo,5,68.9,59.6,0.0,115.5,5651.7,931,1,0.14,778.5
Boston,MA,Townhouse,6,72.4,39.9,0.0,221.7,19495.4,1656,3,0.252,4925.03
Denver,CO,Townhouse,3,56.4,46.9,259.3,0.0,21472.2,1295,1,0.12,2596.47
Houston,TX,House,4,76.8,53.8,0.0,354.7,50723.5,2587,2,0.12,6086.38
Denver,CO,Townhouse,3,54.6,77.7,312.6,0.0,40096.2,2030,1,0.12,4804.79
Atlanta,GA,Large House,4,58.0,65.6,209.1,0.0,64269.0,3754,6,0.13,8353.96
Seattle,WA,Large House,12,50.3,70.9,441.2,0.0,170564.5,4950,6,0.11,18755.71
Chicago,IL,Apartment,3,41.1,81.1,717.8,0.0,30375.5,824,1,0.14,4260.73
Boston,MA,Large House,5,69.9,68.7,0.0,146.1,39205.4,3842,6,0.21,8244.86
Denver,CO,Large House,9,67.2,54.9,0.0,64.6,24087.4,4612,4,0.12,2905.42
Atlanta,GA,Townhouse,10,64.8,49.7,5.9,0.0,2841.9,1935,2,0.13,354.85
Los Angeles,CA,Apartment,12,49.5,40.4,465.5,0.0,26123.2,1073,2,0.242,6315.11
New York,NY,Apartment,10,54.1,59.2,325.9,0.0,13537.1,787,1,0.18,2432.72
Houston,TX,Large House,10,77.9,87.6,0.0,387.6,92888.6,3776,3,0.12,11161.75
Boston,MA,Large House,2,32.5,67.9,973.8,0.0,330938.0,4449,4,0.231,76458.45
New York,NY,Apartment,9,64.2,31.8,23.0,0.0,2412.1,1160,1,0.18,421.29
Seattle,WA,House,10,58.8,35.1,185.3,0.0,21432.5,1618,2,0.1,2146.69
Los Angeles,CA,Townhouse,10,62.7,53.9,70.5,0.0,10339.6,1985,1,0.22,2282.59
New York,NY,Large House,1,25.7,86.4,1180.4,0.0,270373.3,3003,6,0.198,53533.25
Chicago,IL,Townhouse,3,41.8,70.4,694.9,0.0,80078.3,1874,1,0.14,11226.03
Atlanta,GA,House,7,76.2,79.0,0.0,335.7,41174.6,2215,2,0.156,6405.04
Miami,FL,Apartment,8,87.6,49.9,0.0,676.6,17506.4,627,1,0.132,2299.53
Phoenix,AZ,Condo,4,80.4,57.8,0.0,463.4,24284.3,1135,1,0.13,3164.15
Boston,MA,House,4,52.9,80.0,363.6,0.0,49895.6,2013,2,0.21,10492.25
Miami,FL,Apartment,4,71.1,72.5,0.0,182.7,9694.7,1181,1,0.11,1070.38
Phoenix,AZ,Apartment,8,92.3,71.1,0.0,818.9,33188.4,988,1,0.156,5177.79
Seattle,WA,Apartment,11,53.8,45.9,335.6,0.0,19240.5,1090,1,0.1,1939.54
Seattle,WA,Large House,8,71.7,39.1,0.0,201.9,63607.0,4705,6,0.12,7649.51
Los Angeles,CA,House,2,45.9,43.8,573.1,0.0,116519.6,3037,2,0.242,28197.75
Houston,TX,Apartment,4,78.6,53.2,0.0,407.2,11423.3,657,1,0.12,1387.48
Miami,FL,Condo,6,90.3,83.4,0.0,758.3,39017.4,1133,2,0.132,5143.11
New York,NY,House,9,71.5,69.7,0.0,193.8,34023.9,3054,1,0.18,6131.85
Atlanta,GA,Townhouse,8,71.7,73.6,0.0,200.4,22334.4,2061,4,0.156,3502.78
Los Angeles,CA,Condo,11,51.6,71.9,401.9,0.0,27450.8,1187,1,0.22,6027.37
Seattle,WA,Condo,2,46.9,81.6,541.5,0.0,49139.7,1589,3,0.11,5398.71
Phoenix,AZ,Townhouse,4,76.8,33.8,0.0,354.9,32426.2,1794,1,0.13,4208.88
Seattle,WA,Condo,1,42.0,38.7,689.7,0.0,33693.3,863,1,0.11,3717.96
New York,NY,Townhouse,11,42.6,56.7,672.3,0.0,53053.1,1279,2,0.18,9559.2
New York,NY,Townhouse,9,66.0,69.2,0.0,31.3,3401.6,1310,1,0.18,627.96
Houston,TX,House,12,65.0,51.9,0.0,1.3,3286.4,2793,2,0.132,450.68
Chicago,IL,Large House,6,74.4,56.4,0.0,283.2,77109.5,4189,6,0.168,12936.84
Miami,FL,Townhouse,9,89.1,32.2,0.0,724.3,64797.0,1806,3,0.11,7114.95
Atlanta,GA,Large House,7,79.3,49.5,0.0,429.1,115239.2,4247,5,0.156,17964.64
Boston,MA,Apartment,1,28.7,43.0,1087.8,0.0,64823.9,1172,1,0.231,14958.51
Chicago,IL,House,9,68.7,45.7,0.0,111.3,18399.0,2671,2,0.14,2558.43
Seattle,WA,Large House,9,68.6,58.9,0.0,107.9,27725.5,3588,1,0.1,2782.22
Los Angeles,CA,Large House,5,65.3,52.5,0.0,7.6,6501.3,3353,6,0.22,1424.42
Seattle,WA,Apartment,8,72.4,66.0,0.0,220.8,9142.9,946,1,0.12,1104.85
Miami,FL,Condo,12,64.6,70.1,13.1,0.0,2468.1,1359,2,0.121,314.57
Houston,TX,Apartment,11,71.5,82.2,0.0,194.1,5635.8,654,1,0.12,693.44
Houston,TX,Townhouse,3,70.3,59.9,0.0,158.1,15230.5,1756,2,0.12,1843.41
Miami,FL,Large House,11,70.8,39.4,0.0,175.3,45446.9,3839,3,0.11,4991.56
Boston,MA,Townhouse,7,77.2,57.3,0.0,366.3,27667.7,1483,2,0.252,6973.05
Los Angeles,CA,Apartment,2,50.3,33.0,442.2,0.0,24563.0,1063,2,0.242,5961.63
Boston,MA,Townhouse,7,82.2,86.5,0.0,515.6,50606.6,1957,2,0.252,12762.75
Miami,FL,Large House,2,63.2,30.6,54.0,0.0,22787.4,4332,1,0.121,2773.46
Denver,CO,House,8,77.0,45.6,0.0,361.1,54365.3,2717,4,0.144,7811.78
Houston,TX,House,9,87.5,55.6,0.0,674.4,114861.3,3161,6,0.12,13778.72
Phoenix,AZ,House,6,85.3,79.0,0.0,610.2,65527.3,1996,1,0.156,10232.01
Seattle,WA,Condo,4,54.6,81.9,313.1,0.0,23518.7,1291,1,0.1,2368.67
Chicago,IL,Large House,2,30.4,40.9,1036.5,0.0,336506.6,4261,1,0.154,51810.28
Boston,MA,Condo,5,63.2,39.9,53.1,0.0,4384.2,1120,1,0.21,901.02
New York,NY,Townhouse,8,72.3,58.7,0.0,217.9,15545.3,1333,2,0.216,3360.33
Chicago,IL,Large House,2,36.5,59.2,855.2,0.0,232473.6,3552,3,0.154,35819.74
Seattle,WA,Apartment,10,62.8,66.4,65.8,0.0,4393.7,1045,2,0.1,449.43
Boston,MA,Condo,7,76.0,56.5,0.0,331.5,19496.1,1246,2,0.252,4907.03
Boston,MA,Townhouse,9,70.8,50.8,0.0,174.9,18774.5,1965,3,0.21,3937.12
Los Angeles,CA,Condo,2,52.6,45.8,372.2,0.0,31155.5,1446,2,0.242,7543.67
Seattle,WA,Apartment,7,71.8,58.7,0.0,204.3,6807.4,748,1,0.12,816.22
Houston,TX,House,11,67.4,60.5,0.0,72.5,8899.9,1823,1,0.12,1065.76
Seattle,WA,Apartment,10,60.3,59.6,140.4,0.0,4732.2,583,1,0.1,474.73
Houston,TX,Condo,12,65.4,31.7,0.0,11.8,1407.5,991,1,0.132,189.35
Miami,FL,Townhouse,6,87.4,52.8,0.0,671.4,65081.7,1957,1,0.132,8582.16
Miami,FL,Large House,2,62.8,85.5,66.8,0.0,26161.7,4170,2,0.121,3150.59
Boston,MA,Apartment,3,39.5,83.0,765.9,0.0,27065.2,692,1,0.21,5702.85
Seattle,WA,Townhouse,4,61.8,41.7,96.8,0.0,9806.6,1407,2,0.1,985.16
Boston,MA,Townhouse,10,52.2,53.8,384.0,0.0,45681.5,1886,3,0.21,9593.26
Los Angeles,CA,Large House,7,75.3,63.6,0.0,307.6,96046.7,4876,1,0.264,25349.33
Boston,MA,Large House,11,41.5,72.1,706.1,0.0,258538.5,4760,5,0.21,54280.69
Seattle,WA,Condo,1,44.6,64.9,613.3,0.0,48808.2,1402,2,0.11,5377.89
Seattle,WA,House,7,75.0,64.2,0.0,299.9,26253.2,1555,3,0.12,3162.8
Miami,FL,Apartment,1,59.8,51.8,156.8,0.0,10112.5,1158,2,0.121,1231.78
Atlanta,GA,House,3,55.9,73.8,271.6,0.0,64954.8,3435,5,0.13,8453.74
Los Angeles,CA,Apartment,8,76.1,71.4,0.0,333.2,15937.7,1126,1,0.264,4201.78
Boston,MA,Large House,3,40.9,30.9,724.3,0.0,206284.1,3707,3,0.21,43326.49
Miami,FL,House,8,90.6,49.2,0.0,767.6,71699.5,1747,1,0.132,9477.94
Boston,MA,Condo,5,65.5,73.0,0.0,16.1,2543.4,1452,2,0.21,547.98
Denver,CO,House,11,55.7,48.2,278.6,0.0,30455.3,1570,3,0.12,3663.1
Houston,TX,Large House,1,64.4,50.3,17.5,0.0,9738.2,3746,2,0.132,1271.12
Denver,CO,Condo,10,64.7,74.4,9.2,0.0,1837.1,1179,1,0.12,214.42
Houston,TX,Apartment,7,91.5,33.9,0.0,794.5,36616.7,1120,2,0.144,5257.07
Seattle,WA,Large House,4,60.8,79.7,125.6,0.0,44413.4,4132,4,0.1,4455.95
Denver,CO,Townhouse,4,61.8,63.4,96.8,0.0,11523.4,1660,3,0.12,1374.36
Atlanta,GA,Condo,5,63.7,58.8,38.1,0.0,2644.8,886,1,0.13,359.28
Houston,TX,Large House,1,60.7,42.9,128.4,0.0,51602.3,4697,5,0.132,6801.94
Denver,CO,Condo,7,79.3,55.4,0.0,428.7,31788.8,1597,3,0.144,4579.01
Seattle,WA,Townhouse,11,58.3,58.5,199.7,0.0,21099.9,1623,1,0.1,2127.35
Atlanta,GA,Townhouse,8,76.4,75.2,0.0,340.5,34865.7,2003,2,0.156,5423.07
New York,NY,Townhouse,12,34.7,56.5,909.3,0.0,110084.9,1975,3,0.198,21782.05
New York,NY,Townhouse,1,29.9,78.2,1053.5,0.0,88990.9,1383,2,0.198,17624.8
Denver,CO,Large House,2,48.4,49.2,497.8,0.0,118479.9,3052,6,0.132,15637.24
Houston,TX,Townhouse,8,93.6,77.1,0.0,856.8,72445.8,1715,2,0.144,10414.05
New York,NY,Condo,5,67.9,35.1,0.0,87.9,4370.3,916,1,0.18,785.33
Phoenix,AZ,Large House,4,74.8,61.4,0.0,293.7,61486.8,3239,4,0.13,8003.94
Los Angeles,CA,Apartment,6,72.3,88.2,0.0,218.9,11107.5,1150,2,0.264,2938.31
New York,NY,Townhouse,8,75.6,32.5,0.0,316.9,30819.0,1879,3,0.216,6649.37
Denver,CO,Townhouse,1,41.3,58.7,711.0,0.0,94915.4,2171,2,0.132,12544.51
Atlanta,GA,Apartment,11,55.1,48.5,297.9,0.0,14064.3,893,1,0.13,1825.84
Miami,FL,Large House,1,59.3,69.3,172.4,0.0,69860.7,4884,6,0.121,8441.85
Phoenix,AZ,House,3,68.0,49.5,0.0,91.3,19266.2,3283,2,0.13,2514.35
Boston,MA,Apartment,9,67.5,76.9,0.0,74.8,2908.8,726,1,0.21,625.7
Chicago,IL,Townhouse,5,68.7,66.8,0.0,111.6,12187.0,1862,3,0.14,1702.46
Houston,TX,Large House,1,64.3,45.6,21.1,0.0,12831.5,4577,1,0.132,1710.05
Denver,CO,Apartment,5,64.0,39.9,31.3,0.0,2674.9,1063,2,0.12,313.05
Atlanta,GA,House,2,43.5,64.8,644.7,0.0,129965.0,3012,4,0.143,18573.43
Boston,MA,Apartment,10,60.9,88.2,123.7,0.0,7269.6,1013,1,0.21,1543.05
Los Angeles,CA,Condo,1,43.8,36.5,636.1,0.0,37275.9,1035,2,0.242,9004.6
New York,NY,Apartment,7,76.6,54.5,0.0,348.3,11366.9,758,1,0.216,2450.04
Houston,TX,Apartment,3,69.2,37.6,0.0,126.5,5102.9,857,1,0.12,612.37
Seattle,WA,Condo,3,50.5,59.9,433.6,0.0,39301.3,1574,3,0.1,3933.5
Phoenix,AZ,House,5,82.6,67.9,0.0,526.6,63971.0,2245,1,0.13,8320.9
Boston,MA,Apartment,8,72.9,50.2,0.0,236.9,7671.6,737,1,0.252,1950.56
New York,NY,Townhouse,3,39.7,84.5,760.5,0.0,74193.6,1591,1,0.18,13338.35
Seattle,WA,Townhouse,1,42.6,36.3,671.3,0.0,85571.3,2068,3,0.11,9403.3
Miami,FL,Large House,12,65.0,77.5,0.1,0.0,5542.0,4296,2,0.121,662.02
Miami,FL,Townhouse,2,68.4,77.9,0.0,101.8,11243.5,1875,3,0.121,1349.23
Boston,MA,Large House,1,28.1,79.7,1108.2,0.0,297467.3,3520,5,0.231,68719.06
Denver,CO,Condo,8,78.3,74.2,0.0,399.3,19589.8,1052,2,0.144,2807.87
Boston,MA,House,1,25.8,70.6,1175.6,0.0,228430.2,2943,4,0.231,52757.84
Phoenix,AZ,Apartment,3,66.9,41.5,0.0,57.1,2945.4,945,1,0.13,377.03
Seattle,WA,Apartment,9,73.2,55.8,0.0,245.2,7476.6,702,1,0.1,731.2
Denver,CO,Townhouse,2,46.4,80.5,556.6,0.0,71938.3,2083,3,0.132,9489.91
Chicago,IL,Townhouse,3,40.4,52.1,738.2,0.0,95003.9,2087,4,0.14,13300.68
New York,NY,Large House,5,69.2,71.8,0.0,126.8,38831.9,4325,5,0.18,6988.57
Chicago,IL,House,4,49.3,69.8,470.2,0.0,60970.9,1920,2,0.14,8524.4
Denver,CO,Apartment,12,46.1,39.5,568.0,0.0,22065.8,754,1,0.132,2898.87
Seattle,WA,Condo,8,73.4,56.1,0.0,251.7,15269.5,1257,2,0.12,1848.8
Denver,CO,Apartment,10,64.6,62.2,11.3,0.0,1757.9,1149,2,0.12,219.21
Phoenix,AZ,Large House,11,68.9,66.4,0.0,116.9,27860.7,3309,5,0.13,3604.81
Seattle,WA,House,6,67.6,82.0,0.0,77.1,14722.8,2804,4,0.12,1782.11
Seattle,WA,Large House,5,68.6,30.3,0.0,109.2,35294.2,4452,5,0.1,3518.61
Seattle,WA,House,11,56.6,31.9,251.0,0.0,44017.6,2526,2,0.1,4386.7
Houston,TX,Apartment,8,89.4,48.1,0.0,732.5,29077.6,960,1,0.144,4189.36
Denver,CO,Condo,4,59.5,77.7,163.7,0.0,10068.4,1004,1,0.12,1223.69
Los Angeles,CA,Large House,1,44.0,62.4,629.2,0.0,156065.4,3215,4,0.242,37757.81
Chicago,IL,Large House,1,31.7,43.3,998.6,0.0,363816.9,4779,1,0.154,56035.52
Atlanta,GA,Townhouse,4,56.5,76.5,253.9,0.0,20769.9,1273,1,0.13,2689.72
Boston,MA,Large House,2,29.5,78.5,1066.2,0.0,303898.6,3736,4,0.231,70203.77
Los Angeles,CA,Apartment,11,49.1,55.2,476.3,0.0,21845.8,886,1,0.22,4814.71
Miami,FL,Apartment,5,86.5,54.6,0.0,645.2,24303.6,906,1,0.11,2660.38
Chicago,IL,Townhouse,8,78.1,38.7,0.0,391.5,35310.2,1765,3,0.168,5925.59
Denver,CO,Condo,7,79.4,76.6,0.0,432.8,29087.5,1456,1,0.144,4206.82
Chicago,IL,Apartment,1,23.3,49.4,1250.1,0.0,66157.2,1042,2,0.154,10192.76
Atlanta,GA,House,11,50.4,66.9,439.2,0.0,45713.4,1536,2,0.13,5924.23
Atlanta,GA,House,11,57.7,55.4,219.8,0.0,34329.6,2224,2,0.13,4480.16
New York,NY,Large House,4,49.9,53.5,452.1,0.0,136250.6,3857,5,0.18,24532.05
Chicago,IL,Apartment,5,69.5,58.3,0.0,136.1,3424.4,542,1,0.14,480.44
Boston,MA,Apartment,5,62.0,30.6,91.5,0.0,3951.9,702,1,0.21,816.09
New York,NY,Townhouse,12,29.8,77.8,1056.9,0.0,121256.8,1880,2,0.198,24014.15
Phoenix,AZ,House,5,85.9,56.9,0.0,627.8,86332.5,2551,3,0.13,11224.59
Denver,CO,Large House,3,48.7,43.7,489.5,0.0,118858.3,3129,2,0.12,14256.21
Chicago,IL,Condo,10,53.4,57.2,349.4,0.0,20486.5,1012,1,0.14,2886.67
Miami,FL,Townhouse,1,62.9,81.2,62.2,0.0,6355.2,1314,2,0.121,776.34
Phoenix,AZ,House,6,89.4,60.4,0.0,732.3,82270.4,2097,2,0.156,12826.63
Atlanta,GA,Townhouse,8,69.6,78.8,0.0,137.2,13461.4,1759,1,0.156,2102.94
Phoenix,AZ,House,4,80.9,80.2,0.0,476.1,60266.0,2318,4,0.13,7848.27
Miami,FL,Townhouse,11,74.3,50.2,0.0,279.5,17682.9,1217,2,0.11,1944.83
New York,NY,Apartment,12,37.7,67.0,819.2,0.0,42330.6,1011,2,0.198,8368.99
Boston,MA,Condo,2,34.9,76.0,901.9,0.0,73160.0,1445,1,0.231,16908.22
New York,NY,Townhouse,4,50.1,75.4,447.0,0.0,39435.8,1414,1,0.18,7101.67
Phoenix,AZ,Apartment,2,63.1,31.9,56.3,0.0,2161.6,549,1,0.143,316.19
Houston,TX,Townhouse,3,66.7,40.4,0.0,49.9,4384.9,1207,2,0.12,508.37
Atlanta,GA,Condo,2,44.3,53.2,620.9,0.0,42215.5,1197,2,0.143,6025.89
Los Angeles,CA,House,2,52.0,87.2,388.8,0.0,55291.3,2099,1,0.242,13360.8
Boston,MA,Apartment,12,34.0,64.9,929.4,0.0,45394.3,959,1,0.231,10502.93
Phoenix,AZ,Apartment,6,83.3,34.4,0.0,548.7,14099.8,612,1,0.156,2180.03
Miami,FL,House,8,92.4,39.4,0.0,821.3,137349.4,3134,2,0.132,18119.16
Atlanta,GA,Townhouse,2,45.4,40.9,588.4,0.0,61195.3,1683,2,0.143,8757.01
New York,NY,Condo,12,32.8,35.9,966.3,0.0,53576.6,990,1,0.198,10601.23
Seattle,WA,Apartment,3,56.7,52.0,249.9,0.0,10740.1,801,1,0.1,1071.76
Los Angeles,CA,Townhouse,10,61.7,59.9,98.8,0.0,8743.6,1244,2,0.22,1908.73
Boston,MA,Large House,10,58.9,70.7,181.8,0.0,70788.0,4734,4,0.21,14861.23
Los Angeles,CA,Townhouse,9,71.2,84.6,0.0,187.3,17114.6,1675,3,0.22,3768.99
Los Angeles,CA,House,12,43.0,88.2,660.4,0.0,116031.6,2634,2,0.242,28097.93
Los Angeles,CA,Apartment,5,60.2,47.6,145.2,0.0,5529.1,666,1,0.22,1208.86
Miami,FL,Townhouse,7,87.7,70.4,0.0,682.3,55683.6,1650,1,0.132,7333.22
Boston,MA,Townhouse,2,33.8,54.1,935.3,0.0,102080.7,1787,1,0.231,23596.83
Miami,FL,Apartment,9,89.4,30.3,0.0,732.1,25922.5,860,1,0.11,2867.19
Los Angeles,CA,House,7,74.6,53.2,0.0,288.5,53129.9,3308,1,0.264,14041.37
Los Angeles,CA,Apartment,11,51.1,43.3,416.0,0.0,13584.0,628,1,0.22,3006.57
Los Angeles,CA,House,3,56.6,58.2,250.6,0.0,27135.0,1560,1,0.22,5987.91
Seattle,WA,Townhouse,1,45.7,69.9,579.1,0.0,44143.0,1231,1,0.11,4872.92
Miami,FL,Townhouse,3,72.2,72.6,0.0,216.8,23039.9,1999,2,0.11,2536.5
Chicago,IL,Townhouse,2,35.7,42.3,879.0,0.0,71443.3,1325,2,0.154,10989.17
Los Angeles,CA,Apartment,5,67.8,69.5,0.0,83.3,4254.2,984,1,0.22,921.71
Denver,CO,Condo,3,53.4,83.7,346.7,0.0,20815.1,1034,1,0.12,2482.87
Los Angeles,CA,Apartment,7,74.0,43.5,0.0,270.1,12132.2,1023,2,0.264,3220.56
Miami,FL,Apartment,11,68.4,85.2,0.0,101.4,4193.4,846,1,0.11,454.01
Los Angeles,CA,House,5,62.2,75.7,82.6,0.0,15515.7,2369,3,0.22,3431.32
Phoenix,AZ,Large House,6,83.3,49.4,0.0,550.1,103935.8,3019,4,0.156,16198.12
Houston,TX,House,11,72.4,47.4,0.0,222.6,21721.2,1713,1,0.12,2621.93
Houston,TX,Apartment,11,71.4,80.9,0.0,193.0,4371.3,512,1,0.12,523.89
Seattle,WA,Large House,11,53.5,52.5,344.1,0.0,122837.7,4534,3,0.1,12295.79
Denver,CO,Condo,1,47.0,49.4,541.4,0.0,33288.3,1080,1,0.132,4385.19
Phoenix,AZ,House,5,79.4,46.0,0.0,432.1,76052.3,3215,4,0.13,9906.22
Atlanta,GA,House,4,53.3,69.9,349.7,0.0,57184.8,2384,4,0.13,7428.44
Miami,FL,Condo,2,68.0,49.2,0.0,89.1,7280.6,1481,2,0.121,861.11
Atlanta,GA,Condo,8,78.1,36.9,0.0,393.6,14961.1,818,1,0.156,2329.85
Atlanta,GA,House,5,66.4,51.5,0.0,41.3,9132.5,2819,1,0.13,1180.33
Miami,FL,Apartment,10,84.2,39.2,0.0,576.5,20485.7,858,1,0.11,2244.1
Chicago,IL,House,7,78.0,42.3,0.0,389.0,54101.3,2534,1,0.168,9093.24
Chicago,IL,Townhouse,2,27.9,65.8,1111.5,0.0,111112.2,1636,3,0.154,17092.69
Seattle,WA,Condo,12,47.1,62.0,536.8,0.0,39655.0,1299,1,0.11,4368.3
Seattle,WA,Large House,4,54.5,70.1,315.0,0.0,79060.0,3182,1,0.1,7923.47
Miami,FL,Large House,3,66.5,79.6,0.0,44.6,19266.4,4798,5,0.11,2108.96
Los Angeles,CA,Condo,6,71.0,50.8,0.0,179.5,10810.3,1199,2,0.264,2862.26
Houston,TX,Large House,6,84.2,40.5,0.0,577.0,177216.4,4931,4,0.144,25503.8
Phoenix,AZ,Apartment,4,76.0,72.5,0.0,329.0,10997.6,785,1,0.13,1417.75
Boston,MA,Condo,12,29.8,77.1,1056.0,0.0,76964.4,1301,2,0.231,17771.16
Chicago,IL,Apartment,10,52.3,65.6,379.6,0.0,15172.3,758,1,0.14,2114.56
Miami,FL,Large House,8,93.1,47.2,0.0,842.7,162935.5,3134,5,0.132,21526.58
Miami,FL,Large House,3,67.3,82.2,0.0,67.9,23453.8,4358,3,0.11,2596.2
Atlanta,GA,Townhouse,6,72.8,59.5,0.0,235.2,23713.6,1905,3,0.156,3718.03
Atlanta,GA,Condo,7,74.9,57.6,0.0,296.6,15429.4,1102,1,0.156,2392.95
Denver,CO,Apartment,7,71.3,38.9,0.0,188.3,10021.2,1197,1,0.144,1427.2
Los Angeles,CA,Condo,11,50.1,58.5,447.9,0.0,25869.8,1012,1,0.22,5709.18
New York,NY,Condo,5,69.5,79.9,0.0,136.4,8637.0,1214,2,0.18,1563.11
Los Angeles,CA,Condo,4,54.8,81.4,305.6,0.0,16853.0,942,1,0.22,3709.96
Houston,TX,Large House,6,91.6,58.5,0.0,798.0,237317.7,4815,6,0.144,34184.02
Atlanta,GA,Townhouse,4,55.5,30.7,285.4,0.0,32644.1,1798,1,0.13,4237.86
Boston,MA,Large House,4,50.7,43.5,429.2,0.0,133795.5,3982,5,0.21,28094.02
Denver,CO,Condo,3,52.2,67.0,385.2,0.0,26300.7,1184,1,0.12,3144.45
Los Angeles,CA,Townhouse,2,43.7,56.9,637.6,0.0,72252.0,1839,1,0.242,17475.78
Atlanta,GA,Large House,9,70.4,41.8,0.0,162.1,50705.6,4611,2,0.13,6611.12
Boston,MA,Condo,9,66.2,42.5,0.0,37.0,2344.6,926,1,0.21,482.38
Phoenix,AZ,House,3,68.1,31.9,0.0,93.9,13064.4,2127,3,0.13,1713.66
New York,NY,Apartment,6,72.2,86.6,0.0,216.6,7087.4,738,1,0.216,1545.04
Phoenix,AZ,Large House,12,60.2,60.7,142.7,0.0,39105.9,3207,6,0.143,5604.59
Atlanta,GA,Condo,9,73.1,38.2,0.0,241.8,13196.9,1129,1,0.13,1706.81
Boston,MA,Large House,9,73.6,60.9,0.0,258.5,76600.4,4564,2,0.21,16074.85
Los Angeles,CA,Townhouse,7,71.0,83.1,0.0,180.1,19395.2,1988,2,0.264,5109.72
New York,NY,House,1,27.2,83.5,1135.2,0.0,171035.9,2280,4,0.198,33880.71
Seattle,WA,Condo,4,58.7,89.2,188.1,0.0,10165.8,892,1,0.1,1024.46
Los Angeles,CA,Large House,6,68.2,65.7,0.0,96.1,26594.9,3690,6,0.264,7030.12
Houston,TX,Townhouse,11,70.9,67.4,0.0,176.3,12067.9,1258,1,0.12,1428.48
Houston,TX,House,10,75.3,35.9,0.0,308.2,47923.5,2792,2,0.12,5736.31
New York,NY,Apartment,5,60.5,38.6,136.5,0.0,6720.6,879,1,0.18,1197.0
Phoenix,AZ,House,12,62.0,63.5,90.4,0.0,14950.6,2111,2,0.143,2127.7
Miami,FL,Townhouse,1,66.5,80.1,0.0,43.5,6309.1,1986,2,0.121,767.64
Miami,FL,Condo,7,88.3,78.9,0.0,698.8,39773.8,1251,1,0.132,5266.4
New York,NY,Large House,6,77.1,88.2,0.0,363.8,92216.5,3976,5,0.216,19908.14
Miami,FL,Apartment,9,87.4,78.0,0.0,671.9,16819.7,601,1,0.11,1840.69
Miami,FL,House,6,87.5,89.8,0.0,674.0,125252.5,3448,6,0.132,16534.88
Los Angeles,CA,House,5,59.3,48.9,169.9,0.0,25572.7,2102,2,0.22,5644.3
Miami,FL,Apartment,6,87.2,77.9,0.0,665.9,32560.3,1181,2,0.132,4300.52
Chicago,IL,Apartment,2,35.0,66.1,900.3,0.0,41491.8,903,1,0.154,6379.44
New York,NY,Apartment,4,52.0,32.0,389.0,0.0,15599.6,763,1,0.18,2809.48
Seattle,WA,House,1,48.4,77.0,497.1,0.0,89104.5,2669,1,0.11,9798.83
Phoenix,AZ,Large House,5,77.1,83.4,0.0,364.1,69442.7,3011,1,0.13,9019.27
Seattle,WA,Townhouse,6,69.9,77.5,0.0,145.5,11774.5,1457,2,0.12,1431.65
Boston,MA,Townhouse,3,37.2,89.6,834.3,0.0,80299.6,1569,2,0.21,16867.12
Phoenix,AZ,House,7,91.4,33.6,0.0,793.0,75397.3,1775,2,0.156,11763.19
Boston,MA,Large House,6,69.9,60.4,0.0,146.8,45227.5,4512,1,0.252,11413.03
Seattle,WA,Townhouse,3,50.7,63.4,428.1,0.0,50835.6,1897,3,0.1,5086.2
Atlanta,GA,Apartment,5,62.4,31.3,78.5,0.0,3700.0,746,1,0.13,498.18
Los Angeles,CA,House,5,63.3,46.5,50.1,0.0,7552.8,1645,3,0.22,1660.99
Seattle,WA,Condo,2,49.9,83.6,452.8,0.0,37291.6,1440,1,0.11,4088.33
Houston,TX,Apartment,10,79.7,39.7,0.0,441.5,17950.9,969,1,0.12,2149.13
Seattle,WA,Large House,5,61.8,65.6,96.6,0.0,41653.4,4885,3,0.1,4175.78
Denver,CO,Large House,3,50.1,86.5,447.5,0.0,123065.7,3514,6,0.12,14755.29
Los Angeles,CA,Apartment,4,55.7,74.8,278.4,0.0,14181.1,954,1,0.22,3130.53
Atlanta,GA,Condo,10,66.8,35.5,0.0,53.7,4405.9,1268,2,0.13,589.39
Phoenix,AZ,Large House,10,83.9,64.5,0.0,566.7,127759.0,3626,1,0.13,16602.25
Denver,CO,Townhouse,7,76.4,47.4,0.0,343.3,25280.2,1440,1,0.144,3652.36
Boston,MA,Large House,1,30.5,58.7,1034.4,0.0,340810.7,4318,4,0.231,78734.21
Boston,MA,House,5,64.7,42.3,9.0,0.0,5932.9,3248,5,0.21,1238.77
Phoenix,AZ,Condo,6,91.6,57.3,0.0,796.5,32931.1,914,1,0.156,5151.12
Atlanta,GA,House,5,67.1,56.0,0.0,62.0,10811.9,2404,4,0.13,1401.56
New York,NY,Large House,2,33.0,83.6,959.6,0.0,307684.2,4204,1,0.198,60935.02
Chicago,IL,Townhouse,10,58.1,36.8,206.6,0.0,25366.9,1873,3,0.14,3554.53
New York,NY,Large House,6,72.2,37.0,0.0,215.6,55197.3,3861,4,0.216,11936.44
Seattle,WA,Condo,12,46.8,69.7,544.5,0.0,43605.2,1405,2,0.11,4807.98
Boston,MA,House,2,30.6,57.0,1033.4,0.0,140437.1,2056,1,0.231,32458.76
New York,NY,Condo,6,76.0,51.6,0.0,329.2,24276.7,1567,1,0.216,5234.0
Phoenix,AZ,Apartment,11,70.6,49.4,0.0,167.5,8686.0,1135,2,0.13,1148.91
Houston,TX,House,5,86.3,63.0,0.0,640.1,118618.5,3445,3,0.12,14243.52
Boston,MA,House,11,42.4,50.3,677.4,0.0,105634.2,2339,2,0.21,22170.53
Miami,FL,Apartment,10,82.8,71.1,0.0,534.1,18849.5,849,1,0.11,2090.58
Boston,MA,Condo,9,68.7,64.3,0.0,112.4,8535.9,1440,1,0.21,1807.77
Boston,MA,Apartment,12,36.4,81.8,857.6,0.0,46894.7,1068,2,0.231,10838.48
Seattle,WA,House,1,49.3,78.7,472.5,0.0,63133.2,1980,2,0.11,6956.17
Chicago,IL,House,7,76.6,40.3,0.0,349.3,56059.4,2895,3,0.168,9421.99
Phoenix,AZ,Condo,12,59.6,58.9,163.0,0.0,11685.7,1169,1,0.143,1683.13
Seattle,WA,Townhouse,4,61.7,58.0,98.8,0.0,11878.8,1689,2,0.1,1173.47
Boston,MA,Apartment,7,79.9,53.4,0.0,445.9,14986.8,794,1,0.252,3773.8
Miami,FL,Apartment,11,69.4,40.6,0.0,132.9,6014.4,982,1,0.11,657.11
Los Angeles,CA,Townhouse,7,75.3,58.8,0.0,309.0,29098.2,1827,2,0.264,7670.25
Boston,MA,Apartment,1,25.0,75.3,1201.0,0.0,63190.4,1036,1,0.231,14609.96
Atlanta,GA,Apartment,3,50.0,40.7,450.1,0.0,16814.1,713,1,0.13,2188.8
Chicago,IL,Townhouse,10,57.5,35.4,224.3,0.0,21553.4,1488,1,0.14,3020.57
Miami,FL,Large House,10,81.4,40.5,0.0,493.5,100066.5,3241,1,0.11,11004.14
Phoenix,AZ,Apartment,4,76.4,63.2,0.0,342.7,8454.2,569,1,0.13,1115.27
Phoenix,AZ,House,6,84.0,34.9,0.0,568.8,83226.8,2708,3,0.156,12995.76
Houston,TX,Large House,12,65.0,53.1,0.0,0.8,4335.4,3121,3,0.132,569.59
Atlanta,GA,Townhouse,3,55.3,63.5,291.9,0.0,26449.2,1422,2,0.13,3437.67
Phoenix,AZ,Condo,9,85.8,58.4,0.0,625.5,37477.7,1312,2,0.13,4864.36
Denver,CO,Townhouse,1,40.1,88.9,747.1,0.0,89428.0,1952,1,0.132,11802.43
Chicago,IL,Apartment,8,80.1,54.1,0.0,454.2,20728.0,1089,1,0.168,3500.25
Miami,FL,Townhouse,4,75.4,66.4,0.0,313.1,21953.4,1361,2,0.11,2428.55
Phoenix,AZ,Large House,4,72.4,87.3,0.0,223.1,65034.3,4415,4,0.13,8464.95
Boston,MA,Large House,4,57.8,61.6,216.1,0.0,79182.9,4502,5,0.21,16642.84
Los Angeles,CA,Condo,9,66.7,59.3,0.0,49.7,3993.9,1246,2,0.22,890.19
Seattle,WA,Large House,2,43.2,52.8,654.6,0.0,156739.8,3106,3,0.11,17252.75
Atlanta,GA,House,10,60.1,80.1,146.0,0.0,36899.2,3460,4,0.13,4806.64
Boston,MA,Condo,2,28.4,47.1,1097.8,0.0,90785.9,1481,1,0.231,20979.72
New York,NY,House,2,28.3,76.5,1099.6,0.0,192974.0,2660,1,0.198,38220.32
Houston,TX,House,1,61.2,56.3,113.3,0.0,28886.3,3396,2,0.132,3804.64
Seattle,WA,Condo,6,66.8,42.6,0.0,53.7,3699.2,1125,1,0.12,426.43
Los Angeles,CA,Apartment,2,46.7,56.6,549.2,0.0,23528.5,831,1,0.242,5708.92
Houston,TX,House,1,64.2,72.9,22.8,0.0,7602.4,2922,1,0.132,1011.24
Phoenix,AZ,Large House,4,74.6,87.1,0.0,287.8,59543.7,3188,4,0.13,7760.63
New York,NY,Condo,2,37.0,81.0,840.5,0.0,72019.4,1522,3,0.198,14257.96
Houston,TX,Large House,8,92.6,35.0,0.0,827.7,238042.0,4661,6,0.144,34258.27
Phoenix,AZ,Large House,3,65.8,77.9,0.0,23.0,10241.3,3847,2,0.13,1345.48
Chicago,IL,Townhouse,1,23.8,61.5,1236.8,0.0,90408.3,1200,2,0.154,13936.73
Atlanta,GA,House,7,79.2,48.8,0.0,424.7,37228.1,1608,1,0.156,5825.59
Houston,TX,Townhouse,9,90.3,79.7,0.0,760.4,72666.5,1939,1,0.12,8733.19
New York,NY,Apartment,5,60.8,48.9,125.1,0.0,6025.3,847,1,0.18,1067.35
Los Angeles,CA,Large House,6,70.1,79.8,0.0,151.9,44683.5,4251,6,0.264,11792.7
Houston,TX,Townhouse,8,90.4,33.0,0.0,761.1,63913.8,1696,3,0.144,9220.09
Miami,FL,House,3,68.5,80.2,0.0,105.0,14413.7,2148,4,0.11,1577.9
Phoenix,AZ,Apartment,7,93.6,71.5,0.0,858.9,38994.2,1104,2,0.156,6067.49
Boston,MA,Townhouse,5,67.4,39.6,0.0,71.6,9410.6,2100,1,0.21,1960.61
Los Angeles,CA,Townhouse,9,68.8,52.1,0.0,114.8,11590.7,1771,1,0.22,2567.85
Atlanta,GA,House,11,52.5,59.4,373.8,0.0,79166.7,3109,3,0.13,10287.73
Denver,CO,House,6,68.6,74.0,0.0,108.8,22263.5,3317,1,0.144,3197.91
Phoenix,AZ,Condo,10,82.5,59.6,0.0,524.6,25680.5,1066,1,0.13,3339.67
New York,NY,Townhouse,1,31.2,43.6,1014.3,0.0,78532.2,1266,2,0.198,15555.7
Chicago,IL,House,9,64.4,38.6,17.1,0.0,4770.0,2016,4,0.14,676.82
Denver,CO,Apartment,5,63.5,52.9,46.4,0.0,2145.6,653,1,0.12,255.04
New York,NY,Apartment,7,83.0,43.2,0.0,540.5,23545.8,1047,1,0.216,5084.79
Houston,TX,Large House,12,62.9,74.2,62.6,0.0,26164.0,4332,4,0.132,3446.16
Los Angeles,CA,House,2,43.3,59.7,651.2,0.0,93709.2,2160,1,0.242,22685.15
Boston,MA,Townhouse,2,32.4,30.4,978.9,0.0,115474.2,1927,3,0.231,26691.04
Denver,CO,Townhouse,3,56.7,51.8,247.8,0.0,27438.2,1719,2,0.12,3293.76
Seattle,WA,House,8,73.3,59.3,0.0,250.0,44203.7,3136,1,0.12,5308.6
Chicago,IL,Condo,9,67.0,81.8,0.0,59.8,5600.2,1577,1,0.14,764.45
Atlanta,GA,Condo,2,47.5,40.6,524.3,0.0,34878.0,1171,1,0.143,4986.96
Houston,TX,Condo,7,94.9,33.3,0.0,895.5,51546.5,1274,2,0.144,7425.74
Chicago,IL,Apartment,6,77.1,71.3,0.0,362.4,17160.1,1107,2,0.168,2893.82
Atlanta,GA,Large House,9,66.8,76.5,0.0,52.9,13500.3,3059,1,0.13,1751.24
Chicago,IL,Apartment,9,65.0,30.9,1.2,0.0,731.5,721,1,0.14,83.95
Miami,FL,House,11,74.5,82.5,0.0,285.0,25088.4,1578,1,0.11,2741.61
Seattle,WA,Condo,8,78.0,85.6,0.0,390.5,15719.7,863,1,0.12,1901.77
Atlanta,GA,Apartment,6,70.4,52.7,0.0,161.4,4558.5,626,1,0.156,719.33
Chicago,IL,Large House,7,79.4,53.8,0.0,432.5,130656.4,4793,3,0.168,21938.0
New York,NY,Condo,6,74.1,41.3,0.0,274.0,13720.1,1049,2,0.216,2945.96
Chicago,IL,Condo,6,69.5,63.0,0.0,133.8,7631.2,1082,2,0.168,1262.82
Atlanta,GA,Townhouse,1,45.6,85.9,582.3,0.0,65884.6,1827,2,0.143,9434.39
Denver,CO,House,2,52.1,68.2,385.6,0.0,83429.2,3173,5,0.132,10997.35
New York,NY,Apartment,11,43.9,62.4,633.1,0.0,16461.6,504,1,0.18,2982.77
Houston,TX,Large House,4,78.6,46.6,0.0,406.9,126991.7,4955,1,0.12,15247.07
Miami,FL,House,1,63.1,81.2,57.2,0.0,14723.1,2951,5,0.121,1797.0
Seattle,WA,Townhouse,10,61.7,67.4,98.9,0.0,14495.2,2082,2,0.1,1440.83
Atlanta,GA,Apartment,11,49.6,58.2,462.7,0.0,19699.6,822,1,0.13,2567.15
Atlanta,GA,Apartment,3,49.6,36.8,461.1,0.0,23083.2,966,1,0.13,3008.24
New York,NY,Townhouse,11,49.0,37.1,480.9,0.0,60186.2,2014,1,0.18,10850.62
Miami,FL,House,6,85.1,62.5,0.0,602.9,68954.7,2111,4,0.132,9103.7
Chicago,IL,House,5,61.6,39.9,102.0,0.0,12108.5,1549,2,0.14,1675.3
Chicago,IL,Townhouse,6,69.1,71.6,0.0,123.9,10085.8,1429,1,0.168,1688.85
Miami,FL,Townhouse,1,60.3,45.2,141.2,0.0,12473.5,1319,1,0.121,1521.34
Denver,CO,Large House,8,69.1,51.7,0.0,124.0,38218.8,4377,3,0.144,5518.13
Los Angeles,CA,Large House,11,54.1,51.5,326.1,0.0,91085.1,3547,1,0.22,20030.3
Chicago,IL,Apartment,12,30.6,85.5,1032.5,0.0,26565.6,503,1,0.154,4100.5
Miami,FL,Apartment,6,85.2,76.3,0.0,604.9,23540.1,938,1,0.132,3115.3
Chicago,IL,House,9,66.7,43.6,0.0,49.6,10302.0,2670,5,0.14,1446.75
New York,NY,Large House,3,38.8,42.2,786.5,0.0,264057.5,4381,3,0.18,47549.5
Miami,FL,House,4,75.4,38.9,0.0,311.7,40589.4,2342,1,0.11,4478.74
Houston,TX,House,4,77.2,38.2,0.0,364.7,55324.0,2748,3,0.12,6658.41
Los Angeles,CA,Large House,4,56.9,47.2,243.2,0.0,94429.0,4830,4,0.22,20766.28
Seattle,WA,Townhouse,11,49.8,48.4,454.8,0.0,54092.0,1909,1,0.1,5401.8
Atlanta,GA,Townhouse,6,71.5,37.0,0.0,195.6,22892.6,2175,4,0.156,3572.97
Miami,FL,Apartment,5,84.9,85.7,0.0,596.9,21984.3,890,1,0.11,2416.19
Denver,CO,Large House,8,76.8,44.4,0.0,354.3,108348.1,4796,4,0.144,15583.99
Houston,TX,Apartment,5,79.4,43.3,0.0,432.2,12023.7,659,1,0.12,1448.1
Houston,TX,Apartment,11,66.0,38.7,0.0,31.2,2324.3,1083,2,0.12,287.96
Chicago,IL,House,1,23.2,48.6,1252.7,0.0,167510.7,2029,1,0.154,25798.5
Seattle,WA,House,7,74.7,78.7,0.0,290.2,41616.3,2554,3,0.12,4989.5
Chicago,IL,House,6,78.5,42.2,0.0,405.7,55331.6,2476,4,0.168,9289.98
Boston,MA,Condo,9,66.0,83.0,0.0,30.4,1922.6,859,1,0.21,402.16
Los Angeles,CA,Large House,10,59.9,60.0,151.6,0.0,51994.6,4110,2,0.22,11437.48
Los Angeles,CA,Large House,12,43.4,30.2,648.4,0.0,244176.8,4888,4,0.242,59095.8
Seattle,WA,Condo,7,75.1,69.0,0.0,301.6,18173.6,1271,1,0.12,2182.61
Atlanta,GA,House,1,47.8,83.9,517.5,0.0,53316.9,1528,2,0.143,7624.48
Denver,CO,Apartment,3,50.1,81.9,446.5,0.0,23154.0,998,1,0.12,2780.25
Phoenix,AZ,House,6,87.2,76.6,0.0,666.7,90541.8,2531,1,0.156,14128.39
Chicago,IL,Townhouse,2,33.1,57.4,957.1,0.0,110205.7,1881,3,0.154,16952.02
Los Angeles,CA,Apartment,9,67.6,73.5,0.0,79.3,2360.3,563,1,0.22,535.82
Miami,FL,Townhouse,5,82.5,32.7,0.0,525.3,56294.9,2130,4,0.11,6210.25
Denver,CO,Condo,4,62.0,49.1,90.0,0.0,6379.8,1061,2,0.12,773.26
Chicago,IL,House,1,25.2,70.2,1195.0,0.0,147647.0,1874,1,0.154,22718.82
Seattle,WA,House,5,68.2,66.4,0.0,96.6,10059.1,1614,2,0.1,1011.32
Phoenix,AZ,Condo,11,73.2,30.5,0.0,247.4,9846.8,824,1,0.13,1277.89
Chicago,IL,Townhouse,12,32.4,37.6,978.4,0.0,128200.9,2144,2,0.154,19757.91
Denver,CO,House,1,43.3,87.3,649.9,0.0,90504.6,2088,1,0.132,11964.63
Los Angeles,CA,Condo,11,51.0,34.7,419.9,0.0,37469.4,1551,2,0.22,8262.18
Los Angeles,CA,House,11,58.8,46.2,185.3,0.0,29226.4,2192,4,0.22,6420.83
Phoenix,AZ,Condo,4,80.8,39.5,0.0,472.8,19852.4,913,1,0.13,2593.09
Miami,FL,Large House,8,87.3,61.7,0.0,670.5,159581.0,3836,4,0.132,21081.55
Boston,MA,Large House,5,62.5,30.8,74.1,0.0,30681.8,4464,4,0.21,6440.86
Phoenix,AZ,House,7,93.0,71.9,0.0,840.0,79909.9,1784,1,0.156,12458.6
Seattle,WA,Townhouse,11,58.0,69.8,209.1,0.0,18137.1,1328,2,0.1,1804.23
Denver,CO,House,7,76.1,64.4,0.0,333.0,44781.1,2430,2,0.144,6447.0
Chicago,IL,House,8,72.4,70.0,0.0,223.1,35212.3,2761,3,0.168,5935.23
Phoenix,AZ,Apartment,4,75.4,85.4,0.0,311.5,13690.7,1029,1,0.13,1776.08
Denver,CO,Large House,4,54.3,42.2,319.5,0.0,88426.7,3484,5,0.12,10621.23
Denver,CO,House,3,53.5,45.2,345.9,0.0,43035.6,1817,2,0.12,5173.86
Chicago,IL,Large House,7,83.8,33.6,0.0,564.9,170037.2,4829,4,0.168,28561.17
Phoenix,AZ,Large House,1,59.0,69.1,179.8,0.0,61225.4,4145,3,0.143,8747.45
Atlanta,GA,Condo,7,72.3,51.9,0.0,219.5,10141.9,949,1,0.156,1563.4
Los Angeles,CA,Condo,7,78.6,68.2,0.0,406.6,23065.0,1222,2,0.264,6101.14
Los Angeles,CA,Townhouse,10,62.7,81.4,70.0,0.0,10350.0,2001,1,0.22,2280.9
Seattle,WA,House,6,71.9,49.4,0.0,207.9,38771.1,3209,6,0.12,4644.97
Houston,TX,Apartment,1,65.9,82.2,0.0,25.5,1259.8,598,1,0.132,151.51
Boston,MA,Townhouse,11,48.0,30.3,508.7,0.0,60183.4,1907,1,0.21,12625.75
Chicago,IL,Townhouse,11,45.7,86.0,578.8,0.0,67803.8,1890,3,0.14,9509.75
Houston,TX,Apartment,8,87.1,89.5,0.0,662.7,19272.3,703,1,0.144,2786.17
Seattle,WA,Large House,2,47.5,67.6,525.8,0.0,126612.8,3093,6,0.11,13923.57
Los Angeles,CA,Apartment,8,75.7,45.2,0.0,320.7,8236.1,595,1,0.264,2168.64
New York,NY,House,5,69.8,89.6,0.0,143.6,16037.3,1860,1,0.18,2877.01
Phoenix,AZ,Large House,11,70.1,38.4,0.0,154.2,38788.9,3627,6,0.13,5049.99
Miami,FL,Apartment,6,88.0,59.4,0.0,689.7,19957.1,697,1,0.132,2617.52
Seattle,WA,Apartment,3,54.0,82.6,329.7,0.0,17767.3,1020,2,0.1,1790.27
Denver,CO,Large House,12,45.6,68.4,582.3,0.0,180836.0,4020,3,0.132,23887.28
Atlanta,GA,Condo,1,46.7,82.9,548.1,0.0,33114.1,1066,1,0.143,4746.88
Denver,CO,Condo,4,57.0,86.5,240.2,0.0,12132.6,850,1,0.12,1436.73
Houston,TX,Condo,10,82.0,47.7,0.0,511.5,30815.4,1306,2,0.12,3686.94
Chicago,IL,Large House,12,34.8,61.5,906.3,0.0,251834.8,3633,3,0.154,38799.17
Phoenix,AZ,Apartment,5,78.3,68.2,0.0,398.8,16621.8,983,1,0.13,2169.61
Atlanta,GA,House,3,55.1,42.7,298.4,0.0,64402.8,3111,6,0.13,8356.47
New York,NY,House,8,72.2,65.8,0.0,216.5,34373.5,2785,1,0.216,7416.33
Chicago,IL,Large House,9,69.7,34.0,0.0,141.0,33017.4,3338,5,0.14,4607.68
Chicago,IL,Large House,3,42.1,87.6,688.2,0.0,204686.5,3867,3,0.14,28667.1
Chicago,IL,Townhouse,9,64.0,68.6,29.5,0.0,5041.1,1806,1,0.14,708.67
Los Angeles,CA,Townhouse,9,67.3,70.7,0.0,68.6,8547.9,1961,2,0.22,1875.69
Los Angeles,CA,Condo,4,62.2,46.5,84.3,0.0,6180.6,1093,1,0.22,1358.43
New York,NY,Large House,1,25.2,86.4,1195.1,0.0,350360.8,3848,6,0.198,69364.58
Phoenix,AZ,Condo,6,91.6,67.2,0.0,797.1,45566.6,1260,2,0.156,7096.75
Los Angeles,CA,Condo,9,71.4,77.6,0.0,191.2,9030.6,967,1,0.22,1979.08
Chicago,IL,Apartment,11,43.2,45.8,654.2,0.0,34379.8,1023,1,0.14,4815.32
Atlanta,GA,Condo,8,69.5,33.5,0.0,135.6,10215.5,1450,2,0.156,1591.38
Atlanta,GA,Townhouse,11,55.4,86.0,288.5,0.0,35499.8,1938,1,0.13,4603.66
Boston,MA,House,3,44.1,82.4,625.9,0.0,142650.7,3408,3,0.21,29944.73
Seattle,WA,Townhouse,8,78.6,59.8,0.0,407.3,27939.4,1356,1,0.12,3342.94
Boston,MA,Apartment,8,76.4,85.5,0.0,342.3,14953.2,1025,1,0.252,3774.74
Chicago,IL,Condo,10,60.4,41.7,139.3,0.0,12213.7,1403,2,0.14,1694.27
Denver,CO,Townhouse,6,67.1,70.7,0.0,62.3,6114.9,1483,2,0.144,887.49
Denver,CO,Townhouse,8,74.3,54.0,0.0,278.2,31601.2,2196,2,0.144,4554.76
Los Angeles,CA,House,6,72.0,64.6,0.0,211.0,20780.3,1714,2,0.264,5503.13
Boston,MA,Large House,12,31.6,49.9,1001.7,0.0,306233.8,4011,1,0.231,70758.45
Los Angeles,CA,House,10,57.7,69.9,218.6,0.0,52538.0,3426,2,0.22,11571.05
Miami,FL,House,2,67.5,81.6,0.0,74.8,14116.0,2762,4,0.121,1713.26
Chicago,IL,Apartment,1,24.7,61.7,1208.5,0.0,31899.6,520,1,0.154,4916.97
Atlanta,GA,Townhouse,9,65.6,30.3,0.0,16.9,3506.4,1886,2,0.13,440.85
Miami,FL,Condo,9,90.7,77.1,0.0,772.4,51195.0,1467,1,0.11,5636.01
New York,NY,Townhouse,4,57.3,53.0,229.6,0.0,31562.4,2108,4,0.18,5668.06
Denver,CO,House,11,56.1,85.5,267.3,0.0,49577.9,2678,2,0.12,5956.37
Seattle,WA,Condo,3,50.2,35.3,444.8,0.0,30785.0,1204,2,0.1,3072.42
Phoenix,AZ,Condo,9,90.6,31.6,0.0,767.8,45239.7,1303,1,0.13,5885.26
Los Angeles,CA,Townhouse,11,55.5,46.1,283.8,0.0,27382.7,1506,2,0.22,6008.81
Atlanta,GA,House,11,58.7,64.5,189.3,0.0,27877.8,2053,3,0.13,3634.63
Seattle,WA,Condo,11,54.5,30.4,314.1,0.0,19535.6,1069,1,0.1,1970.84
Chicago,IL,House,8,72.7,51.3,0.0,232.3,45818.5,3427,6,0.168,7686.65
Seattle,WA,Large House,6,70.4,49.2,0.0,163.4,33956.7,3011,6,0.12,4076.47
Miami,FL,Apartment,11,75.4,35.4,0.0,311.3,8336.0,621,1,0.11,915.08
New York,NY,House,6,71.7,79.7,0.0,202.2,31123.6,2685,1,0.216,6719.87
Los Angeles,CA,Large House,7,77.3,71.2,0.0,368.5,109039.4,4650,4,0.264,28805.15
Miami,FL,Apartment,12,61.7,30.1,98.4,0.0,4453.7,776,1,0.121,558.38
Seattle,WA,Townhouse,6,72.9,57.7,0.0,238.3,20856.0,1664,2,0.12,2508.42
Seattle,WA,Townhouse,12,49.3,65.3,472.5,0.0,49000.9,1668,1,0.11,5409.06
Los Angeles,CA,Apartment,6,71.2,66.9,0.0,185.9,4292.8,502,1,0.264,1145.38
Chicago,IL,Condo,4,57.9,55.6,212.6,0.0,10902.3,855,1,0.14,1511.02
Boston,MA,Apartment,7,83.5,50.1,0.0,555.2,13975.5,600,1,0.252,3537.72
Houston,TX,Apartment,6,84.6,65.8,0.0,589.5,17450.5,708,1,0.144,2521.25
Los Angeles,CA,House,3,47.6,64.5,521.3,0.0,94058.1,2685,2,0.22,20677.24
New York,NY,House,2,31.3,37.3,1010.5,0.0,217522.3,3258,1,0.198,43058.22
Boston,MA,Apartment,6,71.7,37.2,0.0,200.8,9756.4,1090,1,0.252,2461.59
Boston,MA,House,10,53.0,64.5,358.8,0.0,58251.5,2382,2,0.21,12230.55
Atlanta,GA,Large House,7,75.5,46.3,0.0,314.9,88092.8,4378,1,0.156,13725.24
Chicago,IL,Condo,10,52.2,70.2,384.5,0.0,29249.0,1323,1,0.14,4095.54
Boston,MA,House,10,61.1,39.2,118.1,0.0,23403.8,2604,5,0.21,4913.02
Atlanta,GA,House,9,70.4,55.8,0.0,161.4,28909.0,3017,4,0.13,3777.64
Denver,CO,Condo,12,50.7,86.7,428.2,0.0,25507.1,1039,1,0.132,3364.54
Miami,FL,Townhouse,8,91.9,51.3,0.0,807.1,80997.1,2033,3,0.132,10711.39
Houston,TX,House,8,93.3,35.3,0.0,848.0,147297.8,3256,2,0.144,21206.16
Denver,CO,Apartment,5,68.1,41.0,0.0,91.9,2377.1,518,1,0.12,298.54
Phoenix,AZ,Large House,11,72.4,57.0,0.0,222.2,68423.8,4699,1,0.13,8888.13
Atlanta,GA,Townhouse,11,55.6,77.0,280.8,0.0,33189.0,1855,1,0.13,4309.51
Atlanta,GA,House,11,58.8,35.1,185.0,0.0,26097.1,1982,2,0.13,3407.9
Atlanta,GA,Apartment,6,73.1,52.9,0.0,242.7,6506.1,608,1,0.156,995.89
Phoenix,AZ,House,10,79.3,48.3,0.0,429.7,37644.9,1598,2,0.13,4876.23
Miami,FL,Large House,2,66.0,43.4,0.0,31.5,11437.4,3672,1,0.121,1370.16
Denver,CO,Large House,2,49.3,34.4,472.2,0.0,175725.1,4772,6,0.132,23182.13
Denver,CO,Large House,1,45.0,89.6,599.8,0.0,141391.6,3043,5,0.132,18645.69
Seattle,WA,Large House,2,46.1,34.8,567.5,0.0,211774.4,4827,3,0.11,23292.25
Seattle,WA,Apartment,2,49.8,80.1,454.5,0.0,23300.8,988,1,0.11,2581.9
Seattle,WA,House,1,43.4,61.1,647.3,0.0,114050.4,2640,1,0.11,12547.72
Phoenix,AZ,Apartment,5,81.8,71.0,0.0,505.4,24209.3,1138,2,0.13,3140.1
Boston,MA,Condo,5,62.3,41.8,80.9,0.0,4376.8,806,1,0.21,928.99
Denver,CO,House,2,48.9,66.5,483.2,0.0,78713.1,2416,3,0.132,10376.23
Phoenix,AZ,Large House,5,81.2,68.7,0.0,485.8,130926.4,4297,4,0.13,17011.25
Miami,FL,Large House,4,71.8,64.4,0.0,202.6,45373.2,3370,3,0.11,4976.51
Seattle,WA,Condo,4,62.8,56.6,65.0,0.0,4918.7,1068,1,0.1,499.77
Boston,MA,Apartment,9,72.5,39.9,0.0,225.1,8287.6,835,1,0.21,1729.78
Miami,FL,Townhouse,5,79.6,77.3,0.0,436.8,30922.4,1403,2,0.11,3402.37
New York,NY,Apartment,2,31.8,66.1,996.8,0.0,41681.1,820,1,0.198,8259.74
Miami,FL,Apartment,4,80.8,78.4,0.0,474.8,22653.2,1137,2,0.11,2508.08
Houston,TX,House,6,90.6,66.6,0.0,767.4,62904.3,1528,3,0.144,9056.74
Chicago,IL,Townhouse,3,39.2,46.7,773.9,0.0,90215.6,1897,3,0.14,12615.97
Houston,TX,Large House,6,87.8,64.6,0.0,684.8,196797.3,4633,6,0.144,28356.54
Chicago,IL,Large House,1,31.9,52.4,994.1,0.0,303598.1,4005,2,0.154,46762.48
Miami,FL,Townhouse,12,69.0,48.3,0.0,119.7,11758.4,1735,1,0.121,1427.29
Phoenix,AZ,Apartment,8,91.2,41.2,0.0,785.8,38665.0,1195,1,0.156,6032.6
Chicago,IL,Large House,4,56.5,31.4,255.3,0.0,98048.6,4776,6,0.14,13736.92
Miami,FL,Large House,8,89.8,61.4,0.0,744.2,205771.0,4482,2,0.132,27163.32
Chicago,IL,House,3,46.4,69.9,558.9,0.0,114211.5,3047,2,0.14,16009.35
Miami,FL,Apartment,2,62.0,38.1,90.6,0.0,3311.9,586,1,0.121,410.63
Houston,TX,Townhouse,2,69.4,56.6,0.0,131.2,15312.2,2049,3,0.132,2031.49
Denver,CO,Large House,12,44.1,59.3,626.5,0.0,211765.2,4383,4,0.132,27950.59
Atlanta,GA,Large House,9,70.3,81.7,0.0,157.5,42437.6,3967,1,0.13,5530.86
Houston,TX,Large House,3,70.5,89.8,0.0,165.2,46431.0,4105,5,0.12,5579.9
Houston,TX,Large House,7,91.5,74.9,0.0,795.9,227657.3,4640,3,0.144,32793.03
Boston,MA,House,5,63.3,39.5,50.3,0.0,13944.5,3151,3,0.21,2923.68
Chicago,IL,Condo,1,30.8,76.3,1024.5,0.0,77663.9,1354,1,0.154,11967.31
Chicago,IL,Large House,10,55.9,42.6,274.0,0.0,96665.9,4407,6,0.14,13516.23
Seattle,WA,Apartment,12,48.1,45.8,508.4,0.0,24715.8,942,1,0.11,2736.78
Denver,CO,Condo,9,71.2,34.2,0.0,184.9,13896.5,1537,1,0.12,1670.87
Seattle,WA,Apartment,5,64.1,72.1,27.9,0.0,1672.9,689,1,0.1,151.52
New York,NY,Condo,7,80.3,51.6,0.0,460.2,31104.1,1466,1,0.216,6724.54
Seattle,WA,Condo,6,72.9,53.0,0.0,236.0,16299.8,1441,1,0.12,1941.58
Miami,FL,Condo,9,88.8,86.6,0.0,713.2,43450.1,1341,1,0.11,4789.9
Denver,CO,House,1,40.9,83.8,722.5,0.0,123723.7,2575,1,0.132,16322.83
Chicago,IL,Condo,12,30.4,88.4,1036.7,0.0,70108.5,1209,1,0.154,10797.01
Miami,FL,Large House,11,68.6,76.2,0.0,108.3,31458.5,4035,3,0.11,3473.74
Chicago,IL,Apartment,4,57.6,72.8,222.3,0.0,8166.5,677,1,0.14,1143.14
Seattle,WA,Condo,9,72.8,34.4,0.0,232.7,17919.9,1600,1,0.1,1799.35
Denver,CO,Apartment,5,66.0,32.8,0.0,29.5,1580.3,738,1,0.12,188.4
Boston,MA,Townhouse,7,81.9,40.6,0.0,506.1,43909.5,1724,3,0.252,11067.43
New York,NY,Apartment,9,68.6,65.9,0.0,108.8,5206.9,983,1,0.18,944.95
Houston,TX,Apartment,2,63.6,71.5,43.0,0.0,2016.3,663,1,0.132,246.45
New York,NY,Condo,11,41.3,59.4,710.1,0.0,40648.2,1017,1,0.18,7328.14
New York,NY,Townhouse,3,45.7,59.6,579.4,0.0,68673.2,1920,1,0.18,12362.95
Los Angeles,CA,Apartment,9,65.2,43.1,0.0,7.3,1070.7,825,1,0.22,220.22
Miami,FL,Condo,8,86.9,83.3,0.0,656.8,28947.4,971,1,0.132,3824.05
Houston,TX,Apartment,1,61.6,69.5,102.1,0.0,3100.7,519,1,0.132,402.25
Houston,TX,House,11,67.9,69.1,0.0,88.5,10464.9,1847,1,0.12,1262.29
New York,NY,Condo,1,31.3,48.7,1010.2,0.0,77860.4,1379,1,0.198,15433.0
Phoenix,AZ,House,10,83.7,44.2,0.0,559.6,69218.8,2293,1,0.13,9015.87
Boston,MA,Condo,8,78.3,46.9,0.0,399.8,17753.4,960,1,0.252,4482.37
Denver,CO,Apartment,7,72.3,87.6,0.0,218.6,6839.4,709,1,0.144,969.35
Seattle,WA,Condo,7,79.7,32.1,0.0,442.2,19195.2,935,1,0.12,2306.47
Seattle,WA,Apartment,8,77.8,51.8,0.0,383.5,12121.3,750,1,0.12,1463.72
Miami,FL,Apartment,4,71.3,53.7,0.0,188.8,6104.0,726,1,0.11,686.04
Atlanta,GA,Condo,5,62.1,68.3,87.2,0.0,4590.2,800,1,0.13,599.41
Seattle,WA,House,6,71.6,43.3,0.0,199.0,22761.6,1989,1,0.12,2737.83
Denver,CO,Townhouse,8,71.2,36.1,0.0,186.4,14785.3,1484,1,0.144,2129.25
New York,NY,Apartment,9,67.9,70.9,0.0,87.6,3560.9,805,1,0.18,622.71
Phoenix,AZ,House,9,83.2,53.5,0.0,546.4,58988.8,1993,3,0.13,7681.75
New York,NY,Condo,10,60.7,51.6,129.8,0.0,8773.0,1061,2,0.18,1588.19
Phoenix,AZ,House,12,59.6,60.1,162.4,0.0,24525.5,2088,2,0.143,3523.74
New York,NY,Condo,4,49.9,88.7,451.5,0.0,25050.5,973,1,0.18,4509.99
Atlanta,GA,Apartment,7,78.5,75.9,0.0,405.5,8788.6,516,1,0.156,1389.79
Los Angeles,CA,Large House,3,51.7,51.3,398.1,0.0,118446.9,3798,4,0.22,26054.36
Seattle,WA,Condo,11,58.9,74.0,182.5,0.0,10495.5,948,1,0.1,1043.39
Denver,CO,Large House,11,49.1,83.3,477.0,0.0,148950.6,4022,2,0.12,17892.86
Denver,CO,House,2,51.3,53.0,411.5,0.0,92470.2,3322,1,0.132,12195.16
Boston,MA,House,5,62.9,38.6,62.6,0.0,8936.5,1681,2,0.21,1891.09
Boston,MA,Apartment,11,49.4,50.2,468.7,0.0,26674.5,1096,2,0.21,5593.51
Atlanta,GA,Townhouse,6,66.5,67.7,0.0,44.9,3985.8,1215,1,0.156,640.99
Atlanta,GA,Townhouse,5,68.7,55.5,0.0,112.2,10867.6,1681,1,0.13,1398.19
Boston,MA,Condo,10,56.1,35.6,266.2,0.0,16650.2,1060,1,0.21,3500.94
Atlanta,GA,Large House,3,47.6,61.3,523.0,0.0,143263.2,3534,3,0.13,18621.44
Phoenix,AZ,House,1,61.2,56.4,114.5,0.0,15388.5,1808,1,0.143,2182.93
Seattle,WA,Apartment,3,48.7,49.4,489.1,0.0,17279.4,677,1,0.1,1734.37
Los Angeles,CA,Condo,5,63.5,41.2,45.0,0.0,5278.4,1560,1,0.22,1142.37
Atlanta,GA,Townhouse,5,63.9,46.0,32.5,0.0,6272.4,2148,1,0.13,810.94
Boston,MA,Large House,1,25.7,39.9,1179.6,0.0,334052.2,3718,5,0.231,77153.58
Houston,TX,Condo,10,81.2,84.2,0.0,485.5,34824.9,1560,2,0.12,4195.68
Denver,CO,Condo,10,61.3,36.5,109.8,0.0,8812.2,1233,2,0.12,1068.72
Seattle,WA,Townhouse,7,78.4,90.0,0.0,401.0,30205.0,1484,2,0.12,3623.14
Miami,FL,House,3,70.6,85.3,0.0,166.5,21156.9,2177,1,0.11,2334.48
Phoenix,AZ,Condo,10,78.6,83.0,0.0,406.9,26367.7,1394,1,0.13,3430.96
Chicago,IL,Large House,7,75.4,50.7,0.0,313.3,65005.9,3245,1,0.168,10934.3
Phoenix,AZ,Condo,9,85.2,50.0,0.0,606.7,41153.9,1492,1,0.13,5337.43
Denver,CO,House,6,67.2,75.8,0.0,65.3,14798.2,3205,5,0.144,2144.52
Denver,CO,Apartment,6,74.1,76.3,0.0,272.8,8257.5,690,1,0.144,1203.09
Miami,FL,Condo,1,59.2,30.9,174.2,0.0,13257.6,1243,2,0.121,1593.17
New York,NY,Condo,9,64.2,74.3,24.4,0.0,3225.1,1339,2,0.18,579.07
Seattle,WA,Large House,3,55.7,64.9,278.7,0.0,98734.0,4425,6,0.1,9882.78
Miami,FL,Apartment,8,86.4,51.2,0.0,640.5,16028.3,603,1,0.132,2134.6
Phoenix,AZ,Townhouse,12,67.5,65.5,0.0,74.9,6977.5,1484,1,0.143,982.43
Phoenix,AZ,Condo,9,86.7,63.1,0.0,651.2,37542.7,1265,2,0.13,4865.2
Miami,FL,Townhouse,7,93.1,66.0,0.0,842.5,70900.9,1707,2,0.132,9345.46
Seattle,WA,Condo,12,43.6,58.6,640.8,0.0,44041.2,1218,1,0.11,4835.11
Houston,TX,House,1,65.6,66.9,0.0,18.5,4189.6,1890,3,0.132,572.56
Miami,FL,House,7,93.8,88.5,0.0,865.0,141567.5,3066,3,0.132,18677.53
Houston,TX,Townhouse,4,75.0,69.1,0.0,299.2,18891.0,1221,2,0.12,2284.9
Denver,CO,House,7,75.5,68.5,0.0,314.2,55744.3,3160,6,0.144,8008.51
Miami,FL,Apartment,10,82.9,39.6,0.0,537.7,13550.7,605,1,0.11,1505.21
Seattle,WA,Condo,8,73.6,62.0,0.0,258.7,12975.3,1056,1,0.12,1575.83
Denver,CO,Townhouse,4,54.9,81.6,303.5,0.0,28753.4,1494,1,0.12,3435.18
Seattle,WA,Large House,3,47.7,74.4,520.4,0.0,154868.2,3847,1,0.1,15482.09
Chicago,IL,Apartment,8,76.6,58.9,0.0,348.4,10605.5,709,1,0.168,1770.87
Miami,FL,Townhouse,2,69.3,77.6,0.0,129.5,10895.8,1487,2,0.121,1310.6
Houston,TX,Apartment,11,71.1,49.6,0.0,183.6,4920.6,600,1,0.12,586.57
Boston,MA,Apartment,1,25.2,41.7,1192.9,0.0,64076.9,1058,2,0.231,14803.64
Miami,FL,House,9,86.0,84.1,0.0,631.4,101850.5,3006,1,0.11,11204.74
New York,NY,Townhouse,2,33.2,75.1,953.8,0.0,100472.8,1720,3,0.198,19884.86
Seattle,WA,Condo,9,69.3,58.0,0.0,129.7,8880.4,1339,1,0.1,883.14
Denver,CO,House,4,61.3,34.7,109.7,0.0,25557.3,3064,4,0.12,3074.46
Denver,CO,Apartment,4,60.6,65.4,131.1,0.0,7114.1,962,1,0.12,863.47
New York,NY,Townhouse,6,69.0,83.9,0.0,121.0,8286.3,1206,1,0.216,1799.38
Phoenix,AZ,Large House,2,64.0,59.4,29.4,0.0,14894.2,4340,1,0.143,2117.27
Boston,MA,Condo,9,69.5,35.7,0.0,136.5,10672.4,1507,2,0.21,2258.24
Boston,MA,Condo,12,36.1,76.9,867.1,0.0,46898.6,965,1,0.231,10816.58
Miami,FL,Condo,11,69.7,60.2,0.0,139.5,9836.7,1393,1,0.11,1099.34
Los Angeles,CA,Condo,7,74.1,69.1,0.0,272.4,16759.9,1298,1,0.264,4417.06
Boston,MA,Large House,8,73.5,59.6,0.0,256.4,63611.3,3826,1,0.252,16010.61
Chicago,IL,House,12,33.3,34.3,950.8,0.0,182845.9,2904,3,0.154,28139.48
Atlanta,GA,Apartment,7,71.7,60.6,0.0,202.1,8861.2,992,1,0.156,1386.73
Houston,TX,Large House,11,75.1,64.0,0.0,301.7,79795.4,4106,3,0.12,9595.27
Denver,CO,Condo,3,49.7,64.3,457.8,0.0,32844.4,1258,1,0.12,3933.99
Seattle,WA,Large House,9,67.4,88.0,0.0,72.9,25276.6,4493,2,0.1,2525.21
Phoenix,AZ,Large House,7,87.9,55.9,0.0,685.6,136589.5,3203,6,0.156,21321.22
Chicago,IL,Condo,1,28.0,31.8,1110.5,0.0,93874.5,1511,2,0.154,14447.85
Boston,MA,Apartment,2,35.5,63.7,885.4,0.0,35487.8,783,1,0.231,8187.89
Boston,MA,Apartment,3,44.6,37.7,612.8,0.0,17024.8,538,1,0.21,3567.52
Miami,FL,House,3,70.4,88.5,0.0,163.4,18723.6,1938,2,0.11,2042.4
Houston,TX,Condo,8,86.3,55.0,0.0,637.6,37018.3,1270,2,0.144,5335.09
Miami,FL,Apartment,12,64.6,81.6,12.8,0.0,1082.7,745,1,0.121,125.39
Boston,MA,Townhouse,2,32.9,45.1,961.9,0.0,112486.0,1914,2,0.231,25999.78
Seattle,WA,Condo,11,56.4,80.0,257.6,0.0,16033.7,1052,2,0.1,1586.8
Denver,CO,Townhouse,6,70.8,58.9,0.0,174.6,13556.1,1426,2,0.144,1953.07
Atlanta,GA,Condo,12,51.6,60.3,400.6,0.0,32833.9,1424,2,0.143,4696.68
Denver,CO,Condo,8,74.4,63.9,0.0,282.4,14762.7,1098,2,0.144,2136.17
Seattle,WA,Apartment,5,61.7,30.3,99.9,0.0,3738.7,633,1,0.1,387.76
Boston,MA,Apartment,3,45.1,40.4,596.4,0.0,19142.7,623,1,0.21,4038.36
Denver,CO,Large House,2,50.6,73.4,432.3,0.0,164431.5,4870,4,0.132,21702.48
Seattle,WA,Condo,3,47.0,80.0,539.2,0.0,43066.2,1403,2,0.1,4319.4
New York,NY,Townhouse,4,49.9,39.4,453.0,0.0,48155.6,1702,2,0.18,8680.89
New York,NY,Large House,12,31.2,37.2,1014.3,0.0,291615.8,3768,3,0.198,57750.99
Los Angeles,CA,Large House,10,65.7,80.9,0.0,20.0,9669.2,3947,1,0.22,2115.49
Houston,TX,Apartment,4,71.3,70.6,0.0,189.7,5442.9,630,1,0.12,656.67
Chicago,IL,Townhouse,1,26.7,51.9,1148.0,0.0,88687.8,1267,2,0.154,13649.97
Seattle,WA,Condo,11,58.7,71.1,188.2,0.0,10837.1,952,1,0.1,1090.5
New York,NY,Townhouse,7,83.9,58.7,0.0,567.2,35759.7,1260,2,0.216,7729.12
Phoenix,AZ,Apartment,1,57.1,31.7,238.0,0.0,13966.4,1085,2,0.143,1992.38
Los Angeles,CA,House,11,55.6,41.6,282.0,0.0,63270.1,3264,1,0.22,13914.56
New York,NY,Condo,5,63.8,57.8,37.0,0.0,3439.8,1098,2,0.18,619.57
Phoenix,AZ,Condo,4,80.0,79.0,0.0,448.8,32934.3,1577,3,0.13,4300.46
Miami,FL,House,6,85.6,77.1,0.0,618.9,107802.2,3234,3,0.132,14217.52
Chicago,IL,House,1,25.4,61.5,1189.4,0.0,177493.9,2263,2,0.154,27339.25
Atlanta,GA,Large House,7,73.8,33.0,0.0,263.1,72079.6,4205,4,0.156,11258.61
Los Angeles,CA,Large House,8,74.2,32.2,0.0,275.3,80994.9,4551,3,0.264,21388.23
Houston,TX,House,4,76.3,45.6,0.0,337.9,63965.8,3420,3,0.12,7687.98
Seattle,WA,Apartment,10,63.1,82.0,56.3,0.0,2726.9,746,1,0.1,282.39
Atlanta,GA,Condo,1,42.9,86.6,661.7,0.0,52876.7,1415,2,0.143,7547.9
Houston,TX,Townhouse,12,67.3,66.4,0.0,69.4,6830.6,1531,2,0.132,918.43
Boston,MA,Condo,6,76.8,81.2,0.0,354.5,20169.4,1210,2,0.252,5067.93
Houston,TX,Apartment,7,96.4,50.9,0.0,942.3,44671.5,1156,1,0.144,6451.71
Boston,MA,Apartment,11,41.1,77.3,717.3,0.0,44042.1,1197,2,0.21,9238.29
Boston,MA,House,8,82.0,66.4,0.0,509.0,95599.1,3454,4,0.252,24097.23
Houston,TX,Condo,12,67.7,53.0,0.0,81.1,4212.2,935,1,0.132,539.19
Seattle,WA,House,6,71.8,37.1,0.0,204.8,25834.7,2172,4,0.12,3113.66
Phoenix,AZ,Townhouse,5,86.2,62.3,0.0,636.8,59601.4,1886,1,0.13,7755.69
Phoenix,AZ,Condo,9,83.4,80.4,0.0,551.5,39394.5,1554,3,0.13,5124.14
Los Angeles,CA,Condo,11,53.9,76.0,333.9,0.0,23261.7,1197,2,0.22,5131.23
Atlanta,GA,Large House,7,75.2,58.7,0.0,305.8,82883.7,4233,1,0.156,12932.44
Los Angeles,CA,Townhouse,2,45.4,65.0,588.2,0.0,63922.2,1752,3,0.242,15485.13
Phoenix,AZ,Large House,1,64.9,45.6,3.0,0.0,6688.9,4406,3,0.143,954.84
Boston,MA,Condo,6,72.4,39.0,0.0,223.1,12071.9,1107,2,0.252,3024.68
Atlanta,GA,Townhouse,5,60.6,58.5,131.1,0.0,15185.9,1671,3,0.13,1972.42
Los Angeles,CA,Large House,4,62.3,52.9,80.5,0.0,30826.5,4251,1,0.22,6779.78
Chicago,IL,Large House,1,27.1,87.0,1135.8,0.0,299976.1,3467,3,0.154,46180.92
New York,NY,Large House,11,45.3,58.8,589.5,0.0,196719.5,4324,3,0.18,35418.29
Miami,FL,Apartment,2,68.4,66.0,0.0,101.4,3409.9,695,1,0.121,405.49
Boston,MA,Large House,8,79.7,78.6,0.0,442.0,122913.6,4416,3,0.252,30957.91
Boston,MA,House,2,28.8,54.4,1085.6,0.0,183959.2,2562,4,0.231,42505.19
Denver,CO,House,2,51.0,75.9,421.3,0.0,66360.0,2326,2,0.132,8771.17
Los Angeles,CA,Condo,1,47.4,54.6,526.7,0.0,29980.6,1002,1,0.242,7268.08
Denver,CO,House,5,61.5,53.8,104.1,0.0,12595.0,1555,3,0.12,1502.48
Boston,MA,House,1,25.2,47.8,1192.5,0.0,243367.2,3092,3,0.231,56229.94
Phoenix,AZ,Large House,11,67.0,36.5,0.0,61.0,18361.7,3689,3,0.13,2373.84
Denver,CO,Apartment,2,52.0,85.1,391.0,0.0,13870.0,680,1,0.132,1811.21
New York,NY,Large House,3,40.6,81.5,733.4,0.0,263432.9,4685,1,0.18,47409.47
Miami,FL,House,9,88.0,32.3,0.0,689.6,87997.8,2373,4,0.11,9666.53
Houston,TX,Condo,2,68.1,30.9,0.0,91.8,5590.9,1123,1,0.132,756.12
Miami,FL,House,6,90.0,38.7,0.0,748.6,102365.3,2552,3,0.132,13508.9
Los Angeles,CA,Condo,8,77.0,43.6,0.0,361.3,21298.2,1259,1,0.264,5620.16
Atlanta,GA,Townhouse,3,52.5,45.4,374.6,0.0,28674.3,1220,1,0.13,3723.41
Seattle,WA,Apartment,7,78.8,80.5,0.0,415.3,20797.2,1184,1,0.12,2506.51
New York,NY,House,5,62.1,62.1,85.9,0.0,10854.3,1633,1,0.18,1959.81
Boston,MA,Condo,11,43.7,38.4,639.4,0.0,35532.4,984,1,0.21,7481.78
Miami,FL,Townhouse,5,77.6,79.1,0.0,379.1,31815.2,1639,3,0.11,3488.49
Denver,CO,Townhouse,12,48.8,56.1,487.4,0.0,49158.8,1621,2,0.132,6471.03
Atlanta,GA,Large House,10,66.9,83.9,0.0,55.7,16056.7,3354,6,0.13,2079.38
Houston,TX,Townhouse,4,73.6,40.8,0.0,258.6,21077.0,1547,3,0.12,2547.8
Seattle,WA,Condo,9,73.1,68.8,0.0,241.8,17315.8,1484,2,0.1,1751.17
Los Angeles,CA,Condo,9,73.0,80.8,0.0,238.5,12567.9,1090,2,0.22,2775.53
New York,NY,House,11,45.0,74.1,599.1,0.0,82356.0,2059,1,0.18,14832.03
Denver,CO,Condo,11,56.6,70.3,252.5,0.0,15817.3,1066,1,0.12,1888.86
Miami,FL,Apartment,3,71.2,69.7,0.0,185.0,4722.0,560,1,0.11,503.76
Atlanta,GA,Townhouse,10,63.4,39.3,48.2,0.0,6485.9,1665,1,0.13,823.21
Los Angeles,CA,Townhouse,9,68.1,88.0,0.0,92.8,8268.0,1479,2,0.22,1808.97
Chicago,IL,Large House,1,25.5,31.0,1183.7,0.0,397103.4,4408,3,0.154,61140.52
Houston,TX,Apartment,10,84.6,63.6,0.0,586.8,20993.6,863,1,0.12,2534.46
Miami,FL,Condo,10,77.4,46.3,0.0,372.0,14419.2,827,1,0.11,1591.41
Chicago,IL,Large House,3,38.4,83.6,797.3,0.0,293562.0,4802,4,0.14,41109.43
Miami,FL,Townhouse,12,67.9,48.1,0.0,86.4,8247.7,1591,1,0.121,993.36
Miami,FL,House,9,90.3,78.6,0.0,760.3,118595.8,2916,2,0.11,13049.64
Phoenix,AZ,Condo,2,60.8,62.4,126.2,0.0,6601.6,830,1,0.143,954.5
Denver,CO,House,9,72.9,61.8,0.0,235.6,45328.7,3386,2,0.12,5446.6
Atlanta,GA,Townhouse,8,75.0,61.1,0.0,301.2,21360.4,1384,1,0.156,3346.37
Denver,CO,Large House,9,71.3,65.3,0.0,189.3,49302.6,3885,3,0.12,5917.21
Seattle,WA,Apartment,8,77.7,39.4,0.0,380.7,12871.3,799,1,0.12,1554.41
Boston,MA,Apartment,4,50.0,62.1,450.2,0.0,15511.7,660,1,0.21,3255.34
Denver,CO,House,6,71.5,31.9,0.0,195.6,18359.4,1609,3,0.144,2643.18
Chicago,IL,Apartment,5,68.9,88.9,0.0,116.0,4986.6,909,1,0.14,678.96
Seattle,WA,Townhouse,9,75.0,41.4,0.0,298.7,22461.0,1457,2,0.1,2232.06
Phoenix,AZ,Townhouse,1,59.4,36.1,169.3,0.0,21343.5,1898,2,0.143,3068.48
Atlanta,GA,Apartment,2,43.6,41.8,642.6,0.0,18817.3,569,1,0.143,2707.27
Atlanta,GA,Apartment,12,51.3,83.6,411.7,0.0,19346.6,904,1,0.143,2772.11
Seattle,WA,House,11,53.8,89.5,335.0,0.0,54227.3,2360,3,0.1,5425.66
Miami,FL,Condo,8,89.7,89.3,0.0,740.0,38684.0,1149,2,0.132,5108.04
Los Angeles,CA,Condo,1,40.8,53.2,727.4,0.0,60120.7,1467,1,0.242,14550.21
Chicago,IL,Apartment,6,69.6,87.3,0.0,137.8,4238.2,662,1,0.168,724.32
Seattle,WA,House,12,44.1,32.3,626.8,0.0,122528.8,2924,3,0.11,13490.28
Chicago,IL,Large House,11,44.0,38.4,630.7,0.0,168901.2,3481,1,0.14,23665.82
Seattle,WA,Townhouse,5,59.4,32.9,168.6,0.0,18757.6,1685,1,0.1,1872.96
Houston,TX,House,8,94.9,39.9,0.0,895.7,123541.8,2582,5,0.144,17791.75
New York,NY,Apartment,8,77.0,45.4,0.0,361.1,10247.1,664,1,0.216,2231.13
Denver,CO,Apartment,12,46.6,74.1,553.2,0.0,17427.8,607,1,0.132,2291.32
Seattle,WA,Townhouse,9,69.5,51.9,0.0,136.4,14098.5,1844,2,0.1,1425.31
Houston,TX,House,11,72.3,75.0,0.0,220.0,30971.5,2444,3,0.12,3727.31
Atlanta,GA,Apartment,1,47.4,86.5,527.3,0.0,29906.7,1097,1,0.143,4278.25
Seattle,WA,Townhouse,3,52.4,47.3,378.6,0.0,33854.0,1422,1,0.1,3373.14
Houston,TX,Apartment,5,77.3,57.8,0.0,367.8,17473.5,1126,1,0.12,2077.76
Seattle,WA,House,6,70.5,42.1,0.0,164.0,21395.4,2191,3,0.12,2572.09
Phoenix,AZ,Apartment,7,90.4,36.2,0.0,762.4,22548.8,715,1,0.156,3503.26
Houston,TX,Apartment,4,71.9,78.1,0.0,206.9,7813.9,857,1,0.12,933.19
Houston,TX,Condo,1,64.8,74.9,5.2,0.0,1641.6,1357,1,0.132,234.02
New York,NY,Large House,12,32.3,71.7,981.2,0.0,304103.6,4055,6,0.198,60223.38
Denver,CO,Apartment,5,59.6,88.9,162.0,0.0,7353.2,811,1,0.12,893.54
Boston,MA,Condo,2,31.5,72.1,1006.4,0.0,50836.2,902,1,0.231,11723.2
Denver,CO,Apartment,11,58.0,88.5,209.9,0.0,11071.4,964,1,0.12,1313.72
Miami,FL,Condo,7,95.3,57.1,0.0,908.4,52926.9,1295,1,0.132,6984.43
New York,NY,House,9,66.7,89.5,0.0,52.2,9375.0,2340,4,0.18,1671.53
Boston,MA,Condo,6,73.3,64.2,0.0,248.3,16934.7,1421,2,0.252,4266.21
Chicago,IL,Townhouse,3,41.4,52.8,706.7,0.0,66385.7,1525,2,0.14,9296.78
Boston,MA,House,4,52.7,53.3,367.8,0.0,72905.9,2893,5,0.21,15291.6
Chicago,IL,Condo,11,41.0,70.6,720.0,0.0,52276.3,1291,1,0.14,7323.28
New York,NY,House,11,43.5,89.7,644.7,0.0,135748.2,3160,1,0.18,24439.08
Seattle,WA,Condo,3,53.5,59.3,344.8,0.0,20510.7,1028,1,0.1,2044.54
Atlanta,GA,House,2,46.6,87.9,551.6,0.0,108505.7,2937,1,0.143,15524.52
Houston,TX,Condo,9,82.9,37.5,0.0,537.5,39322.3,1592,2,0.12,4726.01
Atlanta,GA,Apartment,7,73.2,71.7,0.0,246.3,7420.2,689,1,0.156,1139.7
Houston,TX,Apartment,10,78.5,35.0,0.0,405.4,17920.5,1047,1,0.12,2140.98
Houston,TX,Townhouse,10,77.5,56.1,0.0,374.9,26860.4,1409,2,0.12,3243.09
Denver,CO,House,8,71.8,38.7,0.0,205.3,32677.3,2760,2,0.144,4695.95
Seattle,WA,House,7,78.0,59.4,0.0,390.2,38378.1,1795,1,0.12,4586.2
Seattle,WA,Townhouse,8,75.0,42.1,0.0,300.8,23319.8,1508,1,0.12,2787.83
Phoenix,AZ,Large House,8,93.2,68.3,0.0,845.8,159150.7,3049,5,0.156,24820.93
Seattle,WA,Condo,9,65.4,48.7,0.0,12.2,2441.9,1526,3,0.1,255.78
Seattle,WA,Condo,8,71.2,81.7,0.0,187.0,11777.1,1288,1,0.12,1414.09
Chicago,IL,Large House,8,74.2,30.4,0.0,276.9,68437.7,3805,4,0.168,11502.45
Phoenix,AZ,Townhouse,8,93.2,81.0,0.0,844.5,68012.4,1635,2,0.156,10605.97
Atlanta,GA,House,9,74.4,36.9,0.0,282.0,49628.8,3134,3,0.13,6434.41
Miami,FL,Apartment,8,89.7,69.4,0.0,741.5,18583.8,606,1,0.132,2444.95
Phoenix,AZ,House,1,57.1,31.4,237.9,0.0,49245.9,2957,3,0.143,7039.75
Miami,FL,Large House,1,61.2,62.1,114.1,0.0,39569.8,3992,4,0.121,4772.55
Denver,CO,Condo,2,47.4,59.7,529.3,0.0,29645.6,983,1,0.132,3901.08
Atlanta,GA,Townhouse,9,74.2,51.7,0.0,276.0,19687.7,1380,1,0.13,2577.54
Denver,CO,Large House,2,49.6,82.8,461.0,0.0,135868.0,3792,1,0.132,17926.94
Boston,MA,House,12,31.1,36.4,1016.6,0.0,215051.7,3199,3,0.231,49661.08
Atlanta,GA,Apartment,1,42.9,76.6,662.1,0.0,39809.6,1169,1,0.143,5695.49
Los Angeles,CA,Condo,10,66.4,48.8,0.0,42.2,3667.0,1318,1,0.22,809.14
New York,NY,Apartment,3,37.7,83.2,818.0,0.0,40601.0,969,1,0.18,7316.07
Miami,FL,House,11,67.9,80.0,0.0,88.4,14533.9,2527,3,0.11,1602.35
Boston,MA,Townhouse,5,69.1,45.1,0.0,123.0,12105.7,1699,3,0.21,2522.27
Houston,TX,Apartment,9,83.7,68.1,0.0,560.0,25900.0,1109,1,0.12,3098.46
Los Angeles,CA,Large House,10,60.3,74.9,142.3,0.0,54679.7,4564,4,0.22,12037.32
Houston,TX,House,7,88.3,55.0,0.0,698.0,75588.4,2015,3,0.144,10882.83
Chicago,IL,Large House,1,25.4,82.7,1188.6,0.0,443134.9,4902,2,0.154,68229.92
Seattle,WA,Apartment,1,43.7,62.6,640.5,0.0,35157.2,1067,1,0.11,3852.1
Denver,CO,Large House,9,72.0,30.0,0.0,209.7,41834.7,3027,1,0.12,5007.97
Denver,CO,Condo,9,71.3,77.2,0.0,188.9,11335.6,1206,2,0.12,1365.36
New York,NY,Condo,1,23.6,81.5,1241.6,0.0,87518.3,1265,1,0.198,17339.17
Atlanta,GA,Condo,3,50.8,68.9,426.5,0.0,24707.9,1009,2,0.13,3206.67
Los Angeles,CA,Townhouse,12,46.5,80.3,556.4,0.0,43738.2,1269,1,0.242,10569.71
Chicago,IL,Large House,11,45.9,80.9,571.7,0.0,148247.9,3341,6,0.14,20761.2
Seattle,WA,Condo,6,69.1,40.0,0.0,121.9,8615.6,1350,1,0.12,1021.88
Atlanta,GA,Large House,8,71.7,49.4,0.0,200.8,58152.9,4320,6,0.156,9053.98
Chicago,IL,Condo,4,57.5,60.2,225.2,0.0,15708.7,1168,2,0.14,2217.88
Denver,CO,Condo,5,65.5,79.0,0.0,14.3,1853.7,1209,1,0.12,219.83
Atlanta,GA,Apartment,6,69.7,31.1,0.0,139.7,5416.6,828,1,0.156,848.48
Los Angeles,CA,Townhouse,12,48.7,33.4,489.2,0.0,54952.1,1799,3,0.242,13305.47
Atlanta,GA,Townhouse,2,48.7,67.6,490.1,0.0,49911.8,1638,2,0.143,7119.07
Boston,MA,Large House,9,71.3,35.8,0.0,189.2,54319.2,4259,6,0.21,11397.56
Denver,CO,Apartment,2,47.7,39.7,518.0,0.0,28760.5,1075,1,0.132,3807.71
Phoenix,AZ,Large House,12,64.9,32.6,3.9,0.0,6322.4,3990,3,0.143,918.86
Seattle,WA,Condo,9,74.7,50.8,0.0,291.0,22208.4,1598,3,0.1,2201.72
Boston,MA,Condo,1,26.6,78.1,1153.4,0.0,55143.5,857,1,0.231,12754.28
Phoenix,AZ,Condo,11,70.5,71.1,0.0,163.9,12227.7,1480,2,0.13,1594.27
Miami,FL,Townhouse,12,67.7,55.3,0.0,82.0,9821.7,1977,2,0.121,1195.93
Phoenix,AZ,House,10,75.0,50.4,0.0,300.4,50014.6,2992,1,0.13,6486.34
Houston,TX,House,3,67.9,68.7,0.0,88.0,11862.1,2059,2,0.12,1434.84
New York,NY,Apartment,3,42.7,32.4,668.4,0.0,29367.0,853,1,0.18,5283.99
Chicago,IL,Townhouse,12,28.5,86.3,1094.8,0.0,98608.9,1475,2,0.154,15184.69
Boston,MA,Condo,5,64.8,57.5,4.7,0.0,1698.4,1345,2,0.21,372.58
New York,NY,Large House,4,50.3,62.2,440.4,0.0,126538.2,3682,4,0.18,22781.6
New York,NY,Apartment,12,30.7,57.6,1029.9,0.0,48602.5,927,1,0.198,9630.29
Denver,CO,Apartment,5,65.8,39.4,0.0,23.4,1108.6,637,1,0.12,144.27
Atlanta,GA,House,6,68.1,76.6,0.0,94.4,14736.9,2435,2,0.156,2301.16
Chicago,IL,Large House,8,81.6,51.6,0.0,497.3,117550.9,3774,3,0.168,19734.11
Denver,CO,House,9,73.8,51.6,0.0,263.0,32400.2,2163,4,0.12,3885.07
Seattle,WA,Townhouse,9,66.7,54.1,0.0,50.3,6134.3,1688,3,0.1,613.83
Los Angeles,CA,Condo,1,41.8,51.1,697.3,0.0,33515.1,852,1,0.242,8101.25
Houston,TX,Condo,5,78.4,45.9,0.0,400.9,23485.7,1255,2,0.12,2818.64
Phoenix,AZ,House,1,63.9,48.7,33.2,0.0,6707.2,2087,1,0.143,965.78
Seattle,WA,Condo,4,57.3,84.6,231.8,0.0,17760.6,1293,1,0.1,1790.17
Denver,CO,Apartment,10,59.0,68.7,180.7,0.0,9050.0,903,1,0.12,1080.56
Atlanta,GA,Townhouse,6,67.6,64.5,0.0,79.1,8777.2,1777,2,0.156,1375.85
Houston,TX,Condo,5,85.5,83.4,0.0,614.1,24652.0,878,1,0.12,2941.48
New York,NY,Apartment,12,35.0,57.6,900.9,0.0,40805.0,886,1,0.198,8067.14
New York,NY,Townhouse,9,72.7,61.2,0.0,229.8,22180.9,1838,1,0.18,3990.1
Phoenix,AZ,Condo,11,70.7,89.9,0.0,171.1,10461.3,1225,2,0.13,1365.41
Boston,MA,House,12,33.3,42.7,950.0,0.0,216782.4,3442,5,0.231,50059.98
Los Angeles,CA,Large House,11,52.8,88.1,365.1,0.0,114427.1,3984,4,0.22,25180.91
Denver,CO,Townhouse,4,59.3,39.8,169.7,0.0,14445.3,1283,2,0.12,1741.2
Atlanta,GA,Apartment,11,50.9,33.9,421.9,0.0,11758.7,528,1,0.13,1509.43
Miami,FL,House,5,86.1,89.7,0.0,632.0,55298.5,1627,1,0.11,6100.01
Miami,FL,Large House,6,87.2,49.3,0.0,667.0,169665.6,4101,4,0.132,22409.45
Chicago,IL,House,9,64.3,61.1,19.6,0.0,4016.8,1685,1,0.14,550.74
Denver,CO,Condo,6,67.1,74.2,0.0,62.7,5351.2,1395,2,0.144,790.13
Miami,FL,Large House,12,60.8,52.2,127.1,0.0,36281.2,3353,2,0.121,4408.61
Chicago,IL,Townhouse,6,69.8,36.1,0.0,143.3,12175.7,1526,2,0.168,2032.69
Boston,MA,Townhouse,4,58.1,47.0,206.9,0.0,20639.2,1540,1,0.21,4347.1
Houston,TX,Condo,8,87.5,36.0,0.0,676.2,46528.4,1517,1,0.144,6716.2
New York,NY,Condo,9,64.4,52.8,16.7,0.0,2970.1,1561,1,0.18,548.75
Seattle,WA,Condo,5,61.1,70.8,117.7,0.0,7952.9,1080,1,0.1,801.27
Seattle,WA,Condo,4,57.0,34.4,240.6,0.0,21946.8,1541,2,0.1,2181.85
Denver,CO,House,1,43.3,35.7,650.8,0.0,137345.0,3162,2,0.132,18144.57
Phoenix,AZ,Condo,6,84.3,41.9,0.0,579.2,23736.0,897,1,0.156,3703.1
New York,NY,Townhouse,12,31.1,51.8,1016.4,0.0,121872.2,1962,3,0.198,24136.03
Chicago,IL,Condo,6,70.5,40.1,0.0,166.1,9086.6,1094,2,0.168,1519.34
Miami,FL,Condo,1,65.9,87.7,0.0,28.5,3692.0,1582,2,0.121,451.24
New York,NY,Townhouse,6,78.1,38.1,0.0,393.8,37497.3,1871,3,0.216,8104.8
Houston,TX,Townhouse,1,57.4,52.4,229.3,0.0,25535.1,1718,2,0.132,3386.74
Houston,TX,Condo,6,87.0,60.5,0.0,660.6,35392.7,1174,2,0.144,5079.08
Chicago,IL,Large House,5,66.1,76.7,0.0,33.8,15767.3,4808,2,0.14,2219.03
Atlanta,GA,Large House,1,47.2,59.3,535.0,0.0,128201.4,3089,3,0.143,18345.82
Houston,TX,Large House,1,66.7,88.2,0.0,52.1,17783.4,3943,5,0.132,2342.94
Atlanta,GA,Townhouse,1,44.6,84.5,613.2,0.0,57189.8,1511,2,0.143,8176.35
Miami,FL,Apartment,6,86.5,49.4,0.0,644.1,24611.2,922,1,0.132,3253.15
New York,NY,House,6,77.7,59.8,0.0,380.3,54588.2,2595,4,0.216,11799.53
Chicago,IL,Condo,4,50.8,45.1,425.5,0.0,23640.3,973,1,0.14,3305.61
Los Angeles,CA,Large House,2,51.3,81.2,412.0,0.0,153458.9,4776,1,0.242,37150.89
Houston,TX,House,4,78.6,77.8,0.0,408.5,48983.1,2196,1,0.12,5870.03
Chicago,IL,Apartment,3,38.1,78.9,807.4,0.0,43781.2,1060,2,0.14,6131.51
Los Angeles,CA,Townhouse,1,46.4,85.8,559.2,0.0,66756.2,1932,1,0.242,16140.83
Atlanta,GA,Condo,3,47.2,43.9,533.3,0.0,33087.2,1094,1,0.13,4309.44
New York,NY,Apartment,2,31.5,86.3,1005.7,0.0,35539.1,695,1,0.198,7043.12
Chicago,IL,Townhouse,11,40.6,65.2,731.6,0.0,64874.2,1441,2,0.14,9066.22
Houston,TX,Townhouse,4,77.0,88.4,0.0,361.2,36222.4,1977,1,0.12,4364.33
Seattle,WA,Condo,10,61.1,59.3,117.6,0.0,8184.3,1087,2,0.1,800.67
Denver,CO,Large House,8,78.3,42.9,0.0,400.2,99944.4,3938,5,0.144,14383.0
Denver,CO,Condo,1,40.4,33.2,738.1,0.0,60597.2,1457,2,0.132,8016.02
Seattle,WA,Apartment,3,56.1,73.3,267.0,0.0,14161.8,996,1,0.1,1414.98
Chicago,IL,House,2,31.3,65.3,1011.2,0.0,167339.2,2503,2,0.154,25782.7
Denver,CO,Large House,8,77.6,41.7,0.0,379.5,107284.4,4449,4,0.144,15436.25
Phoenix,AZ,Condo,9,84.8,40.0,0.0,593.8,25942.3,959,1,0.13,3359.94
Chicago,IL,Large House,4,56.2,35.0,263.8,0.0,72157.9,3403,5,0.14,10119.21
Chicago,IL,Condo,4,52.8,59.1,364.6,0.0,23981.6,1145,1,0.14,3360.66
Phoenix,AZ,Apartment,12,62.0,40.3,90.2,0.0,3243.4,598,1,0.143,450.22
Atlanta,GA,Condo,5,63.4,31.6,47.2,0.0,4345.7,1178,2,0.13,570.74
Houston,TX,Large House,12,65.4,32.1,0.0,13.2,7790.4,3464,6,0.132,1014.58
Atlanta,GA,Condo,4,55.8,51.1,276.5,0.0,23614.9,1458,2,0.13,3063.62
Houston,TX,Condo,12,64.1,86.6,27.5,0.0,3381.8,1334,2,0.132,451.36
Atlanta,GA,Apartment,6,71.8,74.7,0.0,203.8,6763.9,748,1,0.156,1054.46
Atlanta,GA,Townhouse,1,49.9,50.7,452.6,0.0,48802.4,1720,3,0.143,6963.91
Chicago,IL,Condo,1,23.0,55.3,1258.7,0.0,56623.1,805,1,0.154,8722.26
Atlanta,GA,Townhouse,9,68.9,57.4,0.0,118.1,13913.6,2045,3,0.13,1813.97
Miami,FL,Condo,12,61.7,45.0,99.3,0.0,9180.0,1434,1,0.121,1116.63
Miami,FL,Apartment,9,87.7,69.9,0.0,681.4,32477.0,1153,2,0.11,3586.25
New York,NY,Condo,6,77.0,68.1,0.0,360.9,15786.2,933,1,0.216,3425.51
Los Angeles,CA,Apartment,12,50.9,82.5,422.4,0.0,25999.6,1183,1,0.242,6288.31
Phoenix,AZ,Apartment,3,69.5,83.8,0.0,133.7,5831.8,932,1,0.13,769.57
Atlanta,GA,Townhouse,1,45.7,48.1,579.5,0.0,70031.8,1956,2,0.143,10002.56
Phoenix,AZ,Condo,5,84.6,88.7,0.0,587.9,42520.7,1584,2,0.13,5524.9
Phoenix,AZ,Condo,3,67.9,43.2,0.0,88.5,5992.6,1217,1,0.13,786.85
Houston,TX,House,2,68.9,72.7,0.0,116.9,15908.0,2207,2,0.132,2084.64
Atlanta,GA,Apartment,6,71.3,69.0,0.0,190.0,10121.2,1192,2,0.156,1595.45
Miami,FL,Condo,12,60.6,51.8,130.9,0.0,7261.3,879,1,0.121,889.48
Phoenix,AZ,Large House,8,91.5,33.7,0.0,794.7,175391.2,3576,4,0.156,27366.07
Seattle,WA,Townhouse,5,65.3,82.1,0.0,8.2,1996.2,1367,2,0.1,218.93
New York,NY,House,9,64.4,34.2,18.1,0.0,3977.1,1662,3,0.18,701.28
Phoenix,AZ,Large House,1,63.1,47.8,58.2,0.0,21455.6,3761,4,0.143,3052.65
Denver,CO,House,5,65.5,31.5,0.0,15.9,6135.9,2967,5,0.12,719.1
New York,NY,Apartment,8,78.9,73.9,0.0,416.3,11906.7,673,1,0.216,2588.55
Chicago,IL,Apartment,5,60.2,87.5,145.1,0.0,8774.3,1082,1,0.14,1243.92
Los Angeles,CA,Condo,2,43.4,80.8,648.0,0.0,31552.8,860,1,0.242,7624.05
New York,NY,Townhouse,6,71.2,51.9,0.0,185.1,19854.2,2004,1,0.216,4286.73
Miami,FL,Apartment,7,94.7,56.7,0.0,891.2,33877.5,925,1,0.132,4477.73
Phoenix,AZ,Apartment,5,80.5,34.3,0.0,463.7,20085.2,1034,1,0.13,2613.75
Los Angeles,CA,Townhouse,12,46.7,71.1,547.8,0.0,45276.5,1334,2,0.242,10968.04
Denver,CO,House,2,44.2,34.8,623.4,0.0,71531.9,1714,2,0.132,9429.18
Boston,MA,Apartment,5,66.2,45.8,0.0,34.9,1570.7,712,1,0.21,314.06
Seattle,WA,Townhouse,1,49.5,82.4,463.9,0.0,53327.4,1846,2,0.11,5858.72
Houston,TX,Apartment,12,61.0,83.8,120.0,0.0,3681.6,536,1,0.132,466.25
Chicago,IL,Townhouse,12,31.2,73.5,1013.7,0.0,76293.4,1232,2,0.154,11766.24
Denver,CO,Large House,7,77.4,55.7,0.0,371.9,105325.0,4472,1,0.144,15159.51
Houston,TX,Condo,7,93.7,85.4,0.0,861.6,32673.3,839,1,0.144,4711.15
Atlanta,GA,Condo,2,52.4,72.3,376.8,0.0,30397.7,1404,1,0.143,4329.22
Atlanta,GA,Large House,11,50.6,73.1,430.6,0.0,135287.0,4034,1,0.13,17604.96
Los Angeles,CA,Large House,3,55.5,68.6,286.4,0.0,99677.4,4355,6,0.22,21926.92
Phoenix,AZ,Apartment,6,89.2,78.0,0.0,726.8,33160.9,1105,2,0.156,5160.77
Miami,FL,Apartment,3,67.6,40.4,0.0,78.2,3638.0,914,1,0.11,417.66
Seattle,WA,Large House,7,78.9,62.9,0.0,418.3,124794.0,4720,4,0.12,14956.78
Los Angeles,CA,Condo,10,64.0,58.1,30.3,0.0,3882.9,1455,1,0.22,841.79
Seattle,WA,House,8,74.2,69.8,0.0,275.0,39282.1,2519,5,0.12,4714.16
New York,NY,House,1,25.5,33.2,1184.6,0.0,198885.7,2545,2,0.198,39368.29
Miami,FL,Apartment,12,66.4,35.8,0.0,42.7,1887.4,724,1,0.121,231.43
New York,NY,Large House,3,44.9,53.1,602.6,0.0,203332.1,4375,2,0.18,36595.27
Chicago,IL,Apartment,2,32.9,88.0,963.1,0.0,46948.2,956,1,0.154,7237.19
Seattle,WA,House,1,45.6,81.8,581.3,0.0,129190.4,3305,6,0.11,14207.87
Los Angeles,CA,Apartment,1,40.0,44.4,749.5,0.0,40945.2,1067,2,0.242,9911.45
Boston,MA,House,8,72.2,61.7,0.0,216.2,24069.6,1943,2,0.252,6077.7
Houston,TX,Large House,10,75.4,53.5,0.0,313.2,86939.7,4327,3,0.12,10452.66
Seattle,WA,Apartment,12,42.2,68.7,684.1,0.0,29812.3,848,1,0.11,3272.94
New York,NY,Large House,1,23.4,67.5,1247.1,0.0,390814.7,4123,2,0.198,77363.23
Atlanta,GA,Large House,1,48.9,85.7,482.7,0.0,139500.5,3719,3,0.143,19931.69
Atlanta,GA,Townhouse,2,45.6,55.1,581.6,0.0,74228.4,2064,2,0.143,10609.53
Chicago,IL,Large House,11,46.1,32.5,567.0,0.0,199195.5,4539,5,0.14,27890.62
Denver,CO,Apartment,12,46.1,61.3,566.1,0.0,23900.1,817,1,0.132,3144.29
Los Angeles,CA,House,8,78.7,76.0,0.0,412.2,46664.3,2071,1,0.264,12312.68
New York,NY,Apartment,5,63.4,82.2,48.3,0.0,2372.4,692,1,0.18,411.25
Boston,MA,Townhouse,11,48.9,67.2,482.1,0.0,64758.8,2162,2,0.21,13600.89
Denver,CO,House,1,49.5,33.5,466.0,0.0,105409.1,3357,2,0.132,13905.65
Seattle,WA,House,6,70.7,52.0,0.0,171.6,33408.0,3307,4,0.12,4020.75
Los Angeles,CA,Townhouse,4,55.8,65.9,274.7,0.0,25699.2,1464,2,0.22,5633.87
Los Angeles,CA,Condo,1,47.6,72.9,521.2,0.0,37547.8,1269,1,0.242,9088.15
New York,NY,Apartment,1,31.0,30.3,1019.3,0.0,39114.5,755,1,0.198,7734.24
Los Angeles,CA,House,1,40.2,57.8,742.6,0.0,134920.4,2723,5,0.242,32651.55
Miami,FL,Apartment,7,92.6,59.9,0.0,828.8,30905.9,908,1,0.132,4072.08
Atlanta,GA,Apartment,5,66.4,72.4,0.0,43.5,2025.3,728,1,0.13,271.98
Seattle,WA,Condo,3,56.9,71.4,244.4,0.0,21758.8,1506,1,0.1,2161.17
Los Angeles,CA,Apartment,6,67.7,52.9,0.0,80.8,3274.3,775,1,0.264,851.62
Phoenix,AZ,House,6,88.8,84.2,0.0,715.4,114238.8,2976,3,0.156,17824.76
Seattle,WA,Large House,9,74.0,82.4,0.0,271.0,81892.2,4655,4,0.1,8205.13
Houston,TX,Large House,8,87.9,66.4,0.0,687.1,151475.1,3562,3,0.144,21794.12
Houston,TX,Large House,5,81.1,77.1,0.0,483.2,125521.9,4139,4,0.12,15052.83
Houston,TX,House,4,77.2,80.7,0.0,366.1,45773.1,2273,1,0.12,5490.31
Houston,TX,House,10,78.9,43.0,0.0,417.7,48914.7,2126,4,0.12,5858.48
Phoenix,AZ,Condo,12,59.1,47.1,176.1,0.0,14771.9,1386,1,0.143,2118.07
Denver,CO,Townhouse,3,50.0,73.5,451.4,0.0,58236.1,2067,2,0.12,6981.02
Chicago,IL,Apartment,7,81.4,79.2,0.0,490.5,20769.3,1003,2,0.168,3485.6
Los Angeles,CA,Apartment,7,75.1,67.3,0.0,301.7,12157.8,937,1,0.264,3196.06
Phoenix,AZ,Condo,12,62.6,37.8,71.8,0.0,5926.5,1178,2,0.143,849.76
Miami,FL,Townhouse,12,65.3,48.0,0.0,8.4,2603.7,1853,1,0.121,308.52
Houston,TX,Large House,9,87.3,84.3,0.0,668.1,157938.3,3817,2,0.12,18947.68
Seattle,WA,Large House,1,50.0,47.7,450.3,0.0,142533.5,4071,1,0.11,15698.55
Chicago,IL,Large House,12,37.9,41.0,813.5,0.0,238620.9,3828,3,0.154,36763.31
Los Angeles,CA,Townhouse,11,49.2,31.0,473.4,0.0,63679.7,2158,2,0.22,14021.46
Los Angeles,CA,Large House,1,47.1,71.8,538.4,0.0,192955.0,4630,3,0.242,46712.86
Los Angeles,CA,Townhouse,1,47.7,78.1,520.5,0.0,56029.9,1727,3,0.242,13548.8
Phoenix,AZ,Townhouse,2,66.0,68.7,0.0,30.9,3447.2,1383,1,0.143,483.89
Los Angeles,CA,Large House,4,58.6,36.5,192.0,0.0,53789.7,3408,4,0.22,11843.85
Phoenix,AZ,Condo,6,91.0,48.5,0.0,780.8,29150.2,824,1,0.156,4532.75
Houston,TX,Large House,6,83.6,72.7,0.0,557.9,163458.7,4691,6,0.144,23538.38
Boston,MA,House,6,69.3,49.3,0.0,130.4,17301.6,2184,1,0.252,4352.74
Seattle,WA,Apartment,11,57.6,42.5,222.4,0.0,8841.9,725,1,0.1,866.91
Chicago,IL,Townhouse,8,82.0,75.9,0.0,508.5,37762.8,1487,1,0.168,6341.54
Houston,TX,Condo,10,79.2,33.9,0.0,424.7,22149.7,1123,2,0.12,2673.2
Chicago,IL,Townhouse,11,43.0,50.5,659.5,0.0,58873.9,1447,2,0.14,8228.82
Boston,MA,Townhouse,12,30.0,75.7,1049.1,0.0,109242.2,1707,2,0.231,25249.78
Seattle,WA,Apartment,2,50.7,65.7,430.2,0.0,22562.2,1004,2,0.11,2497.77
New York,NY,Apartment,12,31.3,70.6,1011.8,0.0,56788.6,1102,1,0.198,11260.35
Miami,FL,Large House,11,74.3,56.8,0.0,278.7,88097.5,4885,4,0.11,9703.01
Denver,CO,House,8,72.3,30.0,0.0,218.5,31227.7,2480,4,0.144,4514.34
Boston,MA,Apartment,5,68.9,57.1,0.0,115.8,4759.3,852,1,0.21,979.71
Chicago,IL,Large House,11,44.2,51.4,624.6,0.0,221402.0,4601,2,0.14,31007.15
Miami,FL,Condo,10,79.8,53.3,0.0,443.6,21180.6,1028,2,0.11,2340.33
Miami,FL,Townhouse,1,62.8,88.1,64.8,0.0,7263.7,1439,2,0.121,897.72
Houston,TX,Large House,8,89.6,44.2,0.0,737.4,170698.5,3739,5,0.144,24585.72
Chicago,IL,Condo,11,44.4,49.9,618.6,0.0,29854.2,850,1,0.14,4179.38
Seattle,WA,Townhouse,9,71.1,88.7,0.0,183.1,20724.8,2097,2,0.1,2091.16
Los Angeles,CA,Large House,12,45.9,71.5,574.5,0.0,192864.6,4341,4,0.242,46686.62
New York,NY,Townhouse,4,52.3,73.4,380.7,0.0,41439.1,1723,3,0.18,7459.81
Los Angeles,CA,Townhouse,12,44.7,88.3,608.6,0.0,65006.4,1730,1,0.242,15720.55
Chicago,IL,Large House,10,56.7,73.0,250.2,0.0,88960.7,4411,6,0.14,12446.93
Chicago,IL,Townhouse,1,31.2,62.1,1014.0,0.0,84124.5,1359,2,0.154,12963.13
Denver,CO,Large House,7,78.9,67.2,0.0,417.0,117346.2,4438,6,0.144,16903.3
New York,NY,Large House,12,30.0,83.8,1050.2,0.0,314331.0,3924,4,0.198,62243.83
Boston,MA,Condo,5,61.0,51.1,118.9,0.0,9498.3,1249,2,0.21,1982.39
Denver,CO,Apartment,6,74.4,54.2,0.0,281.7,11066.1,916,1,0.144,1593.08
Seattle,WA,House,2,48.3,59.7,501.7,0.0,66935.5,1980,3,0.11,7343.7
Houston,TX,Apartment,10,79.3,82.0,0.0,427.5,11242.9,620,1,0.12,1346.11
Phoenix,AZ,House,10,80.2,64.6,0.0,456.8,74658.3,2983,5,0.13,9704.76
Seattle,WA,Condo,12,43.8,57.9,636.0,0.0,31651.7,877,1,0.11,3486.88
Chicago,IL,Townhouse,8,81.8,85.7,0.0,502.5,40827.1,1614,3,0.168,6840.64
Boston,MA,Apartment,7,80.4,61.1,0.0,461.4,18463.6,953,1,0.252,4651.23
Chicago,IL,Townhouse,8,78.9,41.5,0.0,417.6,36936.9,1749,2,0.168,6191.45
Denver,CO,Apartment,1,42.9,34.2,662.3,0.0,38649.3,1135,1,0.132,5091.28
Miami,FL,Townhouse,3,73.3,79.1,0.0,249.7,19473.4,1492,2,0.11,2124.69
Miami,FL,Large House,3,74.5,63.4,0.0,284.6,87283.0,4756,2,0.11,9594.46
Boston,MA,Apartment,10,60.2,56.1,143.1,0.0,4081.1,501,1,0.21,854.13
Atlanta,GA,Condo,2,50.9,53.5,422.0,0.0,24609.7,1014,1,0.143,3511.69
Denver,CO,Condo,4,54.6,49.3,311.6,0.0,21905.0,1209,2,0.12,2617.52
Miami,FL,Condo,4,78.5,88.0,0.0,404.2,28595.9,1511,3,0.11,3129.09
Los Angeles,CA,Condo,6,70.5,76.2,0.0,165.3,9267.0,1107,2,0.264,2438.17
Atlanta,GA,Large House,6,73.6,75.4,0.0,258.9,80026.9,4738,5,0.156,12473.49
Boston,MA,Apartment,6,72.7,41.8,0.0,230.9,9422.3,938,1,0.252,2390.37
Houston,TX,Townhouse,5,85.0,81.9,0.0,601.4,47392.9,1579,2,0.12,5702.14
Atlanta,GA,Large House,9,69.4,56.0,0.0,131.1,40215.4,4405,2,0.13,5242.07
Phoenix,AZ,Townhouse,12,64.1,37.0,27.7,0.0,4364.8,1516,3,0.143,641.4
Houston,TX,Condo,7,92.6,68.0,0.0,829.4,47136.6,1259,1,0.144,6796.06
New York,NY,Townhouse,3,38.5,66.6,796.0,0.0,102009.6,2088,3,0.18,18344.78
Atlanta,GA,Condo,5,68.6,68.5,0.0,107.1,7308.1,1257,2,0.13,943.7
Seattle,WA,Large House,11,58.0,33.6,210.1,0.0,68409.6,3989,5,0.1,6829.24
Boston,MA,Condo,2,36.3,42.9,860.7,0.0,43243.2,896,1,0.231,9992.86
Denver,CO,Condo,10,65.8,85.0,0.0,24.1,3304.8,1574,3,0.12,412.13
Miami,FL,Large House,6,87.9,55.5,0.0,687.0,209361.7,4925,3,0.132,27655.25
New York,NY,House,9,64.4,73.6,18.6,0.0,3728.2,1570,1,0.18,651.32
Miami,FL,Townhouse,7,87.8,72.0,0.0,683.8,58602.8,1733,1,0.132,7748.37
Phoenix,AZ,Condo,4,80.2,59.6,0.0,454.7,25657.2,1226,1,0.13,3319.54
Los Angeles,CA,Apartment,6,72.2,74.3,0.0,215.8,7411.9,772,1,0.264,1941.95
Los Angeles,CA,House,10,63.0,80.5,61.1,0.0,15294.2,3006,1,0.22,3369.59
New York,NY,Large House,2,29.9,59.4,1052.2,0.0,279453.8,3481,4,0.198,55350.02
Atlanta,GA,Condo,1,45.4,42.2,587.4,0.0,39260.0,1177,2,0.143,5630.23
New York,NY,Apartment,7,75.1,34.9,0.0,302.2,13480.2,1032,1,0.216,2924.69
Houston,TX,House,1,59.9,66.5,152.4,0.0,30901.3,2778,4,0.132,4092.76
Houston,TX,Townhouse,10,76.3,30.2,0.0,337.8,29404.3,1704,1,0.12,3509.85
Los Angeles,CA,Townhouse,4,61.0,89.1,118.8,0.0,12647.3,1542,1,0.22,2776.75
Chicago,IL,Townhouse,7,83.3,70.6,0.0,548.1,53722.8,1962,1,0.168,9027.3
Denver,CO,Large House,1,49.9,59.7,451.7,0.0,167687.2,4769,3,0.132,22125.76
Miami,FL,Townhouse,6,88.7,42.6,0.0,711.1,45866.0,1299,2,0.132,6035.58
Miami,FL,House,11,67.0,84.7,0.0,59.9,14749.6,3452,3,0.11,1617.24
Atlanta,GA,Apartment,11,54.1,76.6,326.1,0.0,8583.6,501,1,0.13,1111.73
Seattle,WA,House,8,75.2,70.7,0.0,307.3,49584.2,2907,1,0.12,5933.01
Denver,CO,Townhouse,11,54.3,73.0,320.8,0.0,34869.9,1716,2,0.12,4204.21
Atlanta,GA,Townhouse,3,47.3,77.6,530.2,0.0,59274.7,1804,1,0.13,7706.95
Chicago,IL,Townhouse,9,68.8,77.4,0.0,115.2,13674.5,2048,3,0.14,1927.18
Denver,CO,Apartment,4,55.1,58.3,295.7,0.0,15563.6,989,1,0.12,1853.76
Miami,FL,Large House,9,88.4,48.4,0.0,702.7,167153.0,3838,5,0.11,18394.5
Boston,MA,Townhouse,9,64.8,41.3,6.7,0.0,2728.9,1669,3,0.21,581.99
Miami,FL,Apartment,5,77.6,34.3,0.0,377.2,8186.4,514,1,0.11,908.92
Seattle,WA,Apartment,8,69.4,46.6,0.0,131.2,3392.8,534,1,0.12,399.31
Los Angeles,CA,Condo,11,54.1,36.2,328.1,0.0,19034.7,996,1,0.22,4190.94
Miami,FL,Condo,6,90.0,53.1,0.0,749.9,38490.3,1134,1,0.132,5075.17
Los Angeles,CA,Townhouse,5,65.6,73.0,0.0,18.9,2594.5,1303,1,0.22,580.13
Atlanta,GA,Large House,8,78.1,33.5,0.0,393.4,77605.3,3125,1,0.156,12091.59
Miami,FL,Condo,10,80.0,55.9,0.0,448.9,21921.1,1061,1,0.11,2426.72
Phoenix,AZ,Large House,4,78.5,32.3,0.0,405.0,85150.3,3322,3,0.13,11063.25
Chicago,IL,House,2,30.9,77.3,1023.6,0.0,119767.3,1769,1,0.154,18446.71
Denver,CO,Apartment,12,42.0,33.9,689.4,0.0,40775.6,1152,1,0.132,5371.15
New York,NY,Apartment,7,77.4,52.1,0.0,371.2,15296.9,965,1,0.216,3310.14
Houston,TX,Condo,4,74.9,48.4,0.0,296.5,19020.1,1361,1,0.12,2274.71
Seattle,WA,Condo,3,54.5,45.8,315.0,0.0,24107.3,1317,1,0.1,2392.96
Houston,TX,Large House,11,71.7,68.4,0.0,201.4,64106.2,4760,6,0.12,7697.29
New York,NY,Large House,12,29.6,68.5,1061.5,0.0,403352.2,4986,3,0.198,79852.99
Chicago,IL,Townhouse,8,72.9,72.0,0.0,235.7,21022.9,1703,1,0.168,3530.53
Los Angeles,CA,Apartment,6,75.2,84.8,0.0,304.9,14392.2,1096,1,0.264,3815.74
Atlanta,GA,Large House,12,50.8,52.4,427.4,0.0,157639.4,4714,6,0.143,22544.51
Atlanta,GA,Townhouse,12,43.7,55.5,639.8,0.0,86791.0,2198,3,0.143,12403.81
Chicago,IL,Apartment,8,77.5,38.5,0.0,375.5,11277.0,703,1,0.168,1893.72
Chicago,IL,Large House,9,65.6,83.5,0.0,18.6,8159.8,3122,6,0.14,1148.12
Boston,MA,Condo,7,80.5,44.6,0.0,466.1,24040.5,1121,1,0.252,6039.51
Miami,FL,House,9,91.9,44.7,0.0,806.3,130832.5,3043,1,0.11,14409.93
Seattle,WA,Condo,12,42.6,33.6,671.8,0.0,44715.9,1181,1,0.11,4932.74
Houston,TX,Apartment,1,59.1,46.9,176.7,0.0,6015.5,618,1,0.132,786.35
Los Angeles,CA,Townhouse,4,57.8,70.7,216.6,0.0,23781.8,1676,3,0.22,5250.57
Miami,FL,Townhouse,11,73.4,83.5,0.0,251.7,28111.3,2130,2,0.11,3073.19
Chicago,IL,House,1,28.6,54.0,1091.0,0.0,217491.5,3016,3,0.154,33492.62
Atlanta,GA,Large House,8,72.5,70.3,0.0,225.5,65457.1,4425,2,0.156,10222.5
Los Angeles,CA,Apartment,4,61.5,71.5,103.8,0.0,5284.1,856,1,0.22,1167.22
Seattle,WA,House,3,54.1,41.4,328.0,0.0,66144.0,2934,4,0.1,6614.65
New York,NY,House,2,33.2,47.0,955.2,0.0,212521.4,3365,1,0.198,42085.57
Miami,FL,Condo,3,65.7,83.1,0.0,19.8,1649.7,846,1,0.11,180.81
New York,NY,Townhouse,3,46.3,73.5,560.4,0.0,46219.9,1331,2,0.18,8328.3
Chicago,IL,Condo,9,66.3,36.7,0.0,39.7,2518.6,887,1,0.14,370.6
Seattle,WA,House,12,50.8,58.3,426.1,0.0,94536.7,3266,5,0.11,10415.49
Seattle,WA,Large House,8,70.1,66.2,0.0,154.3,32834.4,3081,4,0.12,3948.83
Miami,FL,Apartment,2,64.9,84.2,1.8,0.0,576.7,620,1,0.121,73.09
Houston,TX,House,2,69.4,60.9,0.0,130.7,17214.7,2159,3,0.132,2268.44
Chicago,IL,Condo,7,77.4,60.6,0.0,371.7,17077.8,982,1,0.168,2860.49
Seattle,WA,Large House,4,61.1,57.7,116.3,0.0,38977.3,3913,1,0.1,3891.58
New York,NY,Large House,11,46.5,57.6,556.2,0.0,131115.8,3047,3,0.18,23616.41
Boston,MA,Large House,5,62.8,33.6,66.3,0.0,26992.3,4294,3,0.21,5681.41
Denver,CO,Large House,5,62.1,43.9,87.9,0.0,26572.8,3348,3,0.12,3176.94
Seattle,WA,House,1,45.4,53.8,588.4,0.0,82437.6,2086,3,0.11,9066.47
Los Angeles,CA,Large House,9,65.7,40.1,0.0,20.4,8237.2,3155,4,0.22,1809.81
Houston,TX,Townhouse,8,91.9,56.3,0.0,806.4,66649.4,1674,2,0.144,9589.18
Chicago,IL,House,4,55.4,68.4,287.3,0.0,57782.1,2916,2,0.14,8102.68
Denver,CO,Apartment,6,69.3,47.1,0.0,128.1,5644.6,925,1,0.144,824.47
Phoenix,AZ,Townhouse,6,89.0,68.2,0.0,719.2,66740.6,1877,2,0.156,10409.94
New York,NY,House,8,80.3,67.9,0.0,459.7,70302.2,2814,1,0.216,15204.02
New York,NY,Apartment,2,28.0,85.7,1108.8,0.0,56037.7,996,1,0.198,11094.29
Miami,FL,Large House,3,66.8,67.6,0.0,55.0,15376.6,3222,6,0.11,1689.33
Chicago,IL,Townhouse,1,26.4,68.7,1157.4,0.0,111153.6,1575,2,0.154,17110.71
Los Angeles,CA,House,8,73.3,39.4,0.0,249.3,29703.8,2091,3,0.264,7834.13
Chicago,IL,Townhouse,4,50.5,74.7,433.7,0.0,44759.2,1648,2,0.14,6247.23
Chicago,IL,Apartment,5,64.2,84.3,24.5,0.0,1243.0,574,1,0.14,172.33
Seattle,WA,Townhouse,3,56.5,82.6,253.8,0.0,31301.6,1931,1,0.1,3121.31
Boston,MA,House,1,27.5,43.9,1124.6,0.0,206185.3,2775,4,0.231,47610.15
Atlanta,GA,Condo,3,50.9,80.4,423.1,0.0,22352.0,920,1,0.13,2917.33
New York,NY,Townhouse,12,35.3,32.5,891.5,0.0,65714.1,1201,2,0.198,13006.93
Los Angeles,CA,Townhouse,9,67.7,51.1,0.0,81.8,8643.3,1732,2,0.22,1891.53
Phoenix,AZ,Apartment,2,67.9,70.6,0.0,88.4,2292.3,527,1,0.143,330.59
Boston,MA,House,12,28.6,77.4,1092.5,0.0,113234.8,1569,2,0.231,26175.05
Los Angeles,CA,Townhouse,2,46.2,66.1,565.5,0.0,66977.6,1913,2,0.242,16220.28
Atlanta,GA,House,1,43.5,34.8,643.9,0.0,94411.8,2190,4,0.143,13512.75
Phoenix,AZ,Condo,3,73.3,84.1,0.0,248.0,9877.7,833,1,0.13,1295.7
New York,NY,House,8,73.4,58.0,0.0,253.0,26333.1,1844,1,0.216,5705.93
Miami,FL,Large House,10,79.0,85.9,0.0,420.1,90447.5,3394,6,0.11,9958.33
New York,NY,Apartment,8,78.7,61.8,0.0,410.3,15699.2,901,1,0.216,3407.26
Denver,CO,Apartment,2,51.1,32.0,418.0,0.0,13221.3,606,1,0.132,1752.69
Atlanta,GA,Condo,4,56.6,87.9,250.8,0.0,19729.7,1342,1,0.13,2563.47
Miami,FL,Apartment,5,81.0,44.5,0.0,479.3,15873.9,793,1,0.11,1737.28
Atlanta,GA,House,9,65.3,80.7,0.0,10.4,3785.1,2012,4,0.13,500.58
Seattle,WA,Apartment,7,76.3,37.8,0.0,339.3,12692.6,875,1,0.12,1510.97
Atlanta,GA,Large House,8,70.2,83.0,0.0,156.2,33260.9,3114,2,0.156,5171.8
Seattle,WA,Large House,12,45.1,70.2,596.4,0.0,209151.2,4552,1,0.11,22992.59
Atlanta,GA,House,11,55.5,52.0,285.2,0.0,60499.1,3052,6,0.13,7868.36
New York,NY,Townhouse,4,57.7,40.0,219.9,0.0,24351.9,1701,2,0.18,4381.68
New York,NY,Townhouse,1,27.1,79.6,1135.9,0.0,97627.3,1410,2,0.198,19348.18
Chicago,IL,Townhouse,7,81.7,88.9,0.0,501.5,47435.7,1883,2,0.168,7949.59
Denver,CO,Townhouse,2,52.1,49.2,386.6,0.0,31185.5,1287,1,0.132,4105.9
Chicago,IL,House,8,79.6,34.6,0.0,438.2,65382.2,2739,1,0.168,10977.68
Chicago,IL,Townhouse,10,58.8,40.7,185.5,0.0,23526.4,1928,1,0.14,3276.78
Atlanta,GA,Townhouse,3,48.3,80.9,500.8,0.0,61472.6,1981,1,0.13,7985.37
Denver,CO,Townhouse,2,46.3,81.7,560.9,0.0,61426.5,1765,2,0.132,8103.91
Boston,MA,House,6,70.6,70.2,0.0,168.5,28936.0,2891,4,0.252,7309.04
Denver,CO,Large House,4,53.1,65.1,355.8,0.0,109066.4,3892,4,0.12,13107.85
Phoenix,AZ,Apartment,9,86.7,43.1,0.0,651.6,19108.4,705,1,0.13,2468.58
Atlanta,GA,Condo,7,73.8,61.1,0.0,264.8,15564.6,1224,2,0.156,2408.97
Atlanta,GA,Townhouse,7,70.5,33.0,0.0,165.3,13903.1,1543,1,0.156,2168.26
Miami,FL,Apartment,10,81.6,30.9,0.0,497.7,14714.0,706,1,0.11,1598.77
Chicago,IL,Large House,1,27.5,35.2,1124.2,0.0,297825.5,3480,2,0.154,45849.59
Boston,MA,Townhouse,8,77.0,64.1,0.0,359.6,37485.4,2043,2,0.252,9451.55
Seattle,WA,Large House,10,60.3,39.5,141.7,0.0,43033.9,3570,5,0.1,4313.04
Chicago,IL,Large House,4,56.6,86.4,251.7,0.0,91149.2,4492,6,0.14,12775.77
Denver,CO,Condo,3,47.3,58.3,531.1,0.0,47518.8,1570,2,0.12,5702.86
Atlanta,GA,Townhouse,10,63.3,70.0,50.8,0.0,7075.0,1714,1,0.13,926.35
New York,NY,Large House,9,70.0,63.7,0.0,149.9,47750.9,4677,1,0.18,8575.95
Houston,TX,Condo,7,91.4,89.7,0.0,791.3,55137.7,1540,1,0.144,7933.0
Chicago,IL,Condo,8,73.4,59.3,0.0,250.8,14197.7,1168,2,0.168,2392.8
Boston,MA,Condo,3,45.0,89.8,599.9,0.0,32270.2,951,1,0.21,6769.55
Los Angeles,CA,House,10,58.9,82.4,183.7,0.0,43127.0,3271,5,0.22,9504.25
Phoenix,AZ,Townhouse,2,63.4,72.1,48.5,0.0,5278.7,1287,2,0.143,737.6
New York,NY,Large House,7,82.3,77.0,0.0,520.0,109222.3,3355,3,0.216,23581.01
Atlanta,GA,House,7,70.0,74.1,0.0,151.4,28956.6,3165,6,0.156,4515.79
Chicago,IL,Large House,7,77.0,87.6,0.0,361.4,87989.2,3809,6,0.168,14789.4
Denver,CO,Apartment,4,57.5,41.6,224.0,0.0,7757.3,637,1,0.12,934.2
Los Angeles,CA,Large House,5,62.3,51.9,81.1,0.0,36878.0,4993,4,0.22,8109.6
Houston,TX,House,10,78.4,84.3,0.0,402.1,64715.0,2923,5,0.12,7760.93
Seattle,WA,Townhouse,6,75.4,64.8,0.0,311.7,29649.3,1834,3,0.12,3561.79
Seattle,WA,Large House,8,76.4,38.3,0.0,342.2,83379.1,3831,1,0.12,10024.83
Atlanta,GA,Large House,6,74.5,44.1,0.0,284.3,80600.3,4405,1,0.156,12583.16
Houston,TX,Townhouse,3,66.0,55.1,0.0,31.1,4030.8,1503,3,0.12,468.48
Boston,MA,House,5,61.5,38.7,105.6,0.0,23783.3,2950,3,0.21,5001.68
Chicago,IL,Apartment,12,29.9,60.8,1052.5,0.0,59212.6,1104,2,0.154,9133.7
Atlanta,GA,Apartment,4,55.0,57.2,298.8,0.0,12029.8,763,1,0.13,1570.34
Atlanta,GA,Townhouse,9,65.1,74.1,0.0,4.4,1877.5,1442,2,0.13,243.03
New York,NY,Townhouse,6,69.9,43.1,0.0,146.3,11539.4,1412,2,0.216,2501.78
Phoenix,AZ,Condo,2,69.6,66.3,0.0,138.9,10891.8,1513,2,0.143,1576.17
Seattle,WA,Condo,4,55.6,67.7,281.6,0.0,26076.3,1577,2,0.1,2622.5
Houston,TX,Condo,11,69.2,36.5,0.0,127.1,9541.8,1448,1,0.12,1146.8
Chicago,IL,Condo,1,28.7,68.7,1089.1,0.0,73553.6,1207,1,0.154,11317.45
Denver,CO,Apartment,3,50.5,37.1,436.0,0.0,23355.2,1024,2,0.12,2805.54
Los Angeles,CA,Large House,11,58.7,55.6,188.4,0.0,66909.4,4319,5,0.22,14737.74
Atlanta,GA,Large House,4,56.2,73.8,263.3,0.0,67833.3,3218,3,0.13,8806.35
Denver,CO,House,2,47.1,71.5,535.7,0.0,111895.4,3111,2,0.132,14753.46
Los Angeles,CA,House,1,42.4,57.2,677.7,0.0,97328.4,2152,3,0.242,23563.57
Houston,TX,House,8,91.0,45.6,0.0,779.4,69039.1,1660,1,0.144,9945.84
Miami,FL,Condo,2,64.5,61.7,14.0,0.0,1775.3,978,1,0.121,206.92
New York,NY,House,10,53.4,65.6,347.9,0.0,73261.8,3076,4,0.18,13172.76
New York,NY,Townhouse,2,28.7,41.7,1089.1,0.0,117424.7,1767,2,0.198,23269.2
Seattle,WA,House,9,69.5,74.6,0.0,135.7,28350.8,3395,6,0.1,2830.49
Phoenix,AZ,House,5,83.1,38.6,0.0,542.3,44806.9,1529,1,0.13,5814.76
Los Angeles,CA,House,6,68.6,80.3,0.0,108.1,14563.9,2168,1,0.264,3836.67
Houston,TX,Large House,12,59.5,66.2,165.3,0.0,66378.8,4848,3,0.132,8775.82
Boston,MA,Townhouse,5,64.2,65.3,24.6,0.0,3930.0,1553,2,0.21,817.06
Phoenix,AZ,Condo,6,89.2,53.5,0.0,725.0,48439.2,1475,1,0.156,7565.77
Houston,TX,Large House,6,84.6,75.3,0.0,588.1,158126.3,4323,3,0.144,22754.83
Houston,TX,Condo,10,79.9,43.0,0.0,445.9,29678.3,1434,2,0.12,3553.75
Miami,FL,Large House,12,62.6,64.7,70.6,0.0,29536.1,4399,6,0.121,3572.4
Boston,MA,House,4,54.1,53.5,326.5,0.0,57190.0,2549,3,0.21,12012.91
Chicago,IL,Townhouse,12,37.9,43.6,813.5,0.0,93073.0,1862,3,0.154,14321.08
Seattle,WA,Condo,9,65.8,78.7,0.0,23.0,2682.4,1309,1,0.1,265.73
Houston,TX,Townhouse,10,78.5,41.7,0.0,404.1,40401.3,1975,2,0.12,4842.93
New York,NY,House,11,46.2,60.2,565.4,0.0,101318.8,2663,5,0.18,18241.66
Denver,CO,House,4,59.1,73.9,178.0,0.0,39270.0,3101,1,0.12,4713.21
Miami,FL,Townhouse,2,62.0,80.0,88.7,0.0,10791.3,1657,3,0.121,1322.24
Los Angeles,CA,Townhouse,10,59.6,84.6,161.0,0.0,20493.1,1921,1,0.22,4500.89
New York,NY,Large House,7,75.5,84.6,0.0,314.1,79733.9,3947,4,0.216,17240.6
Boston,MA,Townhouse,1,32.5,52.2,975.5,0.0,90351.8,1516,1,0.231,20878.95
Boston,MA,Apartment,4,58.2,55.9,203.7,0.0,9821.9,877,1,0.21,2074.59
Houston,TX,Apartment,8,91.7,66.5,0.0,801.1,38723.0,1174,2,0.144,5582.8
New York,NY,Large House,1,29.6,76.0,1063.3,0.0,309328.8,3809,6,0.198,61231.04
Phoenix,AZ,Apartment,8,88.8,78.3,0.0,714.1,19783.7,673,1,0.156,3095.32
Phoenix,AZ,Apartment,12,59.5,39.2,165.0,0.0,5135.6,564,1,0.143,716.5
Chicago,IL,Townhouse,2,29.1,31.7,1076.8,0.0,129794.7,1975,3,0.154,19995.92
New York,NY,Apartment,12,32.4,84.2,977.6,0.0,29726.5,595,1,0.198,5883.68
Atlanta,GA,Large House,1,50.0,49.3,450.2,0.0,156004.0,4450,3,0.143,22308.73
Atlanta,GA,Apartment,5,62.4,72.1,76.5,0.0,5372.1,1127,2,0.13,693.44
Denver,CO,Townhouse,5,61.3,42.6,110.4,0.0,10486.3,1339,2,0.12,1269.43
Denver,CO,Large House,5,67.7,50.6,0.0,80.0,29766.7,4811,6,0.12,3553.69
Phoenix,AZ,Large House,4,76.6,47.7,0.0,347.7,102053.0,4621,1,0.13,13251.59
New York,NY,House,11,46.6,74.4,551.6,0.0,114001.8,3078,3,0.18,20501.96
Miami,FL,Large House,4,80.3,37.1,0.0,458.2,137875.6,4790,3,0.11,15165.68
Houston,TX,Condo,5,83.5,86.1,0.0,555.4,39235.8,1535,3,0.12,4689.99
Boston,MA,Apartment,9,70.3,61.9,0.0,157.7,4673.3,655,1,0.21,976.7
New York,NY,House,11,41.6,43.2,700.5,0.0,88186.2,1885,3,0.18,15868.56
Denver,CO,Apartment,11,54.4,86.9,316.8,0.0,9762.9,586,1,0.12,1188.57
Houston,TX,Large House,9,92.0,70.8,0.0,809.2,174458.9,3493,4,0.12,20945.88
Chicago,IL,Townhouse,8,74.4,51.5,0.0,281.9,26607.6,1822,2,0.168,4476.46
Los Angeles,CA,Large House,11,52.5,84.6,375.4,0.0,129304.2,4395,2,0.22,28434.32
Seattle,WA,Condo,10,58.6,78.4,191.2,0.0,15970.7,1379,2,0.1,1586.33
Phoenix,AZ,Large House,3,65.7,68.0,0.0,21.1,8010.3,3117,2,0.13,1031.79
New York,NY,Large House,1,23.2,41.5,1252.9,0.0,403597.9,4231,6,0.198,79923.08
Chicago,IL,Large House,7,80.1,44.1,0.0,454.5,121662.2,4260,2,0.168,20450.53
Los Angeles,CA,Apartment,7,72.2,85.2,0.0,216.1,9403.5,992,1,0.264,2477.88
Miami,FL,Condo,5,85.6,71.5,0.0,617.7,38090.7,1353,1,0.11,4185.62
Atlanta,GA,Large House,12,51.6,51.7,401.1,0.0,105077.0,3350,2,0.143,15019.26
Chicago,IL,Apartment,2,36.8,72.0,845.4,0.0,21758.8,501,1,0.154,3367.84
Miami,FL,Townhouse,5,82.5,48.6,0.0,525.2,52386.0,1992,2,0.11,5742.61
Phoenix,AZ,Apartment,6,83.1,41.3,0.0,544.2,13725.1,607,1,0.156,2125.23
Boston,MA,House,6,69.5,50.7,0.0,136.4,23046.1,2760,5,0.252,5823.49
Atlanta,GA,Large House,4,53.3,89.1,352.2,0.0,115372.8,4175,1,0.13,15006.1
Los Angeles,CA,Apartment,4,54.3,75.7,320.6,0.0,19551.2,1155,2,0.22,4287.27
Atlanta,GA,House,3,55.2,56.9,294.7,0.0,55406.6,2719,3,0.13,7218.24
Los Angeles,CA,Condo,7,70.6,33.3,0.0,166.8,8645.7,1019,2,0.264,2279.52
Houston,TX,Condo,12,60.6,36.2,132.5,0.0,6808.9,823,1,0.132,896.25
Denver,CO,Large House,10,66.1,59.3,0.0,31.8,10570.1,3356,1,0.12,1252.36
Houston,TX,Condo,5,82.6,68.3,0.0,528.5,28619.4,1173,2,0.12,3452.8
Miami,FL,House,3,74.5,65.9,0.0,286.3,26398.4,1630,3,0.11,2917.62
New York,NY,Large House,12,36.7,34.5,847.6,0.0,269839.5,4160,3,0.198,53422.81
Houston,TX,House,7,94.6,75.7,0.0,886.6,152705.9,3232,2,0.144,22008.81
Chicago,IL,Townhouse,7,81.7,51.2,0.0,500.9,54277.0,2157,3,0.168,9111.01
Boston,MA,House,7,83.0,49.4,0.0,539.6,78811.1,2695,3,0.252,19869.32
Miami,FL,Apartment,9,91.4,33.1,0.0,792.3,29856.1,916,1,0.11,3293.36
Atlanta,GA,House,5,59.7,52.4,160.0,0.0,37830.0,3270,3,0.13,4910.42
Chicago,IL,Townhouse,7,74.0,82.4,0.0,270.8,24166.4,1715,2,0.168,4055.06
Atlanta,GA,House,10,65.5,62.7,0.0,14.4,4180.6,2231,1,0.13,535.45
Seattle,WA,House,1,42.2,72.2,683.9,0.0,133331.6,2918,4,0.11,14653.82
Miami,FL,Apartment,12,63.2,75.8,54.7,0.0,2902.8,802,1,0.121,365.59
Chicago,IL,Apartment,11,41.8,40.5,695.8,0.0,40220.6,1129,1,0.14,5641.9
Houston,TX,Large House,1,65.2,73.3,0.0,5.1,5759.7,3357,5,0.132,773.09
Chicago,IL,House,7,83.6,35.8,0.0,556.9,60271.9,1998,2,0.168,10126.14
Phoenix,AZ,Large House,8,89.2,35.9,0.0,724.5,191827.7,4290,1,0.156,29943.04
Phoenix,AZ,Townhouse,9,89.3,62.8,0.0,729.0,65213.1,1812,1,0.13,8482.98
Houston,TX,Townhouse,9,87.7,67.6,0.0,681.1,70517.4,2084,3,0.12,8466.66
Los Angeles,CA,House,10,66.4,85.3,0.0,43.2,7554.8,2211,2,0.22,1666.07
Miami,FL,Condo,3,71.5,49.3,0.0,195.7,13080.9,1363,2,0.11,1419.18
New York,NY,Apartment,9,70.7,75.2,0.0,170.2,4588.1,591,1,0.18,836.5
Los Angeles,CA,Apartment,5,61.4,55.4,108.4,0.0,7075.2,1121,2,0.22,1558.25
Los Angeles,CA,Apartment,6,68.8,89.7,0.0,114.6,6442.1,1185,1,0.264,1710.8
Los Angeles,CA,Large House,11,58.6,33.7,191.4,0.0,62025.4,3926,6,0.22,13640.07
Boston,MA,Townhouse,9,73.1,89.5,0.0,243.3,18058.6,1412,2,0.21,3801.71
Chicago,IL,Apartment,1,23.2,60.5,1255.0,0.0,51279.8,806,1,0.154,7880.69
Denver,CO,Condo,9,68.2,64.2,0.0,96.2,7656.8,1442,2,0.12,920.71
Chicago,IL,Townhouse,6,72.1,50.1,0.0,213.2,14144.4,1235,2,0.168,2380.51
Atlanta,GA,Condo,8,76.6,88.9,0.0,347.7,19377.1,1178,2,0.156,3037.02
Atlanta,GA,House,11,58.9,70.9,183.9,0.0,43554.1,3348,1,0.13,5668.85
Atlanta,GA,Townhouse,2,51.2,40.3,415.1,0.0,36876.2,1416,2,0.143,5284.82
Denver,CO,Condo,7,79.8,77.1,0.0,443.5,29093.8,1415,2,0.144,4184.09
Chicago,IL,House,8,78.9,65.0,0.0,418.0,68724.8,3009,1,0.168,11561.22
Seattle,WA,Large House,11,52.9,70.4,363.4,0.0,92324.3,3226,3,0.1,9236.35
Seattle,WA,Apartment,9,70.0,37.5,0.0,149.2,7853.0,1160,1,0.1,793.77
Miami,FL,Apartment,11,75.2,75.8,0.0,306.9,8419.6,640,1,0.11,945.86
Seattle,WA,Large House,2,45.1,45.7,598.4,0.0,170297.6,3684,4,0.11,18720.52
Miami,FL,House,4,74.6,82.0,0.0,287.6,30973.5,1918,2,0.11,3397.83
Los Angeles,CA,Condo,12,50.9,61.7,422.8,0.0,32948.9,1353,2,0.242,7958.16
Denver,CO,Apartment,11,50.2,43.8,444.0,0.0,27253.5,1178,1,0.12,3274.83
Chicago,IL,Condo,4,51.4,46.5,409.5,0.0,21102.6,896,1,0.14,2952.06
Boston,MA,Apartment,3,44.7,55.0,608.4,0.0,31402.2,1001,2,0.21,6594.85
Atlanta,GA,Apartment,9,71.8,40.3,0.0,202.5,5220.7,570,1,0.13,691.92
Chicago,IL,Condo,1,28.2,69.5,1104.3,0.0,68779.7,1112,2,0.154,10606.54
Los Angeles,CA,Large House,8,70.0,82.8,0.0,149.4,41978.9,4054,5,0.264,11081.47
New York,NY,Townhouse,3,46.9,65.5,542.5,0.0,63277.1,1884,2,0.18,11401.15
Chicago,IL,Large House,5,62.7,35.8,67.5,0.0,21100.9,3336,2,0.14,2939.11
Houston,TX,Apartment,4,77.8,42.6,0.0,382.8,16315.2,1006,2,0.12,1977.31
New York,NY,Townhouse,12,33.7,49.9,937.8,0.0,108062.6,1883,2,0.198,21380.03
Houston,TX,Condo,4,73.3,60.1,0.0,249.8,13872.9,1155,1,0.12,1646.62
Miami,FL,Condo,10,81.2,63.2,0.0,484.9,33753.1,1505,2,0.11,3709.0
Los Angeles,CA,Apartment,7,76.3,55.0,0.0,340.2,13867.7,962,1,0.264,3646.56
Los Angeles,CA,Condo,5,67.4,69.4,0.0,71.9,3373.0,810,1,0.22,750.81
Miami,FL,Condo,7,88.2,71.8,0.0,694.9,30258.5,956,1,0.132,3987.43
Los Angeles,CA,Apartment,4,62.2,52.6,82.8,0.0,4022.0,777,1,0.22,903.99
Atlanta,GA,Townhouse,1,48.2,35.0,504.0,0.0,56474.7,1804,1,0.143,8067.3
Atlanta,GA,Large House,5,65.7,73.3,0.0,20.6,9485.1,3729,3,0.13,1236.81
Chicago,IL,Townhouse,5,66.6,75.8,0.0,47.6,5520.4,1677,1,0.14,762.89
Phoenix,AZ,Condo,11,74.4,54.7,0.0,281.0,12175.4,910,1,0.13,1586.28
Phoenix,AZ,House,6,86.0,48.3,0.0,630.3,57989.7,1706,2,0.156,9040.91
Phoenix,AZ,Large House,2,67.4,39.6,0.0,71.8,25893.4,4634,3,0.143,3718.26
Denver,CO,Large House,11,52.0,49.1,390.6,0.0,141757.2,4632,4,0.12,17013.28
Houston,TX,Apartment,5,81.8,63.5,0.0,502.7,15565.6,743,1,0.12,1857.38
Atlanta,GA,Apartment,4,56.4,61.6,257.9,0.0,13093.6,947,1,0.13,1701.68
Boston,MA,Condo,12,35.4,89.9,888.7,0.0,79531.2,1595,2,0.231,18357.78
Phoenix,AZ,Apartment,3,72.2,81.1,0.0,215.0,7880.2,824,1,0.13,1015.43
Los Angeles,CA,Condo,5,60.8,88.5,125.9,0.0,10215.7,1286,1,0.22,2264.0
New York,NY,House,5,66.0,50.7,0.0,29.8,8917.1,3371,1,0.18,1587.05
New York,NY,House,4,55.0,85.5,301.3,0.0,37880.9,1830,1,0.18,6823.64
Boston,MA,House,4,50.6,89.5,432.2,0.0,57455.6,1963,2,0.21,12082.31
Houston,TX,House,6,92.7,86.7,0.0,830.8,98806.7,2229,2,0.144,14211.67
Atlanta,GA,Townhouse,6,73.3,63.4,0.0,248.2,27121.7,2100,1,0.156,4231.28
Atlanta,GA,Large House,12,47.3,84.7,531.7,0.0,179626.2,4368,1,0.143,25690.61
Phoenix,AZ,Condo,9,90.2,72.6,0.0,755.4,31512.3,922,1,0.13,4081.99
New York,NY,House,5,66.6,65.3,0.0,47.4,6778.9,1888,1,0.18,1239.49
Miami,FL,Condo,5,79.8,70.6,0.0,445.1,20618.5,1000,1,0.11,2278.78
Boston,MA,Condo,11,40.5,85.5,734.9,0.0,33656.2,812,1,0.21,7085.53
Chicago,IL,Townhouse,3,45.3,88.3,591.6,0.0,54252.7,1483,1,0.14,7576.66
New York,NY,Large House,11,47.4,75.8,527.9,0.0,129943.9,3165,6,0.18,23384.94
Houston,TX,Condo,5,77.0,60.9,0.0,361.1,24704.0,1463,1,0.12,2964.4
Chicago,IL,Townhouse,5,62.4,64.4,78.3,0.0,9829.8,1691,3,0.14,1375.61
Chicago,IL,Apartment,3,43.2,62.4,654.2,0.0,29404.2,874,1,0.14,4133.97
Los Angeles,CA,Apartment,3,52.7,60.2,369.3,0.0,15768.9,810,1,0.22,3456.33
Chicago,IL,Townhouse,5,63.6,90.0,42.0,0.0,6846.9,1867,3,0.14,961.39
Los Angeles,CA,Townhouse,3,47.9,86.0,514.4,0.0,65017.6,2035,2,0.22,14303.6
Atlanta,GA,Townhouse,2,46.6,84.8,552.5,0.0,56131.9,1636,2,0.143,8042.02
New York,NY,Apartment,6,78.7,75.1,0.0,412.0,13607.7,782,1,0.216,2934.86
Los Angeles,CA,Condo,4,54.4,80.6,318.7,0.0,16633.6,899,1,0.22,3640.37
New York,NY,Apartment,4,56.5,50.9,254.9,0.0,12294.1,895,1,0.18,2202.5
Boston,MA,Condo,9,73.7,79.0,0.0,261.5,13463.6,1076,2,0.21,2835.09
Phoenix,AZ,Townhouse,9,84.3,32.8,0.0,578.1,36805.3,1276,2,0.13,4771.66
Los Angeles,CA,Large House,3,48.9,81.2,481.9,0.0,127395.4,3393,4,0.22,28020.2
Los Angeles,CA,Apartment,3,54.4,42.3,316.8,0.0,18622.4,1110,1,0.22,4080.38
Chicago,IL,House,3,37.2,32.2,832.6,0.0,109312.1,1976,2,0.14,15310.63
Denver,CO,Condo,11,57.6,39.1,220.9,0.0,15128.1,1158,1,0.12,1806.63
Seattle,WA,Townhouse,12,46.9,43.4,541.7,0.0,63332.4,1888,2,0.11,6970.64
Phoenix,AZ,Townhouse,6,85.1,50.3,0.0,601.9,63374.6,2120,1,0.156,9896.35
Phoenix,AZ,Condo,4,80.9,45.3,0.0,476.5,27421.5,1251,1,0.13,3579.47
Chicago,IL,Condo,7,77.9,59.6,0.0,387.0,27358.3,1514,2,0.168,4599.72
Phoenix,AZ,Townhouse,6,90.6,47.7,0.0,766.8,81946.3,2162,2,0.156,12791.31
Miami,FL,Large House,7,90.7,66.3,0.0,769.9,167742.3,3533,2,0.132,22137.01
Houston,TX,House,2,60.4,68.8,138.0,0.0,28145.6,2764,4,0.132,3725.24
Denver,CO,Large House,8,69.7,55.7,0.0,140.7,47170.1,4868,2,0.144,6787.7
Miami,FL,Condo,10,76.9,35.5,0.0,355.5,23688.5,1417,2,0.11,2611.31
Miami,FL,Townhouse,3,65.9,31.4,0.0,28.0,3535.6,1461,1,0.11,377.46
Boston,MA,Large House,1,27.2,62.9,1135.2,0.0,384202.9,4441,5,0.231,88751.34
Miami,FL,Large House,12,67.9,89.2,0.0,87.7,29771.3,4532,3,0.121,3620.31
Seattle,WA,Townhouse,6,69.7,66.8,0.0,141.9,11672.0,1469,2,0.12,1411.52
Boston,MA,Townhouse,3,39.9,39.7,752.3,0.0,72147.5,1557,3,0.21,15170.32
Phoenix,AZ,Condo,7,95.0,49.6,0.0,899.2,54388.7,1342,1,0.156,8488.04
Boston,MA,Large House,6,77.9,57.2,0.0,386.9,77299.7,3126,6,0.252,19494.49
Boston,MA,Condo,6,76.6,36.4,0.0,347.8,16914.7,1038,1,0.252,4264.23
Seattle,WA,House,9,67.6,36.5,0.0,78.5,15470.0,2881,5,0.1,1562.81
Houston,TX,Condo,5,77.7,72.8,0.0,381.3,21810.1,1222,2,0.12,2620.95
Boston,MA,Townhouse,3,46.0,31.2,570.1,0.0,50110.6,1421,2,0.21,10509.1
Atlanta,GA,Townhouse,10,58.9,34.4,182.8,0.0,22436.1,1856,2,0.13,2930.58
Miami,FL,House,1,65.1,32.5,0.0,4.4,3157.8,2250,2,0.121,377.15
Houston,TX,Apartment,2,68.1,46.4,0.0,92.1,3757.8,795,1,0.132,500.9
Boston,MA,Condo,12,28.7,33.4,1088.7,0.0,83870.4,1377,2,0.231,19367.18
New York,NY,House,10,54.2,72.5,323.4,0.0,69171.3,3098,6,0.18,12459.75
Atlanta,GA,Townhouse,1,44.6,79.9,613.2,0.0,48216.1,1272,1,0.143,6904.91
Boston,MA,Apartment,10,57.3,54.7,231.3,0.0,12085.4,970,1,0.21,2520.22
Boston,MA,House,12,30.2,68.2,1045.2,0.0,136856.8,1979,2,0.231,31625.99
Chicago,IL,House,6,73.9,54.8,0.0,267.1,41195.1,2748,2,0.168,6902.51
Seattle,WA,Large House,11,53.7,33.1,338.8,0.0,124836.3,4668,4,0.1,12482.1
Los Angeles,CA,Large House,4,59.3,71.3,171.1,0.0,46312.0,3270,3,0.22,10198.39
Los Angeles,CA,Large House,1,40.0,84.6,749.0,0.0,216691.7,3773,1,0.242,52451.82
New York,NY,Apartment,8,73.0,85.2,0.0,240.1,6006.9,563,1,0.216,1282.78
Los Angeles,CA,Condo,12,50.7,86.6,427.8,0.0,29431.8,1205,1,0.242,7106.32
New York,NY,Apartment,2,34.3,64.0,919.8,0.0,49709.5,1059,1,0.198,9851.54
Los Angeles,CA,Apartment,7,76.2,84.1,0.0,334.8,13991.6,974,1,0.264,3675.36
Los Angeles,CA,Townhouse,10,57.8,78.2,215.5,0.0,21179.9,1512,1,0.22,4656.6
Chicago,IL,Large House,3,40.6,64.0,731.2,0.0,253706.6,4523,2,0.14,35504.33
Atlanta,GA,Townhouse,9,66.2,56.8,0.0,36.5,5164.8,1846,2,0.13,687.35
Boston,MA,Apartment,3,45.5,77.2,583.9,0.0,25133.2,834,1,0.21,5270.62
New York,NY,Condo,12,37.0,35.0,839.7,0.0,51035.5,1082,1,0.198,10123.6
Chicago,IL,Townhouse,5,60.5,71.7,134.9,0.0,17206.2,1851,3,0.14,2413.58
Miami,FL,Apartment,3,74.7,69.1,0.0,290.5,9976.6,801,1,0.11,1086.04
Miami,FL,Condo,4,77.3,47.2,0.0,368.8,15803.2,918,1,0.11,1756.08
Houston,TX,Condo,1,61.0,71.4,119.8,0.0,7289.2,958,1,0.132,967.67
New York,NY,Condo,2,31.2,55.5,1015.4,0.0,90913.0,1596,3,0.198,18013.44
Phoenix,AZ,Townhouse,9,83.8,74.7,0.0,563.4,59194.2,2105,2,0.13,7695.21
Houston,TX,Large House,1,63.1,43.8,56.4,0.0,17253.2,3089,3,0.132,2294.0
Seattle,WA,House,8,70.7,52.7,0.0,172.4,31069.7,3051,4,0.12,3746.25
Atlanta,GA,House,11,58.1,68.2,207.9,0.0,31199.9,2138,1,0.13,4064.58
Los Angeles,CA,House,5,62.3,45.4,81.7,0.0,20924.7,3182,5,0.22,4596.26
Denver,CO,Townhouse,12,45.4,57.7,586.7,0.0,54974.5,1511,2,0.132,7246.44
Boston,MA,Apartment,6,70.7,60.1,0.0,170.2,5457.0,702,1,0.252,1380.6
Chicago,IL,Large House,8,73.5,77.0,0.0,253.8,75411.0,4576,2,0.168,12667.79
Seattle,WA,House,6,67.3,81.7,0.0,68.4,9759.7,2026,3,0.12,1181.98
Phoenix,AZ,House,12,65.3,68.9,0.0,8.4,3466.4,2125,3,0.143,504.88
New York,NY,Condo,11,42.3,54.9,679.9,0.0,34684.8,902,1,0.18,6258.95
Atlanta,GA,Townhouse,6,71.5,63.2,0.0,196.2,22341.1,2120,2,0.156,3473.81
Houston,TX,Townhouse,6,85.2,53.3,0.0,605.5,58370.3,1940,1,0.144,8391.8
Chicago,IL,Large House,10,59.7,79.0,160.4,0.0,66751.0,4972,6,0.14,9351.97
Phoenix,AZ,Large House,11,66.1,77.2,0.0,31.6,11071.3,3304,6,0.13,1447.26
Denver,CO,Apartment,2,51.1,58.0,417.2,0.0,15369.8,706,1,0.132,2040.51
Los Angeles,CA,Townhouse,11,58.7,36.0,188.8,0.0,20681.8,1667,2,0.22,4533.56
Los Angeles,CA,Townhouse,12,43.1,52.8,657.6,0.0,80720.2,1990,3,0.242,19517.05
Houston,TX,Large House,5,77.7,51.5,0.0,382.0,81012.5,3328,5,0.12,9730.4
Seattle,WA,Townhouse,1,43.8,83.9,637.1,0.0,70251.4,1790,1,0.11,7733.15
New York,NY,Townhouse,8,73.2,78.1,0.0,246.2,26209.3,2039,2,0.216,5667.44
Atlanta,GA,Large House,2,49.4,81.3,466.7,0.0,113305.1,3127,1,0.143,16183.23
Chicago,IL,House,8,79.5,70.6,0.0,435.0,46494.9,1961,1,0.168,7813.78
Chicago,IL,House,11,45.5,80.1,583.9,0.0,91707.6,2345,2,0.14,12834.37
Houston,TX,Condo,7,94.4,71.7,0.0,881.0,49892.0,1255,2,0.144,7176.83
Los Angeles,CA,Apartment,8,77.6,60.2,0.0,377.9,13650.3,847,1,0.264,3618.12
Los Angeles,CA,Townhouse,2,47.3,83.7,530.4,0.0,48308.2,1472,1,0.242,11679.41
Seattle,WA,Townhouse,12,44.8,41.9,605.6,0.0,59468.7,1590,1,0.11,6554.9
Denver,CO,Apartment,7,77.1,38.1,0.0,362.6,15649.9,1009,2,0.144,2257.39
Miami,FL,Townhouse,1,59.8,58.5,154.7,0.0,16326.2,1564,3,0.121,1987.09
Phoenix,AZ,House,6,92.5,59.1,0.0,824.6,78322.8,1773,3,0.156,12224.43
Miami,FL,Large House,8,91.6,65.4,0.0,796.8,239243.7,4868,5,0.132,31597.2
Phoenix,AZ,Townhouse,6,83.3,69.1,0.0,547.9,52207.8,1908,2,0.156,8129.3
New York,NY,Apartment,5,61.2,75.7,114.5,0.0,7775.6,1151,2,0.18,1397.42
Miami,FL,Townhouse,6,90.2,56.4,0.0,756.4,52801.9,1413,1,0.132,6965.06
Chicago,IL,House,10,54.4,50.3,318.9,0.0,40592.5,1861,1,0.14,5700.13
New York,NY,Apartment,12,34.5,74.3,913.7,0.0,55365.8,1187,1,0.198,10966.22
Chicago,IL,Townhouse,7,78.5,79.3,0.0,406.3,39219.0,1909,1,0.168,6577.52
Chicago,IL,Townhouse,3,42.3,80.4,680.7,0.0,63761.3,1518,2,0.14,8911.5
Los Angeles,CA,Apartment,2,44.2,44.3,623.4,0.0,30573.7,955,1,0.242,7401.13
Seattle,WA,Condo,5,60.2,35.2,142.7,0.0,12106.2,1376,1,0.1,1202.98
Houston,TX,Large House,8,90.8,57.5,0.0,772.7,229621.1,4814,5,0.144,33058.39
Atlanta,GA,Condo,6,71.1,65.1,0.0,184.0,13996.6,1513,3,0.156,2200.03
Phoenix,AZ,Large House,3,66.6,84.5,0.0,47.7,15481.8,3677,4,0.13,2009.62
Phoenix,AZ,Condo,11,74.6,55.8,0.0,286.7,21713.9,1597,1,0.13,2802.82
Atlanta,GA,Large House,3,51.2,62.0,413.8,0.0,159097.0,4911,5,0.13,20681.64
Phoenix,AZ,Condo,11,70.8,36.2,0.0,174.4,13090.5,1511,2,0.13,1708.06
Chicago,IL,Apartment,12,36.6,74.9,851.6,0.0,48062.5,1104,2,0.154,7414.69
Seattle,WA,Large House,10,66.3,37.7,0.0,40.0,12503.9,3212,6,0.1,1242.94
Seattle,WA,Large House,6,68.9,55.2,0.0,117.4,34782.8,4157,3,0.12,4163.4
Los Angeles,CA,Apartment,2,50.6,72.5,433.0,0.0,18628.2,827,1,0.242,4526.61
Chicago,IL,House,12,29.0,32.5,1080.2,0.0,230162.3,3226,2,0.154,35451.25
New York,NY,Condo,7,76.3,52.2,0.0,339.3,16711.7,1055,1,0.216,3602.75
Chicago,IL,Condo,10,56.3,51.2,261.7,0.0,22544.9,1474,1,0.14,3164.09
New York,NY,House,12,36.0,60.9,870.1,0.0,182377.7,3162,2,0.198,36116.7
Phoenix,AZ,Large House,5,86.5,48.5,0.0,646.0,176140.2,4395,3,0.13,22879.41
Boston,MA,Townhouse,6,76.4,58.1,0.0,341.4,35724.9,2034,4,0.252,9008.62
Phoenix,AZ,House,12,67.7,60.1,0.0,80.3,16949.4,3189,3,0.143,2413.55
Chicago,IL,Townhouse,4,56.1,41.8,268.3,0.0,35665.5,2079,2,0.14,5002.55
Boston,MA,Large House,7,78.5,33.5,0.0,406.0,98025.4,3827,1,0.252,24717.05
New York,NY,House,12,32.3,86.2,982.0,0.0,148499.6,2281,4,0.198,29409.87
New York,NY,Large House,6,73.3,86.9,0.0,248.0,71942.4,4457,2,0.216,15544.2
Miami,FL,Townhouse,12,62.9,88.7,64.4,0.0,6936.4,1414,1,0.121,853.93
Phoenix,AZ,Apartment,3,65.1,75.2,0.0,4.2,1302.0,1188,2,0.13,172.01
Denver,CO,Townhouse,9,68.2,77.3,0.0,95.5,11660.9,2064,2,0.12,1379.6
Los Angeles,CA,Large House,11,49.1,60.8,477.7,0.0,163321.0,4405,2,0.22,35935.91
Denver,CO,Large House,2,50.1,64.9,446.7,0.0,146537.0,4213,2,0.132,19341.95
Atlanta,GA,Apartment,9,70.6,81.4,0.0,167.7,8495.0,1106,1,0.13,1105.72
Atlanta,GA,Condo,2,43.0,80.9,659.2,0.0,45727.1,1223,2,0.143,6537.59
Miami,FL,House,7,88.0,31.9,0.0,690.8,111900.2,3024,1,0.132,14779.34
Miami,FL,Condo,3,68.1,77.0,0.0,91.9,6086.5,1221,1,0.11,676.96
Atlanta,GA,Condo,3,56.1,89.2,267.9,0.0,20733.6,1322,1,0.13,2692.82
Los Angeles,CA,House,8,71.1,80.7,0.0,181.9,20243.6,1911,1,0.264,5342.74
Phoenix,AZ,Large House,4,74.3,72.8,0.0,277.8,58188.6,3236,2,0.13,7564.07
Seattle,WA,Condo,6,75.5,55.4,0.0,315.7,17072.2,1150,1,0.12,2032.38
Denver,CO,Condo,6,72.3,50.3,0.0,217.8,13245.0,1247,2,0.144,1911.12
Boston,MA,Condo,8,74.5,71.6,0.0,285.5,12152.1,897,1,0.252,3063.73
Houston,TX,Townhouse,2,60.2,42.1,143.0,0.0,13944.4,1439,2,0.132,1849.2
Phoenix,AZ,Large House,7,96.6,56.5,0.0,948.4,275768.2,4731,6,0.156,43025.66
Phoenix,AZ,House,12,66.1,62.3,0.0,32.7,6186.5,2145,3,0.143,898.56
Boston,MA,Condo,10,53.1,37.6,358.3,0.0,28298.6,1371,1,0.21,5935.74
Denver,CO,House,8,78.0,51.1,0.0,390.0,44244.3,2072,1,0.144,6353.78
Los Angeles,CA,Condo,5,62.8,33.2,66.2,0.0,7525.5,1582,3,0.22,1652.23
Seattle,WA,Large House,10,63.9,43.1,33.1,0.0,18572.4,4883,4,0.1,1847.9
Boston,MA,House,2,27.9,50.4,1114.0,0.0,144679.5,1967,2,0.231,33433.04
Houston,TX,Townhouse,2,63.7,57.5,39.4,0.0,4395.2,1226,2,0.132,584.6
Atlanta,GA,House,7,73.7,75.9,0.0,260.0,47464.8,3218,4,0.156,7415.45
Seattle,WA,House,11,57.9,44.0,212.4,0.0,23980.4,1600,1,0.1,2395.67
Boston,MA,House,5,60.3,74.1,140.0,0.0,21891.8,2137,1,0.21,4599.62
Houston,TX,Large House,8,93.5,75.7,0.0,854.8,254564.5,4847,1,0.144,36676.73
New York,NY,Apartment,4,49.4,74.1,469.4,0.0,28978.4,1187,2,0.18,5226.33
Chicago,IL,House,12,37.2,59.1,834.1,0.0,160475.5,2901,1,0.154,24730.07
New York,NY,Condo,2,31.4,53.7,1008.9,0.0,83613.6,1480,1,0.198,16563.59
Los Angeles,CA,Large House,5,66.9,59.9,0.0,57.2,19230.5,3972,5,0.22,4235.61
Denver,CO,Large House,9,73.5,67.5,0.0,256.1,60506.3,3623,3,0.12,7265.52
Miami,FL,House,12,59.9,47.5,154.4,0.0,30324.8,2689,4,0.121,3667.62
Atlanta,GA,Townhouse,7,79.3,65.3,0.0,429.3,27548.2,1268,1,0.156,4284.59
Houston,TX,Large House,6,88.4,69.0,0.0,701.7,138652.4,3197,1,0.144,19977.2
Houston,TX,Condo,8,89.9,81.4,0.0,747.7,50426.6,1486,2,0.144,7267.84
Atlanta,GA,Large House,9,65.2,43.7,0.0,5.3,5883.8,3617,2,0.13,782.47
Miami,FL,Apartment,11,74.8,85.0,0.0,293.5,9243.2,733,1,0.11,1000.62
Chicago,IL,Apartment,12,31.7,35.7,997.8,0.0,48470.0,953,1,0.154,7453.03
Chicago,IL,Large House,5,64.8,33.2,7.1,0.0,7814.1,4229,3,0.14,1099.19
Atlanta,GA,House,12,47.4,77.2,528.0,0.0,58352.1,1644,1,0.143,8351.53
Chicago,IL,Large House,8,79.7,42.4,0.0,441.8,86719.2,3110,3,0.168,14570.53
Seattle,WA,Apartment,3,51.1,52.6,416.6,0.0,23507.3,1081,2,0.1,2356.2
Houston,TX,Townhouse,5,81.0,34.1,0.0,481.2,44607.2,1846,2,0.12,5341.93
Los Angeles,CA,Townhouse,12,48.8,48.3,484.8,0.0,42313.0,1402,1,0.242,10245.39
Atlanta,GA,Townhouse,4,54.8,89.1,306.5,0.0,41674.4,2152,1,0.13,5418.47
Miami,FL,Large House,1,66.7,31.8,0.0,51.7,15738.6,3638,1,0.121,1888.54
Boston,MA,Apartment,4,50.8,44.6,425.0,0.0,20252.0,914,1,0.21,4242.85
Los Angeles,CA,Condo,5,62.1,47.5,86.6,0.0,8306.6,1448,1,0.22,1812.41
Denver,CO,Large House,8,70.6,34.5,0.0,168.7,54770.5,4784,4,0.144,7902.24
Atlanta,GA,Townhouse,12,43.0,78.9,660.4,0.0,54666.8,1344,1,0.143,7817.18
Phoenix,AZ,Large House,3,68.4,35.2,0.0,102.2,24101.0,3165,6,0.13,3126.61
New York,NY,House,11,42.4,43.5,679.2,0.0,120768.1,2662,4,0.18,21720.68
Phoenix,AZ,Large House,7,93.2,55.2,0.0,846.7,243130.8,4672,1,0.156,37933.72
Los Angeles,CA,Large House,7,74.8,46.6,0.0,294.4,72042.8,3803,2,0.264,19038.86
Miami,FL,Large House,12,63.4,80.2,49.2,0.0,19853.0,3887,5,0.121,2390.78
Denver,CO,Townhouse,12,46.6,70.6,551.3,0.0,67315.7,1968,2,0.132,8870.59
Los Angeles,CA,Large House,10,65.5,69.3,0.0,16.3,9394.2,4168,2,0.22,2050.17
Seattle,WA,House,1,46.4,30.1,558.9,0.0,107444.0,2863,4,0.11,11816.38
Seattle,WA,Condo,12,45.4,56.5,588.9,0.0,36351.9,1083,2,0.11,3990.32
Houston,TX,Apartment,12,65.1,59.8,0.0,1.9,574.8,510,1,0.132,57.47
Phoenix,AZ,House,6,86.1,65.8,0.0,632.3,109420.5,3206,5,0.156,17083.81
Seattle,WA,Large House,11,55.0,60.7,299.7,0.0,107032.8,4500,3,0.1,10707.37
Houston,TX,Condo,1,58.7,63.2,189.9,0.0,11681.6,1014,1,0.132,1542.02
New York,NY,Condo,8,81.7,74.3,0.0,501.0,27155.6,1175,2,0.216,5860.33
Phoenix,AZ,Townhouse,8,95.0,83.2,0.0,899.1,85095.8,1922,3,0.156,13278.14
Phoenix,AZ,House,5,86.1,36.7,0.0,633.3,65281.8,1920,1,0.13,8473.57
Boston,MA,Townhouse,1,24.4,55.3,1218.6,0.0,108525.2,1464,1,0.231,25058.86
Miami,FL,Apartment,10,78.7,74.3,0.0,411.0,13695.5,787,1,0.11,1495.8
Phoenix,AZ,Large House,3,69.2,38.7,0.0,126.6,38885.3,4350,4,0.13,5054.74
Seattle,WA,Apartment,4,61.1,88.0,118.4,0.0,7186.7,1068,1,0.1,737.15
New York,NY,Apartment,3,42.3,80.7,682.3,0.0,26676.5,761,1,0.18,4812.09
Phoenix,AZ,Apartment,11,72.0,80.3,0.0,209.3,9021.1,970,1,0.13,1176.87
Houston,TX,Large House,4,73.0,41.8,0.0,238.7,55114.4,3503,5,0.12,6610.91
Denver,CO,Condo,9,70.2,77.5,0.0,156.6,12085.3,1536,2,0.12,1450.75
Boston,MA,Condo,9,73.7,36.1,0.0,260.0,19257.4,1537,2,0.21,4038.0
Chicago,IL,Condo,6,77.1,68.1,0.0,362.5,14279.6,838,1,0.168,2404.24
Houston,TX,House,9,84.3,67.9,0.0,579.9,109495.1,3496,4,0.12,13142.61
Denver,CO,Apartment,7,79.2,65.8,0.0,427.1,18489.8,1028,2,0.144,2650.41
Houston,TX,Townhouse,3,72.2,33.5,0.0,217.4,20942.3,1808,3,0.12,2499.23
Chicago,IL,House,11,41.9,35.3,694.5,0.0,129367.4,2792,4,0.14,18107.6
Boston,MA,House,9,73.6,70.2,0.0,258.5,47497.0,3247,4,0.21,9978.44
Los Angeles,CA,Large House,2,46.6,64.6,552.3,0.0,181089.3,4246,1,0.242,43820.81
Atlanta,GA,Large House,4,56.6,71.5,251.5,0.0,69210.3,3444,1,0.13,9004.09
Chicago,IL,Townhouse,3,37.6,44.1,823.4,0.0,80481.6,1597,1,0.14,11286.78
Boston,MA,House,4,50.1,62.2,447.4,0.0,69633.5,2297,3,0.21,14607.47
Denver,CO,House,7,71.4,48.1,0.0,192.4,18508.0,1666,1,0.144,2682.93
Boston,MA,Condo,5,68.5,66.0,0.0,104.5,7193.0,1278,2,0.21,1521.14
Seattle,WA,Large House,6,70.7,63.2,0.0,169.5,35095.4,3070,1,0.12,4203.41
Houston,TX,Large House,11,69.5,76.5,0.0,136.5,42811.7,4458,6,0.12,5118.49
Atlanta,GA,Large House,9,74.0,86.0,0.0,269.8,68047.5,3878,4,0.13,8857.54
Phoenix,AZ,Townhouse,12,59.6,46.0,160.6,0.0,13027.6,1216,2,0.143,1863.08
Boston,MA,Condo,6,73.9,46.4,0.0,266.3,19773.9,1538,3,0.252,5001.09
Miami,FL,Condo,7,88.0,33.7,0.0,690.1,34588.7,1100,2,0.132,4582.43
Atlanta,GA,House,8,70.6,71.9,0.0,168.2,17620.0,1791,1,0.156,2765.01
Los Angeles,CA,Townhouse,4,53.1,59.8,356.9,0.0,32306.7,1442,1,0.22,7118.49
New York,NY,House,7,78.7,83.6,0.0,411.1,71208.5,3148,5,0.216,15383.56
Denver,CO,Apartment,6,69.6,82.3,0.0,137.5,3918.6,610,1,0.144,568.05
New York,NY,Apartment,7,75.5,87.4,0.0,316.5,13843.7,1028,1,0.216,2983.92
New York,NY,Apartment,1,32.5,52.0,974.7,0.0,45353.8,912,1,0.198,8973.92
Atlanta,GA,Condo,10,65.6,82.0,0.0,19.5,2627.3,1477,1,0.13,335.78
Seattle,WA,Townhouse,3,48.3,48.2,501.8,0.0,44242.1,1417,1,0.1,4443.63
Phoenix,AZ,Townhouse,2,66.6,84.6,0.0,46.8,4689.2,1394,2,0.143,674.54
Houston,TX,Apartment,4,74.2,65.0,0.0,275.0,12674.8,1064,1,0.12,1502.63
New York,NY,Townhouse,12,35.6,65.9,880.8,0.0,101295.9,1875,3,0.198,20037.1
Seattle,WA,Condo,7,78.1,61.1,0.0,392.3,16690.0,914,1,0.12,1984.44
Denver,CO,Apartment,2,52.8,71.2,365.5,0.0,18506.3,964,1,0.132,2446.87
Denver,CO,Condo,2,44.3,56.4,620.3,0.0,38186.0,1082,2,0.132,5041.33
Atlanta,GA,Large House,10,62.1,87.7,88.4,0.0,30096.6,3812,2,0.13,3923.78
Chicago,IL,Large House,5,61.4,60.1,106.6,0.0,29013.0,3115,3,0.14,4057.15
New York,NY,Large House,4,54.7,39.0,308.7,0.0,110282.5,4523,1,0.18,19841.36
Denver,CO,Townhouse,12,46.2,45.8,563.7,0.0,60966.6,1740,3,0.132,8030.31
Phoenix,AZ,Townhouse,1,62.4,86.4,76.9,0.0,10185.1,1808,1,0.143,1476.07
Boston,MA,Apartment,10,58.4,86.5,197.6,0.0,7516.0,691,1,0.21,1573.26
Denver,CO,House,5,59.4,53.9,168.9,0.0,31509.8,2584,4,0.12,3762.27
New York,NY,Townhouse,7,76.7,53.5,0.0,351.7,21676.5,1206,2,0.216,4662.55
Los Angeles,CA,Condo,11,51.2,50.1,413.6,0.0,38051.6,1597,3,0.22,8376.5
Seattle,WA,House,1,40.3,50.9,741.3,0.0,159431.1,3233,3,0.11,17537.87
Miami,FL,Townhouse,12,62.3,62.3,81.1,0.0,9967.8,1668,2,0.121,1219.15
Boston,MA,Large House,12,33.8,85.6,934.9,0.0,355497.4,4981,2,0.231,82110.56
Boston,MA,Condo,10,59.0,49.5,178.5,0.0,15093.2,1407,1,0.21,3177.33
Atlanta,GA,House,1,40.3,57.3,741.9,0.0,133868.1,2713,1,0.143,19134.02
Los Angeles,CA,Townhouse,3,48.7,36.0,489.5,0.0,44373.4,1457,1,0.22,9765.38
Chicago,IL,House,11,42.3,57.0,679.6,0.0,106752.1,2353,2,0.14,14962.57
Los Angeles,CA,Condo,4,54.0,45.8,330.7,0.0,15593.0,807,1,0.22,3420.45
Denver,CO,Apartment,4,55.2,41.8,294.9,0.0,12862.8,816,1,0.12,1544.13
Phoenix,AZ,Condo,6,87.0,83.9,0.0,661.0,36967.6,1226,2,0.156,5763.51
Denver,CO,Apartment,12,51.2,32.4,414.0,0.0,25348.0,1174,2,0.132,3340.35
Denver,CO,Large House,11,56.5,62.7,253.9,0.0,76087.0,3716,6,0.12,9143.73
New York,NY,Apartment,6,75.8,89.2,0.0,325.4,10869.8,776,1,0.216,2366.77
Boston,MA,Large House,2,27.5,58.9,1125.2,0.0,355781.3,4146,6,0.231,82201.9
Phoenix,AZ,Large House,12,67.0,82.8,0.0,59.7,23605.8,4883,1,0.143,3390.48
Los Angeles,CA,Townhouse,11,58.8,80.4,185.2,0.0,24295.8,1975,3,0.22,5335.92
Seattle,WA,Apartment,10,59.5,57.2,164.2,0.0,10678.1,1173,2,0.1,1082.52
Seattle,WA,Townhouse,7,79.1,53.5,0.0,423.2,44135.7,2063,2,0.12,5290.76
Miami,FL,Townhouse,4,77.8,43.2,0.0,385.5,39276.3,1995,3,0.11,4320.25
Seattle,WA,Townhouse,10,63.2,32.7,54.5,0.0,8036.2,1835,2,0.1,794.64
Chicago,IL,Condo,9,65.8,52.9,0.0,24.3,1966.6,904,1,0.14,275.74
Phoenix,AZ,Large House,11,72.5,35.8,0.0,224.4,47952.6,3220,5,0.13,6220.24
Denver,CO,Condo,7,75.4,33.6,0.0,311.2,15105.0,1023,2,0.144,2163.38
Los Angeles,CA,Townhouse,2,43.8,88.7,636.8,0.0,72357.4,1845,1,0.242,17495.04
Los Angeles,CA,House,1,45.1,58.5,598.0,0.0,73451.1,1835,2,0.242,17773.41
Atlanta,GA,Condo,8,71.3,67.2,0.0,188.0,9085.3,974,1,0.156,1401.71
Seattle,WA,Apartment,10,65.8,50.8,0.0,24.3,1735.6,917,1,0.1,180.21
Denver,CO,Townhouse,11,51.2,72.3,415.4,0.0,36342.9,1401,1,0.12,4368.41
Boston,MA,Townhouse,1,26.1,46.4,1167.8,0.0,123898.3,1740,2,0.231,28608.31
Boston,MA,Condo,10,53.0,59.2,358.7,0.0,29939.0,1443,2,0.21,6284.77
Atlanta,GA,Large House,1,45.1,44.6,598.0,0.0,174535.1,3788,1,0.143,24944.49
Los Angeles,CA,Apartment,9,67.6,48.8,0.0,78.2,2230.5,538,1,0.22,508.67
Chicago,IL,Townhouse,2,32.1,55.9,985.8,0.0,94876.2,1577,1,0.154,14600.98
Los Angeles,CA,House,2,43.5,79.9,645.6,0.0,124106.5,2873,4,0.242,30023.86
Los Angeles,CA,Townhouse,5,69.0,59.5,0.0,119.8,10499.1,1533,1,0.22,2323.52
New York,NY,Apartment,6,71.8,86.4,0.0,202.8,7954.5,890,1,0.216,1725.56
Phoenix,AZ,Apartment,6,84.9,55.5,0.0,596.3,24478.0,985,1,0.156,3809.38
Atlanta,GA,Apartment,4,59.3,60.4,171.2,0.0,7238.9,773,1,0.13,921.29
Los Angeles,CA,Large House,6,67.0,87.4,0.0,60.6,20266.5,3986,6,0.264,5334.43
Atlanta,GA,Townhouse,2,46.3,76.5,561.9,0.0,51777.0,1486,2,0.143,7418.41
Seattle,WA,Large House,1,41.7,53.6,697.5,0.0,265924.7,4957,4,0.11,29265.51
Denver,CO,Apartment,9,73.9,61.1,0.0,268.4,8816.9,763,1,0.12,1071.13
Phoenix,AZ,Large House,3,72.1,88.7,0.0,214.1,67420.5,4756,4,0.13,8745.6
Atlanta,GA,Large House,1,47.9,73.4,513.7,0.0,156377.4,3933,1,0.143,22352.0
New York,NY,Condo,1,26.8,30.2,1146.7,0.0,94597.6,1478,1,0.198,18739.27
Atlanta,GA,Large House,1,48.4,58.8,498.4,0.0,156228.1,4047,1,0.143,22321.76
Boston,MA,House,4,57.1,57.4,237.7,0.0,49048.6,2963,2,0.21,10311.49
Houston,TX,House,10,75.6,79.9,0.0,317.8,57491.1,3255,3,0.12,6904.89
New York,NY,Townhouse,10,56.6,51.4,250.7,0.0,20192.1,1249,2,0.18,3620.21
Seattle,WA,Townhouse,5,59.5,77.6,164.3,0.0,19674.3,1803,1,0.1,1981.88
Atlanta,GA,House,4,61.4,35.8,107.0,0.0,24993.9,3074,3,0.13,3243.08
Atlanta,GA,Large House,7,74.2,68.0,0.0,276.2,64459.9,3606,2,0.156,10064.35
Atlanta,GA,Large House,10,58.6,45.3,193.1,0.0,70242.1,4447,4,0.13,9124.04
Phoenix,AZ,Condo,2,60.9,34.1,122.7,0.0,9364.1,1196,2,0.143,1322.63
Houston,TX,House,6,90.2,88.4,0.0,755.2,95572.4,2359,3,0.144,13748.68
Miami,FL,Townhouse,3,65.4,37.6,0.0,12.6,2737.1,1638,1,0.11,304.09
Chicago,IL,Condo,4,51.0,81.1,418.9,0.0,32127.0,1333,2,0.14,4502.42
Denver,CO,Large House,6,69.0,82.6,0.0,120.2,41900.7,4891,5,0.144,6020.4
Miami,FL,Apartment,11,74.7,49.3,0.0,290.2,12451.2,994,1,0.11,1374.54
Boston,MA,Townhouse,7,75.0,60.9,0.0,300.6,24535.8,1575,2,0.252,6183.54
Atlanta,GA,Townhouse,7,74.3,54.5,0.0,278.4,20231.0,1406,1,0.156,3154.2
Houston,TX,Apartment,12,60.7,67.6,129.7,0.0,3713.5,503,1,0.132,495.95
Denver,CO,House,6,72.4,70.8,0.0,222.3,39384.8,3109,2,0.144,5654.35
Phoenix,AZ,Large House,4,73.9,76.5,0.0,266.6,81019.0,4688,3,0.13,10543.84
Phoenix,AZ,Large House,9,88.3,67.1,0.0,698.6,176807.1,4078,6,0.13,23003.75
Denver,CO,Condo,6,74.7,42.9,0.0,290.3,13158.9,954,1,0.144,1882.57
Miami,FL,Condo,6,86.5,59.4,0.0,645.6,28758.5,977,1,0.132,3787.58
Seattle,WA,House,1,49.5,73.4,464.1,0.0,107440.0,3425,4,0.11,11830.77
Chicago,IL,Townhouse,8,76.8,49.3,0.0,352.7,23649.3,1304,2,0.168,3953.77
New York,NY,Apartment,1,24.6,83.4,1211.3,0.0,44203.2,718,1,0.198,8740.62
Miami,FL,Townhouse,2,68.6,55.1,0.0,108.0,8622.8,1383,1,0.121,1028.82
Chicago,IL,Large House,6,70.0,88.6,0.0,149.6,50058.3,4866,3,0.168,8406.17
Houston,TX,Condo,7,88.3,47.7,0.0,698.3,49628.5,1561,3,0.144,7162.85
Los Angeles,CA,Townhouse,11,52.2,80.1,383.4,0.0,29865.4,1237,2,0.22,6572.13
Boston,MA,House,9,71.7,87.6,0.0,199.7,29005.6,2524,1,0.21,6096.72
Atlanta,GA,Apartment,4,58.4,41.2,199.0,0.0,7512.1,682,1,0.13,984.82
Seattle,WA,Condo,6,70.1,70.8,0.0,154.4,9083.7,1163,2,0.12,1098.73
Atlanta,GA,Condo,2,47.4,64.1,526.7,0.0,24981.6,835,1,0.143,3560.38
Denver,CO,Apartment,6,69.4,57.2,0.0,131.6,5047.6,800,1,0.144,729.23
Boston,MA,House,11,46.3,30.4,561.0,0.0,116199.2,3093,2,0.21,24390.45
Seattle,WA,Townhouse,1,42.3,67.4,680.2,0.0,79442.7,1892,3,0.11,8740.06
Denver,CO,Large House,2,46.7,58.9,548.1,0.0,179780.9,4228,6,0.132,23730.9
Atlanta,GA,House,10,62.7,70.1,70.1,0.0,15689.2,2670,5,0.13,2059.54
Los Angeles,CA,Large House,5,63.6,53.3,42.0,0.0,18875.7,4150,6,0.22,4171.18
Los Angeles,CA,Large House,12,42.4,47.3,679.2,0.0,227232.8,4356,1,0.242,54974.87
Miami,FL,Large House,7,96.0,85.3,0.0,929.6,276859.0,4855,2,0.132,36533.56
Chicago,IL,House,1,30.8,65.6,1027.4,0.0,120215.4,1767,3,0.154,18531.68
Denver,CO,House,9,67.1,35.3,0.0,63.8,10143.9,2255,3,0.12,1199.95
Seattle,WA,Townhouse,2,49.2,80.5,475.3,0.0,44869.7,1512,3,0.11,4940.22
Seattle,WA,Townhouse,11,56.5,34.7,255.3,0.0,33028.6,2009,3,0.1,3300.42
Los Angeles,CA,Apartment,4,63.0,76.4,60.5,0.0,4667.7,1196,1,0.22,1029.83
New York,NY,Large House,11,47.6,62.9,521.0,0.0,166584.9,4117,5,0.18,29989.6
Miami,FL,Large House,5,86.0,41.3,0.0,630.5,133765.0,3417,3,0.11,14705.21
Miami,FL,Condo,12,62.5,82.2,76.3,0.0,4781.5,903,1,0.121,575.89
Seattle,WA,Condo,11,56.6,83.7,253.0,0.0,23394.7,1579,1,0.1,2321.25
Phoenix,AZ,Apartment,11,69.2,77.9,0.0,125.1,6374.7,1088,1,0.13,812.86
New York,NY,Townhouse,1,23.1,34.8,1255.7,0.0,135321.5,1771,2,0.198,26784.31
Phoenix,AZ,Condo,10,84.1,77.0,0.0,572.7,39390.9,1504,2,0.13,5136.38
Chicago,IL,House,5,63.2,46.0,53.9,0.0,11229.4,2426,2,0.14,1575.12
Chicago,IL,Townhouse,6,69.1,47.4,0.0,123.9,9973.6,1416,2,0.168,1677.03
Los Angeles,CA,House,5,60.4,70.4,138.5,0.0,30097.0,2949,3,0.22,6629.31
Seattle,WA,Large House,11,50.9,77.6,424.3,0.0,122869.0,3691,6,0.1,12284.2
Chicago,IL,Apartment,10,53.7,48.4,340.4,0.0,10886.7,600,1,0.14,1519.51
Los Angeles,CA,Townhouse,3,47.4,78.3,528.3,0.0,65506.5,1998,3,0.22,14391.75
Boston,MA,Large House,12,32.4,44.8,979.4,0.0,227103.4,3031,5,0.231,52444.96
Miami,FL,Large House,2,63.4,42.8,47.5,0.0,15546.0,3153,4,0.121,1863.26
Miami,FL,Condo,4,71.0,53.4,0.0,180.5,11739.1,1310,2,0.11,1297.19
Boston,MA,House,6,70.8,52.1,0.0,174.0,27017.5,2627,4,0.252,6808.11
New York,NY,Apartment,6,71.3,30.4,0.0,188.1,6304.6,735,1,0.216,1349.24
Seattle,WA,Large House,7,77.6,85.0,0.0,379.0,85654.3,3556,4,0.12,10295.48
Houston,TX,Apartment,2,65.9,60.2,0.0,28.5,1798.5,865,1,0.132,256.89
Phoenix,AZ,Condo,3,67.0,52.1,0.0,59.2,4557.7,1222,2,0.13,573.21
Atlanta,GA,Apartment,4,59.9,37.0,152.6,0.0,9867.2,1157,2,0.13,1295.58
Miami,FL,Condo,12,64.0,42.4,31.2,0.0,3262.5,1188,2,0.121,410.03
Houston,TX,Townhouse,2,63.2,41.0,52.6,0.0,8369.3,1964,2,0.132,1090.18
Chicago,IL,Townhouse,11,45.1,49.3,596.5,0.0,52403.0,1421,2,0.14,7345.09
Boston,MA,Large House,10,54.6,80.9,313.3,0.0,85658.2,3433,6,0.21,17985.74
Miami,FL,Large House,4,74.5,37.2,0.0,284.0,78979.7,4313,2,0.11,8667.77
Seattle,WA,Townhouse,1,42.9,38.6,663.5,0.0,89318.7,2177,4,0.11,9842.86
Los Angeles,CA,Townhouse,5,62.1,88.8,87.5,0.0,7830.8,1241,1,0.22,1703.12
Boston,MA,Townhouse,1,25.0,59.8,1201.0,0.0,95723.6,1309,2,0.231,22099.74
Phoenix,AZ,Large House,2,68.7,70.5,0.0,109.7,27443.8,3517,1,0.143,3942.41
Seattle,WA,Condo,7,74.6,39.2,0.0,289.3,15051.2,1104,1,0.12,1822.59
Seattle,WA,Townhouse,11,51.0,59.2,419.2,0.0,39931.3,1520,2,0.1,4010.9
Boston,MA,Large House,7,77.1,58.8,0.0,361.7,92129.0,3980,6,0.252,23203.95
Atlanta,GA,Large House,7,70.0,77.3,0.0,151.4,46130.5,4452,2,0.156,7184.61
Chicago,IL,House,10,59.4,86.6,169.0,0.0,37770.3,3086,5,0.14,5273.23
Los Angeles,CA,House,1,49.5,70.0,465.0,0.0,58227.1,1850,3,0.242,14095.08
Seattle,WA,Apartment,5,65.2,81.4,0.0,6.9,1373.5,1117,2,0.1,129.68
Boston,MA,Townhouse,7,83.7,74.3,0.0,562.4,60926.1,2173,1,0.252,15355.15
Atlanta,GA,Townhouse,12,42.3,55.1,681.2,0.0,56916.9,1353,2,0.143,8152.74
Denver,CO,House,10,57.7,76.7,218.5,0.0,33206.3,2141,4,0.12,3987.38
Seattle,WA,House,2,49.2,67.2,475.5,0.0,92240.2,2877,3,0.11,10155.69
Boston,MA,Large House,10,57.0,77.8,238.6,0.0,59737.6,3094,5,0.21,12547.63
Houston,TX,Apartment,12,66.4,87.3,0.0,40.8,1914.7,727,1,0.132,265.47
Los Angeles,CA,Apartment,3,51.7,31.5,399.4,0.0,11591.4,550,1,0.22,2535.66
Houston,TX,Large House,11,72.4,79.9,0.0,221.5,68152.6,4669,3,0.12,8191.14
Chicago,IL,Large House,11,44.6,38.8,610.6,0.0,155845.3,3315,1,0.14,21806.53
Miami,FL,Large House,3,70.8,67.0,0.0,172.9,40260.8,3455,2,0.11,4412.91
Los Angeles,CA,Condo,11,54.8,75.8,305.2,0.0,28274.2,1582,3,0.22,6232.14
Denver,CO,House,10,62.5,58.1,74.6,0.0,11087.2,1822,2,0.12,1348.15
Chicago,IL,Condo,7,75.8,65.6,0.0,324.7,12326.4,807,1,0.168,2085.73
Seattle,WA,Townhouse,2,49.9,77.8,454.1,0.0,42835.6,1511,2,0.11,4710.29
Houston,TX,Apartment,7,90.8,33.9,0.0,774.6,21050.0,658,1,0.144,3050.15
Denver,CO,Townhouse,10,58.2,60.3,203.0,0.0,24380.0,1829,3,0.12,2907.61
Atlanta,GA,Large House,2,43.1,30.3,657.0,0.0,158133.3,3128,2,0.143,22629.95
Houston,TX,Large House,2,65.8,63.0,0.0,23.8,9634.9,3593,1,0.132,1254.83
Boston,MA,Large House,7,74.2,50.3,0.0,276.3,62610.2,3510,2,0.252,15775.94
Phoenix,AZ,Large House,6,85.8,80.8,0.0,624.9,120638.0,3108,3,0.156,18803.39
Atlanta,GA,Condo,10,58.4,61.2,197.4,0.0,16294.8,1371,1,0.13,2124.32
Los Angeles,CA,House,2,48.9,88.7,482.4,0.0,93918.3,2880,4,0.242,22740.57
Phoenix,AZ,Apartment,9,91.8,36.9,0.0,804.5,34512.5,1038,2,0.13,4492.69
Houston,TX,Condo,4,73.0,30.8,0.0,238.7,15195.1,1318,1,0.12,1816.22
Phoenix,AZ,Apartment,1,61.1,39.5,116.7,0.0,5046.7,748,1,0.143,730.86
Atlanta,GA,Townhouse,2,44.3,85.9,621.4,0.0,74302.7,1935,2,0.143,10613.7
Miami,FL,Apartment,7,91.9,34.4,0.0,807.9,24633.1,739,1,0.132,3248.03
Phoenix,AZ,House,7,89.7,58.7,0.0,742.4,126945.3,3184,5,0.156,19790.29
Atlanta,GA,Apartment,2,51.3,68.9,410.4,0.0,12126.8,560,1,0.143,1734.98
Miami,FL,Apartment,2,65.3,84.9,0.0,7.7,1444.0,1064,2,0.121,156.86
Phoenix,AZ,House,1,64.7,52.2,10.2,0.0,3223.9,1769,1,0.143,466.38
Atlanta,GA,House,9,70.9,35.8,0.0,177.7,19183.8,1833,3,0.13,2475.82
Los Angeles,CA,Condo,12,46.3,78.7,561.4,0.0,33478.9,1048,2,0.242,8114.56
Seattle,WA,Apartment,3,51.0,65.0,420.9,0.0,21128.7,963,1,0.1,2128.72
Denver,CO,Large House,5,64.1,71.2,26.2,0.0,15739.0,4783,4,0.12,1872.27
Los Angeles,CA,Large House,4,55.3,59.9,291.1,0.0,109739.9,4728,5,0.22,24152.67
Miami,FL,Apartment,1,61.7,89.5,97.7,0.0,6909.8,1163,2,0.121,838.28
Chicago,IL,Large House,3,39.2,72.3,775.3,0.0,292664.5,4928,1,0.14,40986.58
Chicago,IL,Townhouse,11,48.3,48.1,500.7,0.0,65387.7,2107,1,0.14,9145.24
Phoenix,AZ,Townhouse,7,92.3,65.3,0.0,819.8,71918.2,1780,2,0.156,11212.35
Seattle,WA,Condo,5,66.6,85.8,0.0,48.2,4309.4,1393,1,0.1,427.74
Atlanta,GA,Condo,4,53.1,45.5,357.8,0.0,22510.9,1083,2,0.13,2909.99
Los Angeles,CA,Condo,11,49.3,76.6,472.1,0.0,22839.5,844,1,0.22,5007.5
New York,NY,House,12,31.9,73.4,993.7,0.0,223542.0,3404,1,0.198,44252.03
Seattle,WA,Townhouse,12,51.1,77.8,416.5,0.0,45893.1,1751,3,0.11,5065.48
Denver,CO,House,3,54.7,85.1,309.5,0.0,55199.5,2587,3,0.12,6624.42
Denver,CO,House,10,59.3,46.8,172.1,0.0,28521.8,2305,2,0.12,3404.85
Miami,FL,House,3,70.0,57.7,0.0,149.5,28888.2,3242,3,0.11,3166.6
Atlanta,GA,House,4,54.5,72.4,314.2,0.0,61295.5,2831,4,0.13,7964.75
Phoenix,AZ,Large House,11,75.5,58.6,0.0,315.6,98906.5,4887,3,0.13,12872.41
Los Angeles,CA,Large House,1,40.6,78.1,733.2,0.0,176354.5,3128,4,0.242,42690.75
Seattle,WA,Condo,8,76.0,77.6,0.0,329.3,14566.9,937,1,0.12,1751.07
Miami,FL,Large House,5,86.2,69.3,0.0,636.8,177824.2,4488,6,0.11,19552.85
New York,NY,Townhouse,12,36.3,78.2,861.9,0.0,87995.1,1667,1,0.198,17415.73
Miami,FL,House,12,65.8,48.9,0.0,24.2,4860.8,2069,1,0.121,586.46
Miami,FL,House,2,68.2,38.4,0.0,96.7,21375.7,3488,1,0.121,2567.17
Denver,CO,Apartment,12,49.7,64.2,460.4,0.0,20227.7,845,1,0.132,2673.64
Chicago,IL,House,3,38.4,57.6,798.8,0.0,118944.2,2240,3,0.14,16633.33
Houston,TX,Condo,6,88.4,80.4,0.0,700.7,45261.7,1421,2,0.144,6517.85
Denver,CO,Condo,1,42.8,38.7,665.9,0.0,39809.6,1058,1,0.132,5269.83
Boston,MA,Large House,6,77.3,37.4,0.0,367.9,80484.5,3444,2,0.252,20264.67
Houston,TX,Condo,10,75.1,30.8,0.0,302.9,19290.0,1357,1,0.12,2304.69
Seattle,WA,Townhouse,9,74.2,69.4,0.0,276.0,21928.8,1516,3,0.1,2173.52
Phoenix,AZ,Apartment,6,90.4,38.9,0.0,760.7,29519.7,943,1,0.156,4607.0
New York,NY,Large House,1,29.1,38.6,1076.8,0.0,348871.2,4250,3,0.198,69085.92
Atlanta,GA,Apartment,5,62.9,81.5,61.5,0.0,3644.0,900,1,0.13,484.23
Los Angeles,CA,Large House,4,57.2,46.0,234.0,0.0,86547.1,4573,5,0.22,19027.87
Chicago,IL,House,10,52.8,72.0,366.1,0.0,84007.4,3362,4,0.14,11758.84
Boston,MA,Apartment,8,73.9,54.7,0.0,265.6,11241.7,968,1,0.252,2835.72
Phoenix,AZ,Condo,12,62.6,46.3,72.7,0.0,5941.1,1193,1,0.143,854.14
Denver,CO,Large House,12,48.4,35.8,499.0,0.0,123664.8,3180,6,0.132,16316.87
Chicago,IL,House,8,72.4,62.0,0.0,221.5,20092.1,1572,2,0.168,3368.99
Miami,FL,Apartment,6,85.7,80.6,0.0,619.7,24157.8,940,1,0.132,3190.57
Denver,CO,Large House,11,53.4,87.7,347.4,0.0,128233.9,4681,4,0.12,15402.63
Los Angeles,CA,Condo,10,62.3,33.7,82.3,0.0,5142.8,915,1,0.22,1144.93
Los Angeles,CA,Townhouse,3,49.4,80.2,467.8,0.0,35653.3,1222,1,0.22,7855.31
Phoenix,AZ,Condo,9,87.5,75.9,0.0,673.7,47796.6,1565,1,0.13,6229.44
New York,NY,Townhouse,7,78.7,56.2,0.0,412.4,28950.2,1381,2,0.216,6265.07
Boston,MA,Condo,4,53.8,43.6,335.5,0.0,23608.1,1220,1,0.21,4964.12
New York,NY,Condo,5,63.1,69.3,57.0,0.0,4699.7,1126,2,0.18,862.06
Chicago,IL,Apartment,12,31.0,66.1,1021.2,0.0,28273.1,543,1,0.154,4338.13
Boston,MA,Condo,1,28.7,30.2,1090.1,0.0,97582.4,1600,2,0.231,22549.34
Atlanta,GA,Large House,11,55.5,80.6,284.4,0.0,111274.0,4899,6,0.13,14477.57
Phoenix,AZ,House,8,90.7,65.8,0.0,769.6,96923.4,2358,1,0.156,15103.76
New York,NY,Condo,12,35.3,39.8,891.3,0.0,58050.7,1159,2,0.198,11489.95
Los Angeles,CA,Apartment,12,43.4,31.6,647.3,0.0,37896.1,1140,1,0.242,9187.48
Atlanta,GA,Townhouse,6,74.0,75.9,0.0,271.2,17176.8,1223,1,0.156,2662.52
Seattle,WA,House,11,58.5,52.5,196.5,0.0,27560.9,1987,1,0.1,2742.34
Miami,FL,House,3,65.2,36.8,0.0,6.5,4557.2,3142,2,0.11,504.03
Denver,CO,Condo,10,60.2,57.6,143.9,0.0,13372.5,1517,1,0.12,1593.78
Boston,MA,House,12,37.7,69.9,820.0,0.0,164013.3,3017,1,0.231,37893.94
Houston,TX,Condo,12,67.3,38.4,0.0,69.3,4401.2,1085,1,0.132,596.6
Boston,MA,Townhouse,7,80.1,46.3,0.0,453.4,38912.8,1703,2,0.252,9820.65
Miami,FL,Condo,3,74.7,47.6,0.0,290.3,14852.2,1083,1,0.11,1630.48
Denver,CO,Large House,9,72.3,83.3,0.0,218.4,72144.1,4991,5,0.12,8656.34
Phoenix,AZ,House,6,89.8,56.3,0.0,743.0,102890.3,2584,3,0.156,16063.76
Miami,FL,Apartment,12,61.8,56.9,96.9,0.0,6229.1,1095,1,0.121,749.15
Chicago,IL,Large House,11,40.9,50.8,722.6,0.0,230011.3,4145,3,0.14,32202.44
Houston,TX,Townhouse,2,64.8,53.6,5.8,0.0,1879.5,1288,2,0.132,253.18
Phoenix,AZ,Townhouse,9,88.7,56.5,0.0,709.5,74812.2,2123,4,0.13,9721.89
Houston,TX,Large House,8,86.8,88.1,0.0,653.2,176469.6,4349,6,0.144,25394.32
Denver,CO,House,3,55.7,86.9,277.9,0.0,48716.1,2518,4,0.12,5860.92
Denver,CO,Large House,9,69.4,72.9,0.0,131.4,40270.1,4371,4,0.12,4849.19
New York,NY,Townhouse,11,46.6,80.5,550.6,0.0,65352.0,1919,1,0.18,11782.08
Seattle,WA,Condo,3,49.1,76.3,477.2,0.0,23704.1,871,1,0.1,2371.67
Seattle,WA,Townhouse,2,43.9,33.8,634.2,0.0,60826.1,1554,1,0.11,6697.94
Houston,TX,Large House,3,70.0,80.5,0.0,150.5,44641.1,4287,5,0.12,5358.2
Seattle,WA,Large House,7,79.2,45.2,0.0,426.2,97778.7,3644,1,0.12,11745.75
Los Angeles,CA,House,1,43.5,44.2,645.0,0.0,135591.0,3138,6,0.242,32794.5
Miami,FL,Townhouse,12,60.8,48.5,124.8,0.0,17919.4,2087,2,0.121,2158.77
Seattle,WA,Townhouse,6,73.2,63.7,0.0,245.5,17625.4,1357,2,0.12,2133.77
Houston,TX,Townhouse,2,62.4,30.3,78.5,0.0,9422.9,1588,3,0.132,1230.19
Boston,MA,Apartment,2,32.0,33.6,989.9,0.0,36176.9,719,1,0.231,8347.99
Denver,CO,Apartment,1,44.4,71.1,617.1,0.0,33376.7,1046,2,0.132,4399.04
Boston,MA,House,4,50.5,40.8,435.1,0.0,61735.4,2094,2,0.21,12947.17
Chicago,IL,Apartment,9,68.2,64.8,0.0,94.8,5420.0,1149,1,0.14,749.31
Denver,CO,Condo,6,71.2,53.4,0.0,187.3,12892.7,1401,1,0.144,1866.71
Houston,TX,Condo,10,83.9,60.6,0.0,567.8,41650.1,1600,2,0.12,4995.09
Boston,MA,Apartment,11,40.5,38.6,734.0,0.0,26208.0,694,1,0.21,5499.37
Atlanta,GA,Large House,5,64.4,66.9,17.5,0.0,9970.5,3712,5,0.13,1278.61
Seattle,WA,Apartment,10,62.2,88.4,82.7,0.0,4129.5,804,1,0.1,398.83
Seattle,WA,Townhouse,7,75.0,61.9,0.0,300.6,30062.4,1937,2,0.12,3609.62
Chicago,IL,Townhouse,5,63.9,87.5,33.3,0.0,6042.2,1977,2,0.14,831.6
Denver,CO,Townhouse,3,52.8,40.4,366.2,0.0,43724.7,1903,1,0.12,5236.78
Atlanta,GA,Apartment,10,63.9,38.6,34.4,0.0,2596.6,1028,1,0.13,355.86
Los Angeles,CA,Townhouse,11,55.5,60.5,286.4,0.0,23584.3,1298,1,0.22,5183.88
Phoenix,AZ,Apartment,6,90.2,70.2,0.0,754.5,24724.9,797,1,0.156,3846.28
New York,NY,Apartment,9,68.8,34.6,0.0,112.8,5122.1,962,1,0.18,903.84
Chicago,IL,Condo,12,32.8,47.2,967.3,0.0,67296.7,1241,1,0.154,10364.07
Phoenix,AZ,Condo,3,74.6,82.8,0.0,286.5,16852.8,1236,2,0.13,2181.75
Houston,TX,Apartment,1,59.2,43.9,174.5,0.0,6978.3,713,1,0.132,933.46
Phoenix,AZ,Condo,8,95.6,58.9,0.0,917.6,63330.5,1532,2,0.156,9873.78
Miami,FL,Large House,3,69.2,74.6,0.0,126.8,28627.2,3158,5,0.11,3153.09
Atlanta,GA,House,9,67.7,35.6,0.0,81.4,9572.2,1804,1,0.13,1251.0
Los Angeles,CA,Condo,6,73.4,40.1,0.0,250.6,14031.1,1174,1,0.264,3703.3
Los Angeles,CA,Townhouse,2,47.7,69.8,519.8,0.0,42986.1,1330,2,0.242,10384.98
Boston,MA,Large House,12,37.7,69.1,818.2,0.0,275035.0,4381,6,0.231,63546.75
Phoenix,AZ,Townhouse,12,62.0,79.5,89.9,0.0,13292.8,2037,3,0.143,1907.04
Boston,MA,Apartment,2,30.7,75.3,1027.8,0.0,38612.3,736,1,0.231,8931.47
Boston,MA,Condo,2,28.3,39.4,1100.8,0.0,91634.9,1489,1,0.231,21160.35
Seattle,WA,Condo,10,62.3,52.3,81.5,0.0,5986.6,1086,2,0.1,582.65
New York,NY,Large House,1,28.5,50.7,1093.6,0.0,282848.5,3393,3,0.198,55989.41
Houston,TX,Condo,12,59.3,41.2,169.7,0.0,13358.1,1284,2,0.132,1767.51
Seattle,WA,Townhouse,3,48.7,63.0,488.1,0.0,39820.9,1313,1,0.1,3968.59
Denver,CO,Large House,1,44.3,54.9,619.6,0.0,191024.6,4000,2,0.132,25226.3
Phoenix,AZ,Large House,8,92.5,79.5,0.0,824.6,156950.7,3085,4,0.156,24489.13
Los Angeles,CA,Large House,7,78.2,43.2,0.0,395.2,109475.3,4357,6,0.264,28909.92
Miami,FL,House,3,68.3,31.6,0.0,100.0,12072.6,1886,3,0.11,1311.08
Los Angeles,CA,Large House,8,69.4,30.2,0.0,133.2,28583.7,3010,6,0.264,7531.7
Chicago,IL,Apartment,6,76.5,32.6,0.0,344.9,10934.1,741,1,0.168,1839.96
Miami,FL,House,1,62.3,47.5,81.5,0.0,16996.1,2583,5,0.121,2070.5
Los Angeles,CA,Apartment,2,51.6,40.9,401.0,0.0,16675.0,792,1,0.242,4048.33
Atlanta,GA,Large House,12,51.0,41.5,418.6,0.0,104500.8,3204,1,0.143,14939.3
Miami,FL,Apartment,12,63.6,55.8,41.4,0.0,2624.5,912,1,0.121,316.16
Houston,TX,Apartment,7,95.3,50.9,0.0,908.7,19348.7,520,1,0.144,2778.42
Miami,FL,Apartment,7,94.4,77.1,0.0,882.6,25607.4,704,1,0.132,3397.5
Miami,FL,Condo,5,83.1,45.4,0.0,542.5,22191.8,890,1,0.11,2450.82
Seattle,WA,Townhouse,7,73.8,53.8,0.0,263.7,24081.7,1749,2,0.12,2896.21
Phoenix,AZ,House,10,77.8,72.9,0.0,383.4,68352.2,3254,1,0.13,8866.48
New York,NY,Apartment,4,50.9,60.6,422.6,0.0,21018.6,954,1,0.18,3767.25
Boston,MA,Condo,9,73.6,38.8,0.0,257.6,12176.1,982,1,0.21,2574.64
Denver,CO,Condo,4,60.8,84.2,125.9,0.0,10330.6,1292,2,0.12,1225.32
Houston,TX,Condo,5,78.2,46.6,0.0,394.7,20849.8,1137,1,0.12,2498.18
Boston,MA,Large House,7,74.8,71.9,0.0,293.6,88329.8,4668,4,0.252,22239.86
Miami,FL,Large House,2,65.3,52.9,0.0,8.9,8407.0,4745,1,0.121,1007.97
Atlanta,GA,Condo,10,66.6,60.5,0.0,47.1,3137.9,1020,1,0.13,399.34
Chicago,IL,House,10,61.6,83.7,100.9,0.0,21820.3,2815,4,0.14,3047.65
Miami,FL,Townhouse,11,72.5,60.2,0.0,224.5,20495.4,1738,1,0.11,2265.39
Boston,MA,Townhouse,2,28.1,85.7,1107.1,0.0,146345.7,2169,2,0.231,33814.83
Chicago,IL,Condo,8,74.7,53.3,0.0,292.4,11948.5,855,1,0.168,2000.13
Los Angeles,CA,Condo,11,51.4,52.0,406.6,0.0,31681.2,1354,1,0.22,6976.91
Los Angeles,CA,Large House,5,61.3,87.1,112.3,0.0,33141.0,3362,5,0.22,7310.65
Boston,MA,Apartment,2,29.5,80.5,1065.1,0.0,53126.3,981,1,0.231,12253.7
New York,NY,House,6,69.4,47.7,0.0,133.3,15399.8,1894,2,0.216,3328.95
Los Angeles,CA,Condo,8,69.8,32.3,0.0,143.7,10060.5,1391,1,0.264,2651.5
Boston,MA,House,6,73.3,31.3,0.0,250.3,33166.0,2356,1,0.252,8355.18
Seattle,WA,Apartment,10,61.0,80.4,119.1,0.0,5881.3,868,1,0.1,597.61
Denver,CO,Condo,9,73.6,72.4,0.0,259.1,17287.2,1391,1,0.12,2066.99
Seattle,WA,Townhouse,4,61.1,31.3,117.3,0.0,12910.6,1569,3,0.1,1279.98
Houston,TX,House,4,76.8,88.9,0.0,353.5,33804.2,1731,2,0.12,4061.69
Seattle,WA,Large House,2,47.0,69.6,538.7,0.0,169607.8,4056,6,0.11,18652.64
Seattle,WA,Condo,5,67.0,87.6,0.0,59.6,4242.8,1124,2,0.1,430.98
Chicago,IL,Condo,1,26.4,50.6,1158.5,0.0,79361.3,1226,1,0.154,12203.82
Houston,TX,Townhouse,9,85.7,67.6,0.0,620.5,39066.5,1260,2,0.12,4678.14
Phoenix,AZ,Large House,2,65.1,50.9,0.0,2.1,6022.9,4472,1,0.143,880.52
Denver,CO,Condo,2,47.4,89.3,527.8,0.0,42728.1,1422,1,0.132,5653.93
Boston,MA,Large House,4,54.0,80.1,331.0,0.0,93602.3,3590,1,0.21,19643.99
Denver,CO,Apartment,9,71.6,35.2,0.0,198.6,5363.6,591,1,0.12,641.71
Los Angeles,CA,Apartment,1,40.4,33.2,737.0,0.0,27704.0,731,1,0.242,6719.25
Seattle,WA,Apartment,8,73.6,89.7,0.0,256.5,9068.2,818,1,0.12,1093.25
Los Angeles,CA,Large House,5,59.1,77.5,178.3,0.0,63424.4,4308,5,0.22,13933.98
Los Angeles,CA,Condo,4,60.2,46.6,143.6,0.0,7667.1,860,1,0.22,1667.5
New York,NY,Apartment,2,28.1,69.6,1107.3,0.0,42404.6,753,1,0.198,8405.17
Los Angeles,CA,Large House,3,56.4,46.0,258.3,0.0,81890.2,3954,4,0.22,18013.77
Seattle,WA,Townhouse,6,71.2,85.2,0.0,185.3,15826.4,1586,1,0.12,1891.58
Denver,CO,Large House,2,49.4,74.7,469.4,0.0,137873.4,3764,6,0.132,18215.77
Miami,FL,Large House,8,94.8,85.8,0.0,895.2,200118.7,3633,4,0.132,26419.29
Phoenix,AZ,Large House,8,87.2,41.1,0.0,665.6,186831.0,4519,6,0.156,29155.79
Denver,CO,Condo,4,61.4,52.6,107.2,0.0,9130.3,1334,1,0.12,1098.3
Denver,CO,Large House,7,71.4,54.2,0.0,190.7,52166.9,4112,1,0.144,7515.24
Seattle,WA,Large House,10,64.3,88.7,21.4,0.0,13794.3,4786,2,0.1,1386.39
Denver,CO,House,12,45.6,85.2,583.5,0.0,121645.0,3107,4,0.132,16074.19
Seattle,WA,Townhouse,10,63.6,49.2,40.9,0.0,5990.7,1660,2,0.1,597.63
Seattle,WA,House,4,53.2,84.1,355.3,0.0,70989.4,2916,5,0.1,7108.23
Seattle,WA,Large House,3,54.3,76.8,320.7,0.0,86528.7,3393,6,0.1,8668.9
Atlanta,GA,Condo,5,65.9,85.6,0.0,27.4,2927.1,1278,2,0.13,377.89
Denver,CO,Large House,7,74.5,56.8,0.0,284.6,85857.1,4671,3,0.144,12365.21
Miami,FL,Townhouse,7,88.6,88.4,0.0,706.6,42297.1,1203,2,0.132,5600.77
Chicago,IL,Apartment,4,55.4,60.8,288.5,0.0,11097.0,723,1,0.14,1556.0
Chicago,IL,Large House,9,73.8,89.0,0.0,264.9,82558.8,4817,1,0.14,11575.92
Atlanta,GA,Townhouse,6,70.0,75.4,0.0,149.5,16382.9,1995,2,0.156,2556.63
Houston,TX,House,11,72.0,64.9,0.0,209.5,18853.3,1565,2,0.12,2270.2
Atlanta,GA,Apartment,7,76.8,69.0,0.0,355.5,9531.7,630,1,0.156,1478.22
Phoenix,AZ,Townhouse,10,78.1,81.0,0.0,393.1,25520.5,1280,2,0.13,3319.51
Phoenix,AZ,Large House,12,60.2,72.2,142.8,0.0,46059.8,3813,4,0.143,6572.89
Atlanta,GA,Large House,11,52.8,45.4,366.9,0.0,105456.4,3647,5,0.13,13722.55
New York,NY,Large House,5,69.3,67.9,0.0,130.0,29581.5,3213,4,0.18,5335.57
Boston,MA,Condo,5,61.6,69.9,100.8,0.0,5231.9,811,1,0.21,1114.31
Houston,TX,Condo,2,64.2,33.7,22.8,0.0,2778.6,1181,2,0.132,371.57
Denver,CO,House,2,43.1,77.2,657.8,0.0,107523.2,2451,1,0.132,14195.96
Atlanta,GA,Condo,12,50.1,84.6,447.0,0.0,21727.1,846,1,0.143,3108.98
New York,NY,Condo,3,38.0,63.3,808.6,0.0,40050.7,880,1,0.18,7190.42
New York,NY,Condo,5,68.7,68.0,0.0,110.4,6956.1,1194,1,0.18,1243.92
Boston,MA,Townhouse,2,35.4,50.7,889.4,0.0,80868.9,1485,2,0.231,18664.16
Chicago,IL,Condo,4,54.9,54.9,303.9,0.0,20515.9,1148,2,0.14,2864.29
Atlanta,GA,Apartment,6,70.1,31.4,0.0,151.9,8188.8,1171,2,0.156,1265.45
Denver,CO,House,12,45.3,33.3,590.2,0.0,84531.4,2130,4,0.132,11148.62
Miami,FL,Condo,6,83.6,64.0,0.0,559.3,37484.7,1467,1,0.132,4937.22
Phoenix,AZ,House,1,63.5,66.8,44.6,0.0,13007.6,3152,4,0.143,1865.1
Boston,MA,House,9,72.2,42.5,0.0,216.7,34257.0,2780,1,0.21,7205.84
Chicago,IL,Townhouse,5,62.7,65.0,67.6,0.0,9103.9,1760,2,0.14,1267.2
Miami,FL,Apartment,10,77.0,51.1,0.0,358.9,7987.0,517,1,0.11,891.91
Phoenix,AZ,Apartment,7,93.0,45.4,0.0,840.3,24682.5,713,1,0.156,3845.04
Houston,TX,Condo,8,86.3,67.1,0.0,640.4,25899.2,887,1,0.144,3744.1
Seattle,WA,Townhouse,4,60.6,72.7,133.1,0.0,19988.9,2189,3,0.1,2001.33
Atlanta,GA,Condo,11,49.5,66.3,465.4,0.0,21840.0,817,1,0.13,2853.56
Houston,TX,Large House,11,72.6,79.1,0.0,227.6,67283.6,4504,2,0.12,8059.12
Atlanta,GA,Condo,3,50.6,74.8,431.6,0.0,33748.1,1365,2,0.13,4406.55
Atlanta,GA,Condo,12,43.4,76.2,648.0,0.0,40364.1,1100,1,0.143,5760.54
New York,NY,House,3,44.6,36.8,612.6,0.0,134332.7,3283,2,0.18,24196.82
Atlanta,GA,Condo,5,63.1,64.2,55.7,0.0,4728.5,1172,1,0.13,610.7
Atlanta,GA,House,1,48.1,35.7,507.1,0.0,85782.5,2506,5,0.143,12284.85
Chicago,IL,Condo,4,54.7,44.9,310.5,0.0,27457.3,1520,2,0.14,3832.27
Miami,FL,Condo,6,90.1,62.6,0.0,753.6,42375.3,1242,1,0.132,5579.03
Phoenix,AZ,Townhouse,12,66.7,73.1,0.0,51.4,7241.0,2048,1,0.143,1043.15
Atlanta,GA,Townhouse,2,49.7,35.4,460.5,0.0,42387.6,1472,2,0.143,6063.45
Denver,CO,Large House,9,70.4,37.7,0.0,160.8,36501.1,3354,1,0.12,4382.03
Los Angeles,CA,House,4,59.0,30.2,180.6,0.0,29252.2,2268,2,0.22,6449.61
Phoenix,AZ,House,4,72.6,84.4,0.0,228.7,23618.9,1789,3,0.13,3060.55
Seattle,WA,Condo,8,72.9,74.8,0.0,237.8,15571.9,1369,1,0.12,1858.69
Phoenix,AZ,Townhouse,3,74.4,62.5,0.0,282.4,31772.1,2156,4,0.13,4134.82
Phoenix,AZ,Townhouse,8,90.4,48.7,0.0,762.8,56025.3,1489,1,0.156,8723.07
Miami,FL,House,10,78.9,49.3,0.0,416.0,48088.5,2113,1,0.11,5278.41
Atlanta,GA,Condo,11,52.0,46.1,390.3,0.0,20923.6,931,1,0.13,2709.34
Miami,FL,Apartment,10,78.2,30.3,0.0,395.8,18520.8,1101,2,0.11,2045.18
Boston,MA,House,6,73.9,73.0,0.0,268.2,51226.0,3388,3,0.252,12918.72
Boston,MA,Apartment,7,77.5,72.8,0.0,373.9,14720.4,933,1,0.252,3706.7
Chicago,IL,Condo,1,29.6,56.9,1062.2,0.0,65853.2,1107,1,0.154,10131.75
Phoenix,AZ,Large House,8,91.2,65.1,0.0,785.4,161632.7,3337,3,0.156,25199.38
Chicago,IL,Large House,11,40.1,75.1,748.3,0.0,251884.6,4389,2,0.14,35272.97
Denver,CO,Apartment,9,72.2,68.5,0.0,217.4,6617.7,679,1,0.12,797.88
Denver,CO,Condo,3,50.6,67.6,433.1,0.0,20659.2,836,1,0.12,2487.24
Atlanta,GA,Townhouse,3,53.8,59.5,336.4,0.0,29756.2,1400,2,0.13,3850.3
Chicago,IL,House,10,60.5,64.8,136.2,0.0,17808.8,1767,3,0.14,2476.71
New York,NY,Condo,3,45.4,80.3,586.8,0.0,42894.4,1290,1,0.18,7732.58
Denver,CO,Large House,4,59.9,74.4,152.6,0.0,47249.0,3681,5,0.12,5658.35
Seattle,WA,Apartment,4,56.0,63.1,270.1,0.0,9927.3,682,1,0.1,991.44
New York,NY,Apartment,4,53.9,77.2,332.8,0.0,17309.5,992,1,0.18,3110.91
Miami,FL,Condo,5,82.1,83.4,0.0,511.9,27971.4,1190,1,0.11,3080.28
Atlanta,GA,Condo,11,50.2,51.5,444.9,0.0,21737.6,851,1,0.13,2811.5
Denver,CO,House,7,70.2,64.4,0.0,156.5,31995.2,3470,1,0.144,4605.58
Phoenix,AZ,Large House,5,78.0,56.5,0.0,390.8,120418.7,4880,1,0.13,15657.73
New York,NY,Condo,7,76.5,37.5,0.0,344.4,17859.3,1102,2,0.216,3864.54
New York,NY,Apartment,3,42.1,61.3,688.2,0.0,29016.9,823,1,0.18,5233.44
Chicago,IL,Large House,11,45.4,69.6,587.7,0.0,200211.1,4408,4,0.14,28012.53
Phoenix,AZ,Condo,12,65.7,85.4,0.0,21.9,2786.0,1380,2,0.143,414.3
Boston,MA,Apartment,10,58.7,69.3,188.5,0.0,8284.4,809,1,0.21,1738.43
Los Angeles,CA,Large House,2,50.0,85.3,448.6,0.0,158301.1,4519,6,0.242,38296.41
Seattle,WA,Condo,6,67.1,86.0,0.0,64.3,5384.8,1439,1,0.12,636.81
Miami,FL,Apartment,6,87.2,79.1,0.0,666.1,22747.0,828,1,0.132,3008.94
Phoenix,AZ,Condo,9,85.8,33.9,0.0,622.6,36178.0,1277,1,0.13,4717.47
Los Angeles,CA,Apartment,12,48.1,65.8,506.5,0.0,27289.8,1034,2,0.242,6609.08
Seattle,WA,Townhouse,11,50.2,42.3,444.7,0.0,49810.9,1794,2,0.1,4976.69
Phoenix,AZ,Large House,2,60.9,77.3,123.5,0.0,37742.7,3570,2,0.143,5378.13
New York,NY,Apartment,10,60.9,79.5,122.8,0.0,7351.7,1059,1,0.18,1319.71
Denver,CO,Condo,3,49.4,53.1,469.4,0.0,29109.7,1080,2,0.12,3511.78
Atlanta,GA,Townhouse,2,49.1,69.4,477.6,0.0,56026.3,1882,3,0.143,8014.94
Denver,CO,Townhouse,6,72.0,50.8,0.0,209.4,14256.8,1266,2,0.144,2049.0
Denver,CO,Apartment,11,52.7,72.8,369.8,0.0,13958.6,718,1,0.12,1678.81
New York,NY,Townhouse,10,57.2,66.5,232.6,0.0,22098.8,1479,1,0.18,3996.02
Seattle,WA,Large House,6,71.4,66.2,0.0,192.3,49444.9,3820,5,0.12,5920.92
Houston,TX,Apartment,7,90.9,53.1,0.0,776.8,31270.2,981,1,0.144,4519.52
Houston,TX,Apartment,8,89.4,79.1,0.0,731.0,25798.7,855,1,0.144,3721.23
Seattle,WA,Townhouse,1,40.6,56.8,731.9,0.0,77578.4,1728,1,0.11,8517.81
Atlanta,GA,House,6,74.0,89.6,0.0,271.4,25906.5,1700,1,0.156,4054.6
New York,NY,Large House,7,81.2,47.4,0.0,487.3,112022.0,3672,2,0.216,24204.37
Denver,CO,Condo,10,62.3,82.1,82.4,0.0,5526.5,992,1,0.12,658.59
Miami,FL,Townhouse,10,77.6,57.7,0.0,376.7,41889.0,2187,2,0.11,4619.51
Seattle,WA,Large House,9,66.2,58.1,0.0,37.3,14906.4,4052,6,0.1,1495.85
Denver,CO,House,12,43.8,34.9,637.2,0.0,118464.8,2784,2,0.132,15642.48
Houston,TX,Apartment,8,90.6,55.4,0.0,769.3,36103.8,1142,1,0.144,5207.68
Miami,FL,Townhouse,9,82.8,74.4,0.0,535.5,47032.0,1757,1,0.11,5179.53
Chicago,IL,House,8,80.8,81.1,0.0,474.8,60784.9,2357,1,0.168,10209.85
Denver,CO,Townhouse,5,62.9,56.1,63.3,0.0,6602.6,1329,2,0.12,811.16
New York,NY,Townhouse,11,48.0,50.7,508.7,0.0,68381.7,2165,2,0.18,12305.16
Boston,MA,Apartment,3,40.0,51.0,750.5,0.0,32484.2,846,1,0.21,6841.06
Atlanta,GA,Townhouse,2,43.6,64.4,640.9,0.0,71617.1,1809,2,0.143,10221.96
Los Angeles,CA,Townhouse,1,49.6,50.1,462.9,0.0,55304.8,1909,3,0.242,13375.8
Atlanta,GA,House,3,48.4,36.6,496.6,0.0,94618.9,2829,3,0.13,12302.53
Atlanta,GA,House,12,51.8,77.6,397.2,0.0,52630.6,1944,3,0.143,7524.48
Seattle,WA,House,12,45.6,39.1,583.0,0.0,90919.3,2323,4,0.11,9993.02
New York,NY,Condo,2,31.8,65.6,995.8,0.0,88265.9,1584,2,0.198,17493.49
Miami,FL,Large House,2,62.8,75.4,66.8,0.0,20278.3,3209,2,0.121,2451.18
Houston,TX,House,4,77.8,67.4,0.0,382.7,45615.7,2170,1,0.12,5455.83
Los Angeles,CA,Large House,3,48.2,76.6,504.1,0.0,129261.7,3299,4,0.22,28425.82
Atlanta,GA,Condo,6,66.0,57.7,0.0,30.4,2316.5,984,1,0.156,359.28
Seattle,WA,Townhouse,6,74.4,42.2,0.0,281.4,25015.6,1717,1,0.12,2999.25
Houston,TX,Townhouse,11,75.4,79.5,0.0,311.3,32458.2,2013,3,0.12,3910.27
Los Angeles,CA,Large House,3,53.5,80.9,346.2,0.0,93686.2,3437,2,0.22,20627.25
New York,NY,Condo,6,69.4,79.8,0.0,132.9,10277.0,1500,1,0.216,2215.8
Phoenix,AZ,Apartment,8,88.2,36.8,0.0,696.0,17085.5,596,1,0.156,2661.49
Denver,CO,Condo,6,75.5,86.3,0.0,315.3,18177.8,1224,1,0.144,2616.03
Houston,TX,Apartment,9,84.4,47.3,0.0,581.3,18406.6,764,1,0.12,2202.58
Atlanta,GA,House,5,66.5,52.7,0.0,45.5,8105.5,2245,4,0.13,1058.18
New York,NY,Condo,3,41.3,88.9,709.8,0.0,38633.8,964,1,0.18,6954.63
Boston,MA,Apartment,2,35.7,35.0,879.2,0.0,45974.3,1024,1,0.231,10635.97
Miami,FL,Townhouse,8,95.0,86.9,0.0,899.3,64993.1,1469,1,0.132,8563.1
Los Angeles,CA,Large House,9,67.0,30.9,0.0,58.5,16899.1,3390,6,0.22,3716.56
Los Angeles,CA,Large House,5,66.1,67.8,0.0,32.7,12194.5,3545,6,0.22,2698.6
Seattle,WA,Large House,12,45.4,54.7,586.9,0.0,170868.6,3771,2,0.11,18779.64
Los Angeles,CA,Condo,1,49.8,71.4,457.4,0.0,27114.9,1033,2,0.242,6552.53
Boston,MA,Townhouse,7,81.2,40.4,0.0,486.3,38178.8,1552,3,0.252,9602.96
Chicago,IL,Condo,5,62.3,87.6,80.7,0.0,5251.5,982,1,0.14,754.87
Phoenix,AZ,Condo,4,78.4,81.2,0.0,400.8,27495.0,1477,1,0.13,3590.99
Atlanta,GA,Large House,10,64.4,85.1,16.9,0.0,10492.8,3924,6,0.13,1356.73
Atlanta,GA,Condo,8,77.4,88.4,0.0,371.5,27243.2,1570,1,0.156,4253.07
New York,NY,House,8,73.3,68.1,0.0,247.7,33536.1,2378,3,0.216,7255.35
Los Angeles,CA,House,12,42.8,34.7,667.5,0.0,145417.0,3267,2,0.242,35175.49
Phoenix,AZ,House,1,58.9,85.4,184.2,0.0,21018.9,1598,2,0.143,2999.32
Seattle,WA,House,9,72.1,35.3,0.0,213.0,38749.9,3160,4,0.1,3888.66
Miami,FL,Condo,8,87.8,57.6,0.0,684.5,46928.5,1502,3,0.132,6195.74
Atlanta,GA,Condo,12,43.7,77.4,640.0,0.0,51066.7,1414,1,0.143,7293.25
Denver,CO,Large House,1,46.0,73.5,570.4,0.0,176823.8,4007,4,0.132,23339.25
Seattle,WA,Townhouse,5,68.6,87.3,0.0,108.8,9016.1,1418,2,0.1,885.61
Seattle,WA,Condo,2,46.4,44.2,557.3,0.0,30683.6,970,1,0.11,3378.48
Los Angeles,CA,Apartment,7,76.8,57.9,0.0,353.7,8118.6,534,1,0.264,2128.14
Chicago,IL,Condo,3,43.8,68.1,636.3,0.0,36801.5,1018,2,0.14,5143.34
Phoenix,AZ,Large House,5,84.9,53.7,0.0,595.5,150975.6,4075,3,0.13,19641.71
Phoenix,AZ,Townhouse,6,84.8,67.8,0.0,593.1,37962.7,1282,2,0.156,5927.01
Atlanta,GA,Apartment,5,66.2,58.8,0.0,35.4,1450.3,635,1,0.13,200.11
Los Angeles,CA,Townhouse,4,57.4,77.1,227.8,0.0,31356.8,2125,2,0.22,6883.12
Chicago,IL,Condo,12,31.2,52.0,1013.2,0.0,80404.5,1415,2,0.154,12387.79
Chicago,IL,Townhouse,12,36.4,56.5,859.2,0.0,93870.3,1784,1,0.154,14436.45
Seattle,WA,House,8,69.6,67.2,0.0,138.1,23369.6,2807,2,0.12,2806.81
Houston,TX,Large House,10,77.6,63.6,0.0,376.6,106932.9,4484,2,0.12,12840.53
Miami,FL,Condo,10,82.6,77.0,0.0,528.2,22270.5,918,1,0.11,2437.37
Chicago,IL,Large House,11,45.1,73.3,597.0,0.0,191244.9,4155,1,0.14,26783.21
New York,NY,House,4,52.0,68.3,389.0,0.0,73636.9,2774,5,0.18,13235.07
New York,NY,House,9,64.9,35.2,1.8,0.0,2262.2,1743,2,0.18,405.61
Denver,CO,Townhouse,7,74.1,34.3,0.0,272.1,28319.7,1988,3,0.144,4086.29
Seattle,WA,Condo,11,52.1,79.1,387.1,0.0,28396.7,1273,1,0.1,2858.0
Phoenix,AZ,Townhouse,6,83.8,80.8,0.0,565.0,45654.1,1619,2,0.156,7126.14
Miami,FL,Condo,11,69.0,53.1,0.0,118.8,5152.6,835,1,0.11,568.55
Miami,FL,Townhouse,5,77.9,69.3,0.0,386.8,30136.5,1541,1,0.11,3331.31
Denver,CO,Large House,5,61.0,37.7,118.7,0.0,41932.6,4146,1,0.12,5026.23
Atlanta,GA,Condo,1,40.2,64.0,742.9,0.0,57053.5,1366,1,0.143,8175.55
Chicago,IL,Apartment,3,45.1,55.6,597.2,0.0,25200.7,816,1,0.14,3531.78
New York,NY,House,9,69.5,63.2,0.0,134.2,15701.4,1912,3,0.18,2822.6
Phoenix,AZ,Apartment,11,72.0,89.3,0.0,209.5,4851.4,518,1,0.13,619.54
Phoenix,AZ,Large House,11,69.7,79.7,0.0,139.6,37023.7,3838,2,0.13,4793.8
Los Angeles,CA,Condo,2,46.3,41.3,560.3,0.0,32536.1,1022,2,0.242,7867.25
Phoenix,AZ,Condo,7,90.9,64.9,0.0,776.7,54404.4,1546,2,0.156,8484.14
Miami,FL,House,5,79.1,35.2,0.0,423.2,48387.7,2094,1,0.11,5309.99
Los Angeles,CA,Large House,12,51.5,75.3,404.3,0.0,111806.0,3533,3,0.242,27037.81
Miami,FL,Townhouse,6,84.0,78.6,0.0,570.2,40778.7,1432,1,0.132,5392.27
Denver,CO,Townhouse,6,67.5,79.4,0.0,76.2,7179.2,1524,1,0.144,1045.75
New York,NY,Townhouse,9,71.3,33.2,0.0,188.2,20506.9,2035,2,0.18,3710.65
Denver,CO,Townhouse,10,66.6,64.8,0.0,48.3,6043.2,1790,1,0.12,738.24
Denver,CO,House,7,75.3,35.9,0.0,308.5,43936.3,2535,5,0.144,6333.97
Chicago,IL,Large House,6,76.3,31.9,0.0,340.3,77837.5,3583,3,0.168,13065.15
Seattle,WA,Apartment,5,67.3,86.0,0.0,68.7,2164.6,597,1,0.1,214.27
Boston,MA,Condo,8,81.0,32.7,0.0,478.8,23602.9,1066,1,0.252,5963.39
Miami,FL,Apartment,3,73.0,30.3,0.0,241.2,12459.4,1165,2,0.11,1373.34
Houston,TX,Large House,8,91.6,80.7,0.0,798.3,195724.8,3970,6,0.144,28174.87
Miami,FL,Large House,2,67.7,31.5,0.0,81.7,30446.3,4921,3,0.121,3674.61
Phoenix,AZ,Large House,8,92.3,48.5,0.0,819.9,205605.9,4070,3,0.156,32074.49
Los Angeles,CA,Townhouse,1,48.6,84.4,492.1,0.0,58169.5,1896,3,0.242,14076.54
Atlanta,GA,Townhouse,2,52.4,66.6,377.6,0.0,36585.8,1531,3,0.143,5217.12
Los Angeles,CA,Condo,8,75.3,53.9,0.0,308.6,21033.8,1447,1,0.264,5559.9
Phoenix,AZ,House,7,89.3,76.8,0.0,728.9,113703.9,2912,2,0.156,17755.02
Phoenix,AZ,House,11,69.0,84.2,0.0,121.4,20172.2,2721,1,0.13,2634.8
Chicago,IL,Large House,5,68.8,90.0,0.0,113.8,26958.7,3283,4,0.14,3787.89
Phoenix,AZ,Apartment,7,94.8,46.8,0.0,893.6,30924.2,844,1,0.156,4819.18
Boston,MA,Large House,6,71.1,56.6,0.0,181.8,57408.5,4694,4,0.252,14456.41
Los Angeles,CA,Apartment,2,48.9,52.3,483.7,0.0,23012.2,914,1,0.242,5561.39
Boston,MA,Apartment,7,77.0,62.9,0.0,360.2,15889.7,1034,2,0.252,4009.72
Phoenix,AZ,Condo,3,65.1,81.1,0.0,3.0,1162.0,1132,1,0.13,157.38
Denver,CO,Large House,4,60.8,64.3,124.5,0.0,46785.6,4420,1,0.12,5605.07
New York,NY,Apartment,2,35.1,68.8,898.0,0.0,29045.3,632,1,0.198,5749.67
Denver,CO,Apartment,6,67.0,65.3,0.0,58.9,3275.7,986,1,0.144,487.15
Houston,TX,Large House,1,57.7,45.5,219.7,0.0,60722.9,3381,6,0.132,8016.98
Phoenix,AZ,House,12,68.7,75.0,0.0,110.5,10596.5,1517,3,0.143,1502.52
Denver,CO,Townhouse,8,73.1,47.3,0.0,242.9,18700.5,1475,1,0.144,2680.01
Phoenix,AZ,House,1,60.9,82.7,124.1,0.0,31623.1,3440,2,0.143,4535.06
Phoenix,AZ,House,7,96.2,30.1,0.0,936.6,119344.8,2393,2,0.156,18604.75
Boston,MA,Condo,3,44.0,73.2,629.8,0.0,55911.8,1571,1,0.21,11738.98
New York,NY,Large House,7,76.4,79.7,0.0,342.2,107992.0,4929,6,0.216,23335.6
Miami,FL,Condo,10,83.7,32.8,0.0,562.2,32177.6,1250,2,0.11,3555.28
New York,NY,Condo,9,67.9,81.4,0.0,86.8,7439.3,1536,2,0.18,1357.33
Denver,CO,Townhouse,5,63.5,42.0,44.8,0.0,4538.2,1201,1,0.12,550.95
Denver,CO,Townhouse,10,58.1,82.5,207.4,0.0,28821.2,2118,3,0.12,3470.85
Boston,MA,Large House,1,27.6,34.9,1123.3,0.0,302878.9,3540,3,0.231,69964.64
Atlanta,GA,Condo,7,78.4,55.9,0.0,401.0,27101.4,1453,1,0.156,4238.63
Chicago,IL,Condo,11,40.1,71.0,746.6,0.0,55754.0,1329,1,0.14,7811.02
Atlanta,GA,House,9,71.4,73.8,0.0,191.4,16943.3,1517,2,0.13,2207.67
Seattle,WA,Townhouse,11,49.0,38.8,478.6,0.0,45190.7,1521,1,0.1,4505.87
Chicago,IL,Large House,9,70.2,42.3,0.0,157.0,34796.7,3211,4,0.14,4884.32
Houston,TX,Condo,12,60.7,38.6,130.1,0.0,7727.5,953,1,0.132,1005.56
Los Angeles,CA,House,1,45.6,86.0,583.1,0.0,99834.8,2556,2,0.242,24150.2
Denver,CO,Large House,11,54.4,70.2,317.4,0.0,106024.6,4218,3,0.12,12709.52
Houston,TX,Condo,3,69.2,81.5,0.0,127.5,8726.4,1314,2,0.12,1051.24
Atlanta,GA,House,2,50.1,76.0,447.8,0.0,48367.8,1592,3,0.143,6902.47
Los Angeles,CA,Condo,11,58.4,71.6,199.0,0.0,12464.7,1032,2,0.22,2749.48
Chicago,IL,Apartment,5,68.3,45.4,0.0,97.6,4039.5,853,1,0.14,564.66
New York,NY,Townhouse,9,72.0,76.3,0.0,210.6,23982.8,2129,4,0.18,4303.91
Miami,FL,Large House,11,68.0,43.1,0.0,90.2,32028.1,4761,4,0.11,3537.47
Miami,FL,Apartment,9,90.4,80.8,0.0,762.0,22455.4,717,1,0.11,2452.11
New York,NY,House,11,47.8,44.8,515.5,0.0,52545.2,1509,3,0.18,9456.33
Houston,TX,House,12,63.8,51.8,35.1,0.0,10021.9,2860,4,0.132,1326.15
Boston,MA,House,2,31.7,44.1,999.7,0.0,197663.6,2989,3,0.231,45680.13
Denver,CO,Condo,8,78.7,41.1,0.0,409.9,30302.5,1584,3,0.144,4380.77
Atlanta,GA,Townhouse,11,53.4,73.9,349.0,0.0,27800.7,1257,2,0.13,3612.43
Los Angeles,CA,Large House,3,55.9,37.2,274.2,0.0,86863.1,3948,6,0.22,19125.94
Boston,MA,Large House,11,42.8,32.2,666.0,0.0,195719.6,3820,2,0.21,41105.66
Chicago,IL,Condo,5,67.5,49.7,0.0,76.3,6271.1,1472,1,0.14,875.94
Houston,TX,House,3,69.8,73.6,0.0,142.8,13831.8,1611,1,0.12,1640.73
Los Angeles,CA,House,6,69.3,53.5,0.0,129.9,22251.7,2806,3,0.264,5866.21
Houston,TX,Townhouse,2,64.5,48.2,14.0,0.0,2439.4,1244,2,0.132,329.67
Atlanta,GA,Large House,10,61.9,37.5,92.7,0.0,26041.4,3086,6,0.13,3390.5
Denver,CO,Large House,1,48.1,88.6,507.0,0.0,136781.7,3481,1,0.132,18058.2
Chicago,IL,Condo,11,49.8,30.6,456.5,0.0,38827.4,1492,1,0.14,5427.94
Denver,CO,House,2,50.1,77.4,447.9,0.0,93657.5,3096,3,0.132,12375.14
Atlanta,GA,Condo,1,45.1,81.4,597.1,0.0,53799.2,1595,1,0.143,7703.34
Phoenix,AZ,Condo,2,67.4,36.6,0.0,70.7,4516.5,1055,2,0.143,648.71
New York,NY,Townhouse,9,71.7,62.5,0.0,201.3,22684.6,2120,1,0.18,4085.83
Atlanta,GA,House,4,54.8,65.0,306.8,0.0,37852.1,1782,3,0.13,4920.01
New York,NY,Large House,10,54.4,78.1,319.4,0.0,83621.5,3293,5,0.18,15065.62
Seattle,WA,Condo,10,61.2,31.9,114.1,0.0,6613.3,896,1,0.1,674.55
Denver,CO,House,4,60.7,62.6,129.5,0.0,31965.0,3359,1,0.12,3838.96
Atlanta,GA,Townhouse,9,65.4,68.9,0.0,11.7,2718.8,1602,2,0.13,371.41
Seattle,WA,Townhouse,5,64.9,37.2,4.0,0.0,2786.5,2045,3,0.1,260.34
Miami,FL,Townhouse,11,73.8,40.5,0.0,263.5,18847.2,1370,2,0.11,2071.57
New York,NY,Apartment,9,65.4,60.2,0.0,10.7,706.2,547,1,0.18,116.08
Chicago,IL,Condo,11,49.3,85.5,471.8,0.0,41710.1,1549,2,0.14,5847.06
Miami,FL,Condo,2,68.4,40.1,0.0,102.8,8395.3,1503,2,0.121,1025.01
Chicago,IL,Condo,2,29.2,34.1,1073.5,0.0,55396.6,923,1,0.154,8549.4
Houston,TX,Large House,3,69.4,51.9,0.0,131.7,35713.5,3855,4,0.12,4270.9
Boston,MA,House,2,32.1,46.5,987.3,0.0,185638.0,2838,5,0.231,42869.93
Phoenix,AZ,House,12,61.9,75.6,94.1,0.0,16014.6,2178,4,0.143,2285.33
Denver,CO,Condo,5,64.3,56.2,19.8,0.0,3323.2,1507,3,0.12,398.94
Los Angeles,CA,House,12,49.9,66.9,453.4,0.0,64424.3,2094,4,0.242,15601.2
Boston,MA,Condo,7,77.3,75.4,0.0,367.7,27184.1,1586,1,0.252,6866.94
Denver,CO,Apartment,2,43.3,81.0,650.4,0.0,17187.7,513,1,0.132,2258.23
Los Angeles,CA,Large House,3,49.0,68.4,479.0,0.0,167573.9,4500,4,0.22,36867.85
New York,NY,Condo,3,37.6,60.9,823.0,0.0,45820.4,990,1,0.18,8236.9
Chicago,IL,Condo,8,80.7,45.9,0.0,472.1,23296.5,1064,2,0.168,3922.87
Phoenix,AZ,Townhouse,8,90.4,84.8,0.0,763.1,81812.6,2169,2,0.156,12776.22
Phoenix,AZ,Townhouse,8,95.2,34.5,0.0,906.7,91002.6,2036,4,0.156,14192.73
Seattle,WA,Large House,7,77.7,74.7,0.0,381.2,95040.4,3920,5,0.12,11385.08
Seattle,WA,Apartment,4,59.1,61.9,177.2,0.0,9529.7,983,1,0.1,951.07
Los Angeles,CA,Large House,3,53.1,83.9,358.5,0.0,103475.8,3649,6,0.22,22781.15
Denver,CO,House,9,70.6,66.0,0.0,169.1,32514.4,3260,4,0.12,3921.04
Chicago,IL,Apartment,3,40.2,84.9,745.2,0.0,34966.9,915,1,0.14,4897.58
Miami,FL,House,8,87.7,84.2,0.0,681.9,60396.4,1653,1,0.132,7980.7
Los Angeles,CA,Large House,4,57.2,77.8,234.2,0.0,64177.4,3393,3,0.22,14133.64
Phoenix,AZ,Condo,8,94.0,41.0,0.0,869.3,58414.4,1488,1,0.156,9102.81
Los Angeles,CA,Condo,6,66.6,45.9,0.0,47.5,4541.6,1513,1,0.264,1201.48
Los Angeles,CA,Large House,3,48.2,47.5,504.7,0.0,158126.9,4024,6,0.22,34783.82
Seattle,WA,House,11,49.3,88.3,472.2,0.0,78162.3,2455,2,0.1,7820.1
Phoenix,AZ,Apartment,10,83.8,58.5,0.0,562.7,26212.7,1124,1,0.13,3407.13
Denver,CO,Townhouse,9,72.4,36.1,0.0,221.0,15473.1,1315,2,0.12,1852.0
Atlanta,GA,Large House,2,51.1,34.1,416.1,0.0,134501.1,4139,3,0.143,19234.01
Phoenix,AZ,Large House,12,61.5,60.8,105.1,0.0,35538.5,3873,3,0.143,5084.81
New York,NY,Townhouse,7,81.5,50.8,0.0,496.1,43706.4,1752,2,0.216,9443.87
Houston,TX,Townhouse,1,57.5,57.7,225.9,0.0,31513.8,2158,1,0.132,4161.77
Atlanta,GA,Large House,8,77.6,83.3,0.0,379.1,80206.3,3337,2,0.156,12521.33
Miami,FL,Apartment,3,71.2,83.7,0.0,185.1,5724.6,678,1,0.11,636.19
Chicago,IL,House,3,45.8,70.6,575.9,0.0,87473.2,2263,3,0.14,12240.88
Miami,FL,Apartment,4,75.5,49.0,0.0,315.9,16108.4,1197,1,0.11,1761.98
Seattle,WA,House,8,75.2,56.5,0.0,305.6,30672.8,1804,1,0.12,3668.38
New York,NY,House,6,73.1,62.6,0.0,242.1,45501.2,3330,1,0.216,9815.5
Boston,MA,Large House,5,66.9,80.2,0.0,58.4,15068.9,3026,5,0.21,3162.82
Boston,MA,Condo,3,42.0,46.5,690.1,0.0,55628.6,1432,1,0.21,11678.0
Phoenix,AZ,Townhouse,5,83.8,40.9,0.0,563.6,40826.0,1456,1,0.13,5325.14
Miami,FL,House,6,91.3,74.8,0.0,788.6,65059.1,1539,3,0.132,8579.83
Phoenix,AZ,Large House,3,70.4,80.2,0.0,161.3,50975.2,4654,2,0.13,6608.14
Chicago,IL,Condo,10,61.0,34.9,119.2,0.0,7943.9,1039,2,0.14,1104.15
Denver,CO,House,4,62.3,74.1,82.3,0.0,15247.8,2350,2,0.12,1819.86
New York,NY,House,1,25.3,70.2,1191.3,0.0,224206.5,2853,3,0.198,44387.88
Houston,TX,Apartment,8,95.3,33.9,0.0,908.8,24862.1,664,1,0.144,3581.79
Phoenix,AZ,Townhouse,7,94.6,45.1,0.0,886.7,61300.9,1405,1,0.156,9581.88
Los Angeles,CA,Condo,7,75.3,72.7,0.0,308.3,16640.5,1143,1,0.264,4387.49
Miami,FL,Large House,6,88.9,70.0,0.0,717.1,150985.7,3398,4,0.132,19947.44
Los Angeles,CA,House,12,48.2,49.8,502.8,0.0,79572.6,2358,1,0.242,19258.53
Denver,CO,Large House,8,72.0,58.5,0.0,210.8,50608.4,3585,6,0.144,7270.95
Boston,MA,Large House,6,73.6,83.7,0.0,258.4,60672.0,3600,3,0.252,15287.83
Seattle,WA,Apartment,9,72.4,63.1,0.0,221.3,11329.7,1153,2,0.1,1120.61
Denver,CO,Townhouse,7,79.3,81.2,0.0,428.7,32248.7,1490,1,0.144,4636.14
Los Angeles,CA,Townhouse,7,74.7,33.1,0.0,291.8,23566.7,1572,1,0.264,6227.31
Seattle,WA,Condo,7,75.4,79.3,0.0,311.9,17708.1,1210,1,0.12,2144.46
Atlanta,GA,Condo,1,42.5,44.3,673.5,0.0,32115.0,846,1,0.143,4601.21
Phoenix,AZ,House,1,63.3,63.8,49.6,0.0,10347.7,2318,4,0.143,1466.14
Boston,MA,Townhouse,6,71.1,61.2,0.0,183.2,19042.3,1911,3,0.252,4787.65
Los Angeles,CA,Townhouse,10,60.6,47.1,132.7,0.0,13057.8,1454,1,0.22,2875.84
Chicago,IL,Large House,11,40.1,86.2,747.6,0.0,193078.1,3356,6,0.14,27028.32
Houston,TX,Townhouse,8,95.2,76.1,0.0,904.8,81162.5,1825,2,0.144,11668.25
Chicago,IL,Large House,2,27.2,83.8,1134.1,0.0,258977.5,3000,1,0.154,39878.51
Los Angeles,CA,House,9,72.2,79.5,0.0,215.3,19117.5,1526,3,0.22,4198.18
Atlanta,GA,Large House,2,52.5,71.7,374.0,0.0,111529.9,3801,2,0.143,15942.6
Chicago,IL,Large House,5,63.5,75.5,43.7,0.0,22209.3,4912,2,0.14,3121.82
Atlanta,GA,Apartment,6,68.0,49.7,0.0,90.8,3246.9,706,1,0.156,522.19
Boston,MA,Apartment,10,59.5,84.5,166.4,0.0,8967.5,975,1,0.21,1874.73
Atlanta,GA,Condo,4,54.1,70.1,327.2,0.0,25511.7,1343,1,0.13,3315.5
New York,NY,Apartment,8,75.1,31.2,0.0,302.6,12585.0,972,1,0.216,2737.99
Seattle,WA,Townhouse,10,64.4,30.6,17.0,0.0,2860.4,1319,2,0.1,300.29
Houston,TX,Apartment,3,66.2,49.1,0.0,34.6,1684.6,709,1,0.12,193.07
Boston,MA,House,3,39.9,68.3,754.0,0.0,85961.7,1711,2,0.21,18070.63
Houston,TX,House,6,84.1,46.8,0.0,571.9,53064.4,1714,2,0.144,7637.61
Seattle,WA,Large House,11,50.9,87.1,423.9,0.0,138778.5,4183,5,0.1,13876.01
Houston,TX,Condo,8,86.3,78.7,0.0,639.6,39099.4,1341,2,0.144,5635.29
Seattle,WA,Condo,6,72.6,89.0,0.0,226.7,12885.8,1175,2,0.12,1528.95
Atlanta,GA,Large House,2,48.9,65.4,482.4,0.0,133032.2,3537,6,0.143,19011.26
Miami,FL,Large House,6,83.8,64.3,0.0,565.2,122452.1,3484,1,0.132,16166.45
Boston,MA,Apartment,6,78.7,51.6,0.0,411.2,19860.6,1138,2,0.252,5007.59
Phoenix,AZ,Townhouse,3,65.0,32.3,0.0,1.4,2211.2,1989,1,0.13,287.64
Boston,MA,Apartment,11,42.5,74.7,675.9,0.0,33367.9,962,1,0.21,7021.16
Chicago,IL,Apartment,3,37.3,54.4,829.8,0.0,25514.3,601,1,0.14,3570.86
Chicago,IL,Apartment,1,28.5,48.8,1094.6,0.0,31188.2,561,1,0.154,4810.1
Miami,FL,House,12,67.1,41.0,0.0,63.8,11698.1,2559,4,0.121,1433.59
Miami,FL,Townhouse,5,81.6,31.1,0.0,498.0,50561.9,2025,1,0.11,5557.12
Houston,TX,Large House,12,61.2,82.0,115.0,0.0,33154.5,3294,5,0.132,4386.55
New York,NY,House,1,25.5,61.0,1184.6,0.0,250720.8,3206,4,0.198,49651.31
Miami,FL,Large House,12,65.3,64.5,0.0,9.8,6880.5,3384,5,0.121,847.96
Los Angeles,CA,House,6,66.5,57.9,0.0,46.3,9823.5,2801,2,0.264,2585.66
Houston,TX,Apartment,11,67.3,82.5,0.0,68.9,3579.7,957,1,0.12,424.04
Houston,TX,Large House,3,68.1,63.5,0.0,92.1,27343.0,3942,6,0.12,3293.92
Chicago,IL,Condo,6,77.7,42.5,0.0,381.6,15295.1,859,1,0.168,2567.79
Chicago,IL,Condo,1,32.0,54.7,991.3,0.0,48458.7,873,1,0.154,7457.18
New York,NY,Condo,9,71.4,84.0,0.0,191.9,8017.1,857,1,0.18,1435.69
Chicago,IL,Apartment,4,50.1,32.6,448.5,0.0,25779.4,1098,2,0.14,3616.8
New York,NY,Townhouse,5,60.4,75.8,139.2,0.0,13372.9,1421,1,0.18,2389.25
Atlanta,GA,Large House,4,53.4,64.8,347.7,0.0,128060.5,4679,3,0.13,16628.66
Denver,CO,House,7,76.7,53.5,0.0,350.1,49063.1,2531,3,0.144,7071.91
Chicago,IL,Condo,6,73.4,61.4,0.0,252.0,11937.8,989,1,0.168,2000.21
Seattle,WA,Townhouse,5,64.8,59.7,5.6,0.0,3049.8,2192,2,0.1,288.43
Houston,TX,Condo,6,91.2,48.7,0.0,787.4,33212.0,933,1,0.144,4796.85
Chicago,IL,Apartment,7,80.1,83.5,0.0,453.9,16982.8,894,1,0.168,2853.48
Los Angeles,CA,Townhouse,10,57.8,47.3,217.3,0.0,24924.3,1760,2,0.22,5492.59
Houston,TX,Townhouse,8,90.5,43.2,0.0,764.8,79600.7,2102,4,0.144,11444.52
Atlanta,GA,Condo,9,68.8,75.3,0.0,112.5,7158.6,1192,1,0.13,947.41
Miami,FL,Townhouse,4,73.0,47.9,0.0,240.0,17997.8,1423,2,0.11,1978.47
Seattle,WA,Condo,1,49.5,49.2,463.7,0.0,42340.7,1592,3,0.11,4657.84
Boston,MA,House,6,77.6,84.5,0.0,376.9,44171.3,2114,4,0.252,11113.87
Denver,CO,Large House,8,69.3,44.7,0.0,128.6,31632.4,3448,6,0.144,4555.47
Miami,FL,Large House,2,66.7,70.6,0.0,50.8,21268.7,4883,3,0.121,2565.99
Chicago,IL,Large House,9,66.0,61.9,0.0,29.8,15079.3,4749,6,0.14,2116.07
Boston,MA,Townhouse,1,23.8,85.8,1236.4,0.0,114731.5,1524,2,0.231,26513.85
Miami,FL,Apartment,1,65.1,67.5,0.0,2.0,1008.1,1005,2,0.121,122.83
Atlanta,GA,House,2,48.5,66.5,493.6,0.0,55684.0,1676,2,0.143,7945.69
Denver,CO,House,3,56.0,79.4,268.8,0.0,50795.5,2713,4,0.12,6110.75
Denver,CO,Condo,11,56.6,40.1,252.5,0.0,13756.0,919,1,0.12,1638.17
Seattle,WA,Apartment,6,73.8,54.2,0.0,263.4,13236.1,1154,1,0.12,1587.59
Atlanta,GA,Apartment,6,69.3,39.1,0.0,130.1,4716.5,772,1,0.156,737.84
Chicago,IL,Apartment,10,52.8,74.1,364.9,0.0,15451.9,804,1,0.14,2169.92
Chicago,IL,House,12,37.4,71.8,827.8,0.0,94247.4,1715,1,0.154,14499.14
Boston,MA,Townhouse,10,53.2,40.9,353.9,0.0,45818.7,2051,2,0.21,9634.21
Houston,TX,Townhouse,9,89.6,68.2,0.0,738.9,66874.8,1827,3,0.12,8033.49
Houston,TX,Apartment,8,93.4,68.8,0.0,851.1,22357.2,640,1,0.144,3238.86
Houston,TX,Apartment,2,67.6,73.8,0.0,78.6,4363.3,1037,2,0.132,582.03
Atlanta,GA,Large House,8,72.5,71.0,0.0,224.9,60428.1,4094,2,0.156,9418.59
Atlanta,GA,Condo,2,45.2,35.7,593.3,0.0,45657.2,1360,1,0.143,6545.06
New York,NY,Large House,10,54.6,36.2,313.2,0.0,99607.6,4023,2,0.18,17943.23
New York,NY,Townhouse,5,64.5,81.3,15.1,0.0,3636.1,1909,1,0.18,669.89
Los Angeles,CA,Large House,11,50.3,65.2,441.0,0.0,130646.7,3787,6,0.22,28744.2
Los Angeles,CA,Condo,2,52.0,86.6,388.6,0.0,24794.0,1102,2,0.242,5991.41
New York,NY,House,3,45.2,56.4,594.5,0.0,123105.3,3099,1,0.18,22148.96
Miami,FL,Large House,5,80.0,40.6,0.0,450.4,104376.4,3674,5,0.11,11490.19
Seattle,WA,Apartment,3,51.2,56.0,412.9,0.0,12922.1,598,1,0.1,1285.64
Boston,MA,Large House,4,56.3,47.0,261.0,0.0,95248.2,4538,6,0.21,19996.16
Los Angeles,CA,Large House,1,44.9,68.4,603.4,0.0,178425.4,3830,4,0.242,43192.32
Denver,CO,Condo,1,47.2,47.7,532.9,0.0,37156.5,1225,1,0.132,4904.26
New York,NY,Large House,5,64.4,73.6,16.7,0.0,8613.3,3342,3,0.18,1541.17
Houston,TX,House,4,77.9,63.9,0.0,386.5,46564.9,2191,2,0.12,5606.89
Denver,CO,House,9,73.4,69.0,0.0,251.8,39802.5,2767,5,0.12,4792.36
Chicago,IL,Condo,6,72.4,41.1,0.0,221.0,17160.1,1599,1,0.168,2880.78
Boston,MA,Townhouse,11,45.8,41.5,576.3,0.0,57398.7,1605,3,0.21,12053.42
Los Angeles,CA,Condo,8,74.3,59.6,0.0,278.4,10767.7,809,1,0.264,2842.31
Miami,FL,Condo,3,73.5,83.3,0.0,254.8,12064.8,986,1,0.11,1346.29
New York,NY,Apartment,12,34.3,42.9,919.8,0.0,38188.9,812,1,0.198,7546.71
New York,NY,Condo,4,55.4,63.2,287.8,0.0,25159.7,1494,2,0.18,4539.48
Houston,TX,Townhouse,1,58.3,48.8,202.4,0.0,26532.9,2012,1,0.132,3491.94
Houston,TX,House,7,93.4,41.3,0.0,852.0,107019.9,2350,3,0.144,15411.18
Atlanta,GA,Townhouse,10,62.4,82.5,77.4,0.0,7438.5,1272,2,0.13,951.58
Houston,TX,Townhouse,5,84.3,44.9,0.0,577.7,58247.8,2020,3,0.12,6985.33
Boston,MA,Condo,8,80.7,39.4,0.0,471.5,24426.5,1122,2,0.252,6155.63
Denver,CO,Large House,11,53.0,55.1,360.7,0.0,107633.9,3806,1,0.12,12928.61
Chicago,IL,Large House,1,24.0,45.6,1230.8,0.0,396080.7,4235,1,0.154,60996.85
Phoenix,AZ,Large House,8,93.6,70.6,0.0,856.9,207074.0,3934,1,0.156,32306.51
Los Angeles,CA,Townhouse,1,43.7,46.2,638.6,0.0,85554.0,2166,4,0.242,20698.21
Chicago,IL,House,8,81.8,83.5,0.0,502.8,79252.3,2901,3,0.168,13326.52
Miami,FL,Apartment,4,73.6,51.9,0.0,258.2,11439.5,1025,1,0.11,1260.95
Houston,TX,Townhouse,11,70.2,49.8,0.0,156.6,15591.2,1815,2,0.12,1872.22
Chicago,IL,Condo,1,27.9,32.2,1113.9,0.0,87734.4,1408,2,0.154,13509.0
Miami,FL,House,2,65.6,62.9,0.0,19.4,3976.7,1843,2,0.121,492.13
Phoenix,AZ,Townhouse,2,64.9,64.8,4.3,0.0,2064.5,1519,2,0.143,304.51
Houston,TX,Large House,10,81.7,80.9,0.0,501.7,103849.4,3306,3,0.12,12453.37
Atlanta,GA,Condo,8,75.4,69.5,0.0,311.8,15102.5,1018,2,0.156,2356.76
Houston,TX,Apartment,12,65.9,60.9,0.0,26.5,1172.5,582,1,0.132,145.33
Phoenix,AZ,House,9,84.0,30.2,0.0,569.8,73858.5,2394,4,0.13,9585.07
Los Angeles,CA,House,10,65.4,69.8,0.0,11.1,3754.6,2018,3,0.22,821.77
Atlanta,GA,House,11,56.1,58.0,265.5,0.0,30823.4,1668,3,0.13,3991.59
Houston,TX,Large House,9,84.7,79.1,0.0,590.4,160920.5,4378,4,0.12,19301.33
Atlanta,GA,Apartment,10,64.2,71.9,24.7,0.0,2441.2,1099,2,0.13,310.1
Los Angeles,CA,Apartment,8,72.9,48.7,0.0,237.1,8205.5,795,1,0.264,2164.01
New York,NY,Townhouse,6,77.3,61.4,0.0,370.4,24128.3,1283,1,0.216,5225.42
Denver,CO,Large House,11,55.5,31.8,285.1,0.0,103890.8,4591,2,0.12,12476.63
Miami,FL,House,11,75.1,63.4,0.0,302.6,34997.4,2065,2,0.11,3831.19
Phoenix,AZ,Large House,3,65.4,75.5,0.0,11.0,7218.3,3522,4,0.13,956.91
Denver,CO,Townhouse,5,64.7,73.6,9.1,0.0,3291.1,1883,3,0.12,393.23
Chicago,IL,House,4,52.3,60.7,379.5,0.0,44124.6,1705,3,0.14,6174.84
Boston,MA,Apartment,5,67.4,51.5,0.0,71.2,4485.7,1192,1,0.21,945.94
Houston,TX,Townhouse,5,85.3,53.2,0.0,609.1,56998.2,1886,1,0.12,6845.9
Chicago,IL,Condo,6,77.1,60.2,0.0,362.5,23476.4,1382,2,0.168,3961.95
Los Angeles,CA,Large House,12,44.8,75.9,605.2,0.0,216697.3,4638,4,0.242,52458.03
Los Angeles,CA,Condo,2,45.8,52.8,575.5,0.0,31050.2,952,1,0.242,7529.94
Houston,TX,House,1,58.5,38.6,196.1,0.0,41094.8,2945,4,0.132,5420.17
Houston,TX,House,2,68.5,89.2,0.0,103.8,11309.7,1727,1,0.132,1494.23
New York,NY,Townhouse,8,73.6,67.2,0.0,258.5,17641.9,1305,2,0.216,3819.96
Phoenix,AZ,Large House,8,93.4,33.2,0.0,851.5,260237.6,4974,1,0.156,40593.54
Phoenix,AZ,House,10,80.1,89.0,0.0,454.3,68254.0,2749,3,0.13,8887.83
Miami,FL,House,12,63.3,55.4,49.6,0.0,6878.7,1590,1,0.121,849.04
Seattle,WA,House,8,72.3,74.0,0.0,219.9,32769.0,2578,5,0.12,3930.3
Miami,FL,Condo,10,77.3,53.4,0.0,368.1,17340.0,1014,1,0.11,1911.88
Atlanta,GA,Condo,3,49.5,62.5,465.6,0.0,31638.9,1187,1,0.13,4122.65
Los Angeles,CA,Townhouse,12,49.9,47.1,451.9,0.0,46548.0,1648,3,0.242,11283.49
Houston,TX,House,9,89.4,30.5,0.0,731.0,74710.0,1908,2,0.12,8948.39
Los Angeles,CA,Large House,7,78.8,31.3,0.0,414.1,96007.8,3659,5,0.264,25342.2
Los Angeles,CA,Condo,1,43.4,49.6,648.6,0.0,38822.7,1057,2,0.242,9390.69
Seattle,WA,Condo,7,72.1,67.1,0.0,212.7,10395.9,999,1,0.12,1259.94
Chicago,IL,Condo,1,24.0,43.9,1230.9,0.0,74883.4,1090,1,0.154,11550.92
Atlanta,GA,Large House,3,50.0,62.2,449.3,0.0,169425.6,4850,1,0.13,22033.98
Houston,TX,House,12,60.7,42.1,127.7,0.0,15070.1,1594,1,0.132,2002.59
Atlanta,GA,Condo,12,49.1,50.8,477.5,0.0,35569.8,1306,2,0.143,5073.63
Chicago,IL,Large House,11,46.2,83.3,564.3,0.0,186089.7,4271,2,0.14,26040.93
New York,NY,Townhouse,6,77.8,72.8,0.0,384.7,41384.0,2104,4,0.216,8954.5
New York,NY,House,12,37.3,34.8,832.4,0.0,116273.1,2107,1,0.198,23008.29
Chicago,IL,Condo,7,81.5,67.4,0.0,494.6,31769.7,1393,2,0.168,5323.22
Seattle,WA,Large House,4,58.5,71.3,195.4,0.0,50735.2,3179,2,0.1,5062.25
Houston,TX,Large House,4,80.2,75.0,0.0,455.3,134426.3,4701,2,0.12,16144.5
Houston,TX,House,2,62.8,70.4,64.8,0.0,11143.5,2112,1,0.132,1462.48
Miami,FL,House,2,67.2,62.2,0.0,66.0,15786.4,3355,6,0.121,1915.97
New York,NY,House,12,34.0,69.7,929.3,0.0,212991.1,3457,5,0.198,42190.24
Atlanta,GA,Condo,3,54.4,59.4,317.3,0.0,19191.6,1041,1,0.13,2503.38
Miami,FL,Large House,10,81.5,32.5,0.0,494.9,106939.9,3430,6,0.11,11744.94
Denver,CO,Large House,9,74.2,58.8,0.0,275.6,78285.0,4409,1,0.12,9403.29
Chicago,IL,House,5,65.2,78.1,0.0,5.6,4460.8,3016,4,0.14,640.12
Phoenix,AZ,Townhouse,2,63.1,86.4,57.9,0.0,5416.6,1206,1,0.143,768.14
Boston,MA,Townhouse,3,37.9,59.8,812.4,0.0,73417.4,1473,2,0.21,15408.18
Boston,MA,Apartment,3,42.1,68.4,687.9,0.0,25357.9,720,1,0.21,5329.28
Miami,FL,House,2,60.1,68.5,146.8,0.0,28996.1,2723,1,0.121,3506.31
Atlanta,GA,Condo,4,53.3,74.8,351.6,0.0,22621.3,1117,1,0.13,2954.77
Chicago,IL,Townhouse,1,29.9,42.2,1053.9,0.0,98427.5,1529,3,0.154,15152.9
Chicago,IL,House,9,73.0,86.8,0.0,238.7,28633.5,2100,3,0.14,4020.05
Seattle,WA,Large House,10,63.9,85.6,33.1,0.0,14340.6,3849,1,0.1,1431.58
Chicago,IL,Large House,7,82.7,48.1,0.0,530.6,108525.1,3256,6,0.168,18231.92
Denver,CO,Apartment,1,40.6,73.3,731.0,0.0,22328.4,595,1,0.132,2965.26
Miami,FL,Large House,11,66.5,50.7,0.0,44.2,13189.1,3366,2,0.11,1447.34
Chicago,IL,Townhouse,2,35.9,79.9,872.3,0.0,81511.1,1527,1,0.154,12572.11
Phoenix,AZ,Large House,7,95.2,46.5,0.0,907.3,274335.5,4928,1,0.156,42791.28
New York,NY,Large House,5,65.9,50.1,0.0,26.1,12930.2,4317,6,0.18,2326.42
New York,NY,Townhouse,3,44.6,58.8,612.1,0.0,76538.6,2026,1,0.18,13792.54
Boston,MA,Large House,9,67.3,37.6,0.0,69.4,25675.4,4683,4,0.21,5378.45
Denver,CO,Townhouse,5,61.3,41.5,110.8,0.0,10156.3,1318,1,0.12,1200.94
Chicago,IL,Apartment,1,30.5,30.9,1035.5,0.0,37883.8,720,1,0.154,5847.12
Miami,FL,Large House,3,73.0,81.6,0.0,241.4,53857.4,3406,3,0.11,5923.05
Los Angeles,CA,Townhouse,8,77.9,86.3,0.0,388.2,41690.5,2118,1,0.264,11007.53
Chicago,IL,Large House,7,76.6,52.8,0.0,349.2,105234.4,4746,1,0.168,17673.04
Phoenix,AZ,Condo,12,66.2,68.9,0.0,34.6,2777.4,1111,1,0.143,383.21
Phoenix,AZ,Townhouse,11,73.3,69.1,0.0,248.8,19899.4,1522,2,0.13,2595.86
Houston,TX,Condo,1,59.2,82.8,174.9,0.0,11461.9,1078,1,0.132,1526.67
Miami,FL,Large House,2,63.6,60.8,41.9,0.0,17599.6,4025,1,0.121,2123.28
Seattle,WA,Condo,10,66.5,62.1,0.0,45.3,2761.0,955,1,0.1,286.07
Atlanta,GA,Townhouse,10,64.7,56.6,7.9,0.0,1992.7,1264,2,0.13,247.6
Chicago,IL,Large House,4,52.8,81.6,365.7,0.0,127451.8,4427,5,0.14,17839.37
Denver,CO,Townhouse,11,57.9,30.6,212.6,0.0,17406.0,1260,1,0.12,2083.69
Denver,CO,Townhouse,8,73.5,52.2,0.0,255.0,28902.9,2176,2,0.144,4149.38
Phoenix,AZ,House,6,84.9,52.2,0.0,596.7,53547.5,1655,3,0.156,8337.39
Seattle,WA,Apartment,11,50.1,45.9,445.7,0.0,15635.8,671,1,0.1,1567.16
Denver,CO,Condo,5,63.5,56.7,45.1,0.0,2773.3,818,1,0.12,340.3
Seattle,WA,Apartment,2,50.8,81.3,427.4,0.0,11859.7,531,1,0.11,1294.24
Atlanta,GA,Large House,7,71.0,51.6,0.0,178.6,41023.1,3415,2,0.156,6389.25
Atlanta,GA,House,6,70.9,49.6,0.0,178.3,19918.9,1913,1,0.156,3124.77
Denver,CO,House,2,52.4,39.5,379.4,0.0,80779.2,3129,2,0.132,10678.76
New York,NY,Apartment,3,41.9,72.5,691.8,0.0,29190.9,820,1,0.18,5237.72
Houston,TX,Townhouse,1,58.9,63.6,184.5,0.0,22512.9,1854,1,0.132,2962.39
Denver,CO,Large House,8,73.9,72.2,0.0,266.5,65591.6,3761,6,0.144,9459.98
Houston,TX,Townhouse,2,69.4,32.3,0.0,131.1,13797.6,1843,3,0.132,1833.47
Phoenix,AZ,Condo,2,65.9,82.3,0.0,25.6,3174.6,1451,2,0.143,445.85
Seattle,WA,Condo,12,46.9,69.0,542.6,0.0,33642.7,1085,2,0.11,3700.1
Atlanta,GA,House,10,65.5,67.1,0.0,15.4,6570.8,3111,6,0.13,840.23
Miami,FL,Townhouse,2,67.4,57.9,0.0,72.2,9516.7,2055,3,0.121,1164.04
Houston,TX,Condo,1,59.5,46.3,165.0,0.0,10940.3,1096,1,0.132,1460.29
Denver,CO,Large House,3,52.2,47.6,385.1,0.0,133311.8,4414,4,0.12,16004.34
Houston,TX,Apartment,5,78.4,31.3,0.0,402.8,19561.8,1145,1,0.12,2329.45
Los Angeles,CA,Apartment,4,53.7,68.6,338.9,0.0,19896.4,1121,1,0.22,4370.97
Atlanta,GA,House,9,66.7,81.1,0.0,50.5,12044.5,3123,4,0.13,1555.88
Phoenix,AZ,Townhouse,4,74.3,48.1,0.0,280.1,31198.4,2161,1,0.13,4065.9
Boston,MA,Townhouse,6,78.0,63.3,0.0,388.6,24074.7,1221,1,0.252,6068.15
Los Angeles,CA,House,2,49.5,64.9,464.1,0.0,61922.9,1977,2,0.242,14985.95
New York,NY,House,4,58.1,37.3,207.1,0.0,45490.2,3120,2,0.18,8182.18
Phoenix,AZ,Condo,9,90.1,79.0,0.0,754.4,38053.9,1112,2,0.13,4963.49
Denver,CO,House,3,56.6,40.0,252.8,0.0,28213.4,1607,1,0.12,3396.18
Chicago,IL,House,1,25.4,82.9,1188.3,0.0,167822.5,2139,3,0.154,25852.44
New York,NY,Condo,7,79.5,67.0,0.0,434.9,23410.2,1161,2,0.216,5058.99
New York,NY,Condo,4,51.5,31.7,405.6,0.0,35916.8,1538,3,0.18,6459.19
Phoenix,AZ,Large House,12,66.5,77.2,0.0,43.9,12083.9,3048,3,0.143,1734.37
Denver,CO,Condo,8,75.4,80.2,0.0,310.7,15289.4,1030,2,0.144,2183.52
Atlanta,GA,Townhouse,11,58.9,62.0,182.3,0.0,18007.6,1486,2,0.13,2346.64
Los Angeles,CA,Condo,3,51.1,83.0,418.1,0.0,26487.2,1103,1,0.22,5845.97
Los Angeles,CA,Condo,4,57.4,77.8,228.6,0.0,15764.6,1159,2,0.22,3450.57
Miami,FL,Townhouse,6,86.9,47.4,0.0,657.2,64505.5,1973,3,0.132,8530.78
Los Angeles,CA,Townhouse,8,70.1,63.5,0.0,153.2,14253.6,1665,3,0.264,3779.56
Atlanta,GA,Condo,3,53.5,89.3,346.3,0.0,31535.4,1569,3,0.13,4113.26
Seattle,WA,Townhouse,3,50.7,36.3,430.3,0.0,47039.3,1745,3,0.1,4707.67
Denver,CO,Condo,8,75.6,46.5,0.0,317.3,16290.5,1084,2,0.144,2360.09
Atlanta,GA,Large House,3,51.9,82.2,393.6,0.0,115767.2,3760,1,0.13,15048.74
Houston,TX,House,5,80.7,86.9,0.0,472.1,83019.7,3234,2,0.12,9949.59
Phoenix,AZ,House,4,71.6,81.8,0.0,198.0,18511.0,1608,2,0.13,2399.57
Houston,TX,Apartment,5,79.2,44.4,0.0,425.1,12027.3,675,1,0.12,1439.42
Miami,FL,House,5,83.8,66.2,0.0,564.9,75706.0,2477,3,0.11,8327.28
Miami,FL,Condo,2,65.2,47.9,0.0,6.1,1431.3,1209,1,0.121,186.51
Atlanta,GA,House,5,65.2,75.9,0.0,5.3,4243.1,3098,1,0.13,539.74
Atlanta,GA,House,5,62.6,67.3,70.8,0.0,14281.9,2473,2,0.13,1850.08
Seattle,WA,Condo,2,45.9,72.3,572.7,0.0,50680.0,1559,2,0.11,5588.04
Boston,MA,Apartment,9,73.3,74.1,0.0,248.9,11318.6,1051,1,0.21,2365.24
Los Angeles,CA,Large House,2,47.4,41.2,528.2,0.0,157426.5,3844,4,0.242,38105.3
Boston,MA,House,6,77.1,47.9,0.0,363.4,54356.5,2707,3,0.252,13707.31
New York,NY,Townhouse,6,78.7,56.5,0.0,412.3,29848.9,1430,1,0.216,6450.92
Boston,MA,Large House,2,28.4,53.9,1098.7,0.0,370602.4,4425,4,0.231,85600.09
Atlanta,GA,House,11,56.5,43.2,254.0,0.0,58903.8,3354,1,0.13,7656.12
Denver,CO,Condo,4,59.4,79.4,168.1,0.0,15565.5,1525,1,0.12,1882.87
Boston,MA,Large House,8,78.6,51.9,0.0,409.3,117352.7,4545,2,0.252,29577.77
Los Angeles,CA,Apartment,9,72.4,38.5,0.0,222.5,9480.9,964,1,0.22,2100.23
Denver,CO,House,8,76.4,37.0,0.0,341.9,36871.2,1950,2,0.144,5323.25
Atlanta,GA,House,4,60.8,54.7,125.8,0.0,19820.7,2112,3,0.13,2596.39
New York,NY,Large House,5,66.8,57.4,0.0,52.9,17925.5,3918,5,0.18,3241.42
Chicago,IL,Large House,4,53.0,89.7,360.4,0.0,134948.4,4746,6,0.14,18876.74
Seattle,WA,Condo,12,51.5,62.7,406.5,0.0,35640.6,1519,3,0.11,3935.63
Atlanta,GA,House,9,67.3,78.4,0.0,69.7,15920.8,3305,4,0.13,2079.48
Boston,MA,House,4,52.9,81.8,364.3,0.0,69066.0,2776,4,0.21,14493.42
New York,NY,Apartment,8,72.1,30.5,0.0,213.4,8223.1,869,1,0.216,1760.77
Houston,TX,Large House,4,76.7,35.9,0.0,352.1,103422.6,4599,5,0.12,12427.35
Denver,CO,Condo,1,46.0,89.1,570.8,0.0,47242.1,1457,2,0.132,6241.61
Atlanta,GA,Large House,12,48.8,37.4,485.8,0.0,169598.6,4486,5,0.143,24247.54
Los Angeles,CA,House,7,78.9,63.1,0.0,416.3,46173.6,2034,1,0.264,12205.43
Denver,CO,Apartment,3,53.8,47.7,336.2,0.0,11945.7,674,1,0.12,1416.82
Seattle,WA,Townhouse,2,51.3,63.7,411.7,0.0,43556.8,1684,3,0.11,4810.96
Seattle,WA,Townhouse,8,72.0,43.1,0.0,209.6,22589.0,2033,1,0.12,2698.72
Atlanta,GA,Condo,4,53.3,64.7,352.4,0.0,30314.8,1489,2,0.13,3951.9
Atlanta,GA,Apartment,8,74.8,51.9,0.0,292.8,11525.0,914,1,0.156,1813.16
Chicago,IL,House,4,54.7,87.3,309.6,0.0,68551.4,3216,3,0.14,9604.36
Boston,MA,Apartment,12,32.7,32.9,969.5,0.0,40971.3,829,1,0.231,9461.71
Seattle,WA,Townhouse,3,51.6,65.6,402.2,0.0,45381.6,1801,2,0.1,4537.02
Denver,CO,Large House,2,47.1,32.6,537.1,0.0,184550.6,4436,4,0.132,24369.28
New York,NY,Apartment,2,31.7,53.0,999.0,0.0,48754.1,958,1,0.198,9635.4
Chicago,IL,Apartment,1,29.9,55.8,1053.3,0.0,62335.6,1163,1,0.154,9588.37
Chicago,IL,Condo,4,50.8,31.8,425.8,0.0,28150.1,1151,2,0.14,3927.62
Phoenix,AZ,Townhouse,11,67.9,67.5,0.0,85.8,9918.4,1920,2,0.13,1304.69
New York,NY,Condo,6,74.8,36.4,0.0,293.1,14845.2,1064,1,0.216,3209.33
Seattle,WA,Townhouse,5,62.3,48.8,81.2,0.0,9183.3,1556,1,0.1,913.91
Seattle,WA,Large House,9,68.0,66.1,0.0,91.0,23539.4,3451,4,0.1,2367.08
Chicago,IL,House,3,45.1,52.2,597.3,0.0,102283.5,2547,5,0.14,14305.8
Houston,TX,Apartment,5,81.1,48.0,0.0,481.6,14227.2,701,1,0.12,1707.68
Miami,FL,Large House,10,79.5,66.0,0.0,435.8,117334.8,4273,3,0.11,12926.76
Seattle,WA,Large House,10,62.5,63.1,75.8,0.0,31776.7,4493,6,0.1,3189.2
Boston,MA,Apartment,1,28.8,59.7,1086.5,0.0,42245.0,764,1,0.231,9747.54
Seattle,WA,Townhouse,7,70.5,87.6,0.0,166.2,16068.8,1753,3,0.12,1944.23
Boston,MA,Large House,6,70.9,36.0,0.0,176.8,48630.8,4103,1,0.252,12253.39
Boston,MA,Large House,1,32.6,62.5,971.5,0.0,273445.0,3688,2,0.231,63148.84
Denver,CO,Large House,6,73.6,87.6,0.0,258.2,58317.5,3434,6,0.144,8400.82
New York,NY,Condo,10,59.3,77.1,170.4,0.0,16165.0,1561,2,0.18,2927.43
New York,NY,Apartment,5,66.7,78.8,0.0,50.3,1697.9,592,1,0.18,321.93
Seattle,WA,Large House,5,60.2,30.5,143.0,0.0,51708.1,4301,3,0.1,5156.14
Houston,TX,Condo,1,60.6,52.5,130.7,0.0,6879.2,834,1,0.132,915.83
Houston,TX,Townhouse,9,82.7,43.7,0.0,530.1,45239.9,1697,3,0.12,5444.68
Los Angeles,CA,Townhouse,8,73.0,48.9,0.0,239.0,23446.1,1860,2,0.264,6178.54
Miami,FL,Apartment,12,60.1,83.0,147.3,0.0,9446.5,1143,2,0.121,1160.2
Los Angeles,CA,Condo,5,60.2,64.9,145.3,0.0,9268.7,1031,1,0.22,2025.26
Boston,MA,House,2,27.5,49.7,1125.4,0.0,181985.3,2447,3,0.231,42046.91
New York,NY,Townhouse,7,75.2,56.9,0.0,307.1,27450.3,1733,2,0.216,5920.11
Seattle,WA,Large House,8,71.6,43.6,0.0,198.8,61658.6,4658,3,0.12,7394.39
New York,NY,Apartment,6,70.3,60.3,0.0,159.4,3999.9,556,1,0.216,850.04
Los Angeles,CA,Condo,4,55.5,49.3,284.1,0.0,21193.7,1275,1,0.22,4651.29
Denver,CO,House,1,46.2,41.6,564.2,0.0,95123.8,2516,2,0.132,12556.5
Houston,TX,Townhouse,6,88.7,79.6,0.0,712.0,46736.1,1326,1,0.144,6736.95
Chicago,IL,Large House,12,33.4,60.0,947.2,0.0,266834.4,3687,3,0.154,41077.27
New York,NY,Condo,8,74.0,73.8,0.0,268.9,17019.9,1325,2,0.216,3693.35
Seattle,WA,Townhouse,12,43.0,61.8,661.3,0.0,65334.9,1601,3,0.11,7206.34
Seattle,WA,Large House,6,73.8,39.5,0.0,265.3,84321.4,4904,3,0.12,10099.99
Atlanta,GA,Townhouse,4,61.6,50.1,103.0,0.0,9441.8,1280,2,0.13,1226.32
Denver,CO,Townhouse,10,59.1,34.4,176.7,0.0,19344.5,1654,1,0.12,2334.51
Atlanta,GA,Condo,11,49.1,40.1,477.4,0.0,36662.2,1349,1,0.13,4771.28
Miami,FL,Condo,5,80.2,80.0,0.0,455.9,26580.5,1261,2,0.11,2918.08
Denver,CO,Townhouse,6,72.0,81.3,0.0,210.2,16538.8,1467,2,0.144,2399.35
New York,NY,House,10,54.4,77.1,317.9,0.0,35046.5,1603,2,0.18,6309.5
Atlanta,GA,Large House,10,63.4,62.7,47.9,0.0,18025.2,3591,5,0.13,2353.97
New York,NY,House,1,28.8,85.9,1086.1,0.0,129144.2,1799,2,0.198,25565.17
Phoenix,AZ,Apartment,6,84.1,63.9,0.0,571.6,28392.6,1195,1,0.156,4409.98
New York,NY,House,8,72.5,87.3,0.0,225.3,32420.6,2521,2,0.216,6986.47
Houston,TX,Apartment,3,67.1,87.2,0.0,62.0,3746.1,1093,1,0.12,448.13
New York,NY,Townhouse,3,42.8,51.2,666.5,0.0,73018.3,1777,2,0.18,13127.34
Chicago,IL,House,10,59.9,38.6,153.8,0.0,30906.8,2794,1,0.14,4316.9
Miami,FL,Large House,9,89.7,76.8,0.0,741.2,185082.7,4042,3,0.11,20351.25
Los Angeles,CA,House,3,48.8,35.8,486.8,0.0,81966.1,2495,3,0.22,18017.02
Miami,FL,Townhouse,11,72.5,60.9,0.0,224.1,17527.6,1478,2,0.11,1913.86
Phoenix,AZ,House,12,65.8,34.2,0.0,23.6,3935.7,1649,1,0.143,546.55
New York,NY,House,2,31.8,64.8,994.6,0.0,132277.7,2005,4,0.198,26180.24
Atlanta,GA,Townhouse,2,49.3,77.3,469.7,0.0,56154.6,1922,2,0.143,8017.72
Boston,MA,Condo,1,25.4,40.7,1187.0,0.0,73919.0,1115,1,0.231,17067.22
Phoenix,AZ,Townhouse,1,57.8,63.3,217.4,0.0,18486.5,1305,1,0.143,2662.08
Houston,TX,Townhouse,4,73.7,51.9,0.0,262.2,21819.0,1609,1,0.12,2604.53
New York,NY,Townhouse,4,54.3,56.1,321.3,0.0,26182.4,1284,1,0.18,4709.95
Boston,MA,Townhouse,7,83.0,88.0,0.0,538.6,40522.0,1500,2,0.252,10222.4
Houston,TX,House,4,71.3,46.9,0.0,190.4,21210.5,1922,1,0.12,2541.52
Miami,FL,Condo,2,66.9,58.3,0.0,56.3,4896.8,1396,1,0.121,573.85
Phoenix,AZ,House,2,64.7,87.8,9.1,0.0,6257.2,3400,5,0.143,903.0
Boston,MA,Condo,10,60.0,57.7,150.2,0.0,8687.5,932,1,0.21,1807.95
Seattle,WA,Townhouse,3,52.1,61.0,387.5,0.0,37367.3,1541,1,0.1,3722.39
Phoenix,AZ,Condo,10,83.5,73.4,0.0,555.5,31206.6,1220,2,0.13,4063.71
Boston,MA,Condo,3,38.6,81.9,792.9,0.0,47175.0,1055,2,0.21,9915.37
Atlanta,GA,Condo,11,51.3,48.3,410.8,0.0,20858.2,888,1,0.13,2707.31
Denver,CO,House,11,53.0,51.5,358.7,0.0,67587.4,2758,3,0.12,8126.94
Boston,MA,Townhouse,6,76.2,54.4,0.0,336.4,21203.6,1227,2,0.252,5344.25
Seattle,WA,Apartment,7,72.0,88.0,0.0,209.9,10205.0,1096,1,0.12,1225.49
Los Angeles,CA,Condo,6,67.9,81.9,0.0,85.6,6424.6,1373,1,0.264,1700.09
Phoenix,AZ,House,7,94.3,33.5,0.0,879.8,74911.8,1597,2,0.156,11670.58
Chicago,IL,House,6,73.2,82.3,0.0,246.7,31626.9,2268,2,0.168,5309.48
Houston,TX,Apartment,12,60.6,57.8,131.9,0.0,3976.9,527,1,0.132,520.43
New York,NY,Townhouse,12,36.4,67.0,857.9,0.0,74728.4,1423,1,0.198,14797.39
Boston,MA,Townhouse,8,79.9,66.2,0.0,448.0,35787.9,1585,2,0.252,9017.46
Boston,MA,Condo,5,61.8,45.4,97.1,0.0,10219.5,1590,3,0.21,2138.57
Los Angeles,CA,Condo,9,71.4,76.2,0.0,192.1,14155.5,1483,2,0.22,3098.45
Denver,CO,Condo,7,72.8,72.8,0.0,233.9,10275.4,908,1,0.144,1493.22
Boston,MA,House,10,60.4,69.5,136.8,0.0,27152.8,2661,5,0.21,5702.3
Atlanta,GA,Townhouse,12,46.1,63.1,567.9,0.0,72714.0,2074,1,0.143,10396.43
Seattle,WA,Apartment,12,51.1,63.5,416.1,0.0,11113.3,510,1,0.11,1241.85
Chicago,IL,Townhouse,9,69.0,46.0,0.0,121.0,15005.8,2159,4,0.14,2095.95
Chicago,IL,Townhouse,8,75.5,53.5,0.0,314.2,20649.4,1276,2,0.168,3483.32
Denver,CO,House,6,66.3,45.8,0.0,37.7,5026.3,1642,1,0.144,708.94
New York,NY,House,9,68.6,59.0,0.0,109.4,16202.6,2362,3,0.18,2934.3
Seattle,WA,Condo,1,46.6,41.6,551.0,0.0,48744.2,1562,1,0.11,5381.55
Seattle,WA,Townhouse,4,53.7,78.7,338.4,0.0,40530.4,1889,3,0.1,4046.28
Seattle,WA,Condo,4,61.6,51.9,101.2,0.0,7622.2,1135,2,0.1,748.73
New York,NY,Townhouse,6,77.1,43.1,0.0,363.7,32748.6,1758,3,0.216,7087.25
Miami,FL,Condo,5,85.5,33.4,0.0,614.9,23893.7,849,1,0.11,2639.86
New York,NY,House,11,40.1,63.4,746.2,0.0,113386.2,2280,4,0.18,20402.14
Chicago,IL,Townhouse,4,58.6,60.2,192.4,0.0,22750.6,1793,3,0.14,3186.14
Denver,CO,Condo,3,55.3,33.4,292.0,0.0,16262.7,958,1,0.12,1947.99
Seattle,WA,House,11,50.6,62.3,431.8,0.0,92575.6,3175,1,0.1,9265.58
Denver,CO,Apartment,5,68.1,83.3,0.0,93.6,5401.8,1129,2,0.12,651.79
Los Angeles,CA,House,9,74.9,70.5,0.0,297.3,28753.1,1726,2,0.22,6313.21
Seattle,WA,Apartment,12,44.4,43.2,617.6,0.0,18247.6,570,1,0.11,2002.78
Phoenix,AZ,Townhouse,10,79.7,46.9,0.0,439.9,31077.7,1401,2,0.13,4031.88
Chicago,IL,House,8,80.1,78.1,0.0,453.7,64911.2,2620,3,0.168,10923.8
Los Angeles,CA,Apartment,6,71.6,34.6,0.0,198.7,7586.9,858,1,0.264,1983.08
Seattle,WA,Townhouse,11,53.4,59.6,348.4,0.0,27728.9,1258,2,0.1,2753.99
Los Angeles,CA,House,9,74.5,52.9,0.0,285.1,29211.2,1822,3,0.22,6440.74
Boston,MA,Condo,1,32.2,73.2,983.7,0.0,69595.1,1263,2,0.231,16080.42
Chicago,IL,House,4,57.2,83.9,232.9,0.0,24784.2,1525,1,0.14,3481.38
Atlanta,GA,Townhouse,7,78.0,78.3,0.0,388.5,40677.0,2060,3,0.156,6337.3
Miami,FL,House,6,92.1,62.8,0.0,813.2,114901.0,2638,5,0.132,15179.05
Seattle,WA,Large House,5,67.4,71.3,0.0,72.8,26477.1,4693,3,0.1,2643.38
Denver,CO,Townhouse,2,46.7,83.5,547.8,0.0,69514.1,2045,3,0.132,9169.75
Boston,MA,Condo,9,70.3,73.0,0.0,160.0,6991.4,867,1,0.21,1472.02
Boston,MA,Condo,9,73.3,35.0,0.0,248.9,10576.6,882,1,0.21,2206.08
Houston,TX,Condo,8,91.9,35.4,0.0,808.4,44331.8,1212,1,0.144,6394.85
Phoenix,AZ,Large House,8,90.5,61.4,0.0,765.3,162013.7,3422,5,0.156,25269.48
Atlanta,GA,House,5,60.1,77.4,147.2,0.0,34994.7,3258,4,0.13,4566.7
Miami,FL,Condo,5,78.1,68.0,0.0,392.3,15412.0,839,1,0.11,1700.03
Miami,FL,Apartment,2,64.2,43.1,24.2,0.0,2166.5,997,1,0.121,274.99
New York,NY,House,1,23.3,36.1,1249.5,0.0,149162.9,1812,1,0.198,29545.76
Chicago,IL,House,10,61.2,39.8,113.0,0.0,20273.7,2350,4,0.14,2849.84
Denver,CO,Condo,4,56.8,42.5,246.2,0.0,14227.4,979,1,0.12,1689.9
Seattle,WA,Large House,3,51.2,60.0,413.9,0.0,117022.3,3623,2,0.1,11687.28
New York,NY,Apartment,7,75.6,57.5,0.0,317.4,13477.7,984,1,0.216,2929.79
Atlanta,GA,Apartment,11,57.1,30.9,238.3,0.0,10304.1,808,1,0.13,1352.59
Denver,CO,Condo,11,56.5,45.3,255.5,0.0,23987.2,1586,3,0.12,2861.61
Seattle,WA,Townhouse,7,76.9,51.1,0.0,355.8,22270.4,1227,2,0.12,2678.05
Seattle,WA,Townhouse,3,56.0,33.0,268.6,0.0,30262.7,1761,2,0.1,3021.25
Denver,CO,House,9,71.2,39.0,0.0,185.6,35374.4,3266,3,0.12,4259.56
New York,NY,Apartment,7,80.5,48.3,0.0,464.0,16556.9,854,1,0.216,3567.18
New York,NY,Apartment,9,66.1,47.1,0.0,33.3,2530.1,1174,1,0.18,464.12
Denver,CO,House,3,47.3,80.1,531.8,0.0,58566.5,1638,2,0.12,7028.98
Boston,MA,Apartment,11,48.0,66.6,510.2,0.0,31230.4,1186,1,0.21,6541.61
Seattle,WA,House,2,43.4,53.4,647.8,0.0,77761.3,1800,1,0.11,8542.78
Seattle,WA,Townhouse,10,57.0,74.6,239.3,0.0,28313.6,1823,3,0.1,2815.2
Seattle,WA,Townhouse,9,73.3,55.3,0.0,249.5,26427.3,2035,1,0.1,2629.27
Chicago,IL,Apartment,9,70.8,38.4,0.0,175.5,6966.7,885,1,0.14,956.18
Miami,FL,Apartment,10,81.0,45.6,0.0,480.7,17934.5,890,1,0.11,1988.51
Denver,CO,Large House,2,47.0,75.4,541.0,0.0,185331.6,4423,3,0.132,24466.12
Phoenix,AZ,House,5,81.7,71.4,0.0,500.5,41790.5,1531,3,0.13,5421.07
Phoenix,AZ,Townhouse,2,68.2,52.6,0.0,96.8,10884.1,1886,2,0.143,1540.0
Atlanta,GA,House,3,48.7,88.6,488.9,0.0,55251.9,1679,1,0.13,7169.96
Miami,FL,Apartment,2,68.1,34.9,0.0,93.0,5635.6,1191,2,0.121,667.29
Los Angeles,CA,House,6,73.1,88.4,0.0,241.9,44811.1,3243,5,0.264,11825.27
Boston,MA,Apartment,12,35.3,67.2,891.2,0.0,38225.2,839,1,0.231,8831.43
New York,NY,Large House,1,29.3,35.3,1072.0,0.0,290487.6,3554,3,0.198,57515.36
Chicago,IL,Large House,2,27.1,37.7,1137.1,0.0,366204.2,4230,2,0.154,56378.95
Denver,CO,Townhouse,10,58.6,43.6,192.0,0.0,15903.6,1262,2,0.12,1910.43
Seattle,WA,Townhouse,7,71.9,36.4,0.0,205.7,18574.2,1703,1,0.12,2245.86
New York,NY,Condo,9,64.5,86.4,13.6,0.0,1946.2,1119,1,0.18,362.51
Atlanta,GA,Large House,11,50.6,45.9,432.1,0.0,150029.9,4457,2,0.13,19518.91
Phoenix,AZ,Townhouse,1,61.0,85.6,120.0,0.0,16223.6,1934,3,0.143,2334.06
Atlanta,GA,Condo,12,42.5,65.5,674.2,0.0,35516.9,931,1,0.143,5086.95
Phoenix,AZ,Large House,7,88.9,86.3,0.0,716.4,139163.1,3134,5,0.156,21721.59
Miami,FL,Large House,2,61.8,34.5,97.0,0.0,30769.6,3603,2,0.121,3722.43
Phoenix,AZ,Townhouse,7,94.8,34.6,0.0,894.0,85734.3,1953,1,0.156,13375.63
New York,NY,Large House,7,83.4,30.1,0.0,551.9,111541.3,3233,4,0.216,24077.35
Miami,FL,Condo,9,86.4,41.8,0.0,642.7,45075.4,1535,2,0.11,4944.5
New York,NY,Townhouse,8,76.3,64.1,0.0,339.2,21821.7,1260,1,0.216,4700.97
Boston,MA,Apartment,8,80.4,74.6,0.0,462.6,13371.1,691,1,0.252,3349.58
Phoenix,AZ,House,12,64.4,83.0,18.6,0.0,6752.8,2679,5,0.143,981.52
Los Angeles,CA,House,3,53.5,43.7,345.2,0.0,79201.9,3372,1,0.22,17432.5
Los Angeles,CA,House,8,78.1,58.5,0.0,393.4,36629.2,1689,2,0.264,9652.25
Chicago,IL,Townhouse,2,31.2,35.9,1014.7,0.0,76683.8,1238,1,0.154,11789.84
Houston,TX,Condo,1,57.9,72.6,214.0,0.0,20370.0,1582,3,0.132,2702.34
Houston,TX,Large House,5,84.8,78.1,0.0,594.6,174379.9,4726,1,0.12,20909.2
Los Angeles,CA,Large House,10,57.5,79.3,223.9,0.0,60362.1,3343,2,0.22,13283.19
Chicago,IL,Large House,9,72.2,61.7,0.0,214.9,57957.6,4063,4,0.14,8096.97
New York,NY,Townhouse,3,42.1,70.2,687.8,0.0,87774.6,2073,2,0.18,15780.33
Atlanta,GA,Apartment,1,46.2,46.9,565.0,0.0,29049.0,995,1,0.143,4169.06
New York,NY,Large House,8,73.5,44.8,0.0,254.8,67885.7,4085,3,0.216,14666.8
Los Angeles,CA,Condo,9,74.5,43.5,0.0,284.6,15435.0,1130,2,0.22,3394.11
Phoenix,AZ,Townhouse,9,85.4,71.9,0.0,610.5,57560.8,1888,3,0.13,7477.25
Phoenix,AZ,Condo,11,68.6,32.5,0.0,108.1,5877.0,1028,1,0.13,766.26
Denver,CO,Townhouse,6,66.1,61.5,0.0,32.8,5462.8,2136,1,0.144,799.27
Boston,MA,Apartment,1,25.7,49.5,1178.0,0.0,61903.8,1035,2,0.231,14303.85
Atlanta,GA,House,5,66.0,63.5,0.0,29.4,7909.1,2880,4,0.13,1013.58
Miami,FL,Townhouse,8,95.7,49.8,0.0,922.0,94798.1,2084,4,0.132,12523.69
Denver,CO,Apartment,12,47.4,52.1,528.9,0.0,26182.4,960,1,0.132,3454.94
Los Angeles,CA,Apartment,1,47.9,39.1,512.1,0.0,31324.6,1179,1,0.242,7581.37
Boston,MA,Townhouse,5,67.7,42.1,0.0,80.5,8209.7,1631,3,0.21,1731.73
Miami,FL,Apartment,7,94.1,31.1,0.0,874.0,28402.5,794,1,0.132,3739.97
Phoenix,AZ,Townhouse,2,63.8,79.9,37.0,0.0,6197.8,1813,3,0.143,875.83
New York,NY,House,12,28.7,78.2,1090.4,0.0,249094.0,3456,4,0.198,49305.19
Phoenix,AZ,Large House,5,78.6,81.5,0.0,408.4,86246.2,3335,3,0.13,11228.9
Los Angeles,CA,Large House,4,60.1,88.2,145.6,0.0,38550.8,3127,4,0.22,8494.17
Boston,MA,Condo,12,35.7,58.8,878.9,0.0,68610.0,1393,1,0.231,15850.24
Atlanta,GA,Large House,4,55.7,42.5,278.0,0.0,74389.2,3331,6,0.13,9687.7
Miami,FL,Apartment,4,71.7,72.9,0.0,200.8,6218.7,695,1,0.11,687.96
Phoenix,AZ,Condo,3,67.8,64.0,0.0,82.8,4827.6,1050,1,0.13,612.51
Atlanta,GA,House,9,71.6,59.8,0.0,197.1,29188.8,2557,2,0.13,3793.82
Chicago,IL,Apartment,5,68.6,60.1,0.0,106.8,3839.0,735,1,0.14,528.38
Boston,MA,Apartment,12,31.2,46.9,1015.1,0.0,45645.5,884,1,0.231,10553.47
Atlanta,GA,Condo,9,73.7,86.7,0.0,262.0,13348.6,1067,1,0.13,1752.74
Seattle,WA,Townhouse,12,44.7,80.6,610.1,0.0,59575.7,1579,3,0.11,6549.05
Atlanta,GA,Large House,12,45.4,39.7,588.0,0.0,163946.5,3614,2,0.143,23447.63
New York,NY,Large House,1,29.5,80.1,1065.7,0.0,255701.1,3150,1,0.198,50613.35
Houston,TX,Large House,9,89.3,85.2,0.0,728.7,201805.4,4488,2,0.12,24197.81
Miami,FL,House,11,70.5,79.6,0.0,164.2,27476.7,2824,3,0.11,3023.91
Los Angeles,CA,House,12,47.5,55.8,526.5,0.0,56458.3,1597,1,0.242,13678.27
Houston,TX,House,11,72.9,65.6,0.0,237.1,27676.9,2054,1,0.12,3302.52
Miami,FL,Apartment,9,85.0,59.6,0.0,598.9,20322.9,817,1,0.11,2229.68
Houston,TX,Apartment,9,87.9,79.9,0.0,686.2,29517.2,1041,2,0.12,3531.01
Chicago,IL,Large House,6,77.6,84.7,0.0,377.2,89458.4,3726,4,0.168,15018.21
Seattle,WA,Apartment,3,48.5,84.0,496.0,0.0,18792.8,728,1,0.1,1879.19
Atlanta,GA,Condo,2,52.6,64.4,372.6,0.0,19725.1,920,1,0.143,2833.2
Miami,FL,Apartment,1,57.9,31.1,214.2,0.0,7754.9,658,1,0.121,939.18
Phoenix,AZ,House,11,72.7,72.5,0.0,230.3,35341.2,2677,4,0.13,4584.08
Houston,TX,Apartment,10,80.8,84.8,0.0,473.0,15200.5,761,1,0.12,1820.22
Denver,CO,Large House,6,68.0,77.5,0.0,89.2,29837.5,4487,3,0.144,4310.99
Phoenix,AZ,Townhouse,9,84.6,80.4,0.0,587.6,39968.7,1359,2,0.13,5209.84
Houston,TX,Condo,4,73.2,30.4,0.0,246.8,9610.7,810,1,0.12,1148.52
Seattle,WA,Condo,4,56.7,74.7,250.2,0.0,16150.1,1091,1,0.1,1634.28
Chicago,IL,Large House,11,45.9,30.7,572.1,0.0,204976.9,4646,1,0.14,28680.36
Atlanta,GA,Townhouse,3,53.6,60.2,340.9,0.0,27054.8,1252,2,0.13,3526.47
Phoenix,AZ,Apartment,5,81.2,55.1,0.0,484.8,18120.2,895,1,0.13,2337.41
New York,NY,Townhouse,12,30.0,85.5,1051.5,0.0,92573.3,1441,2,0.198,18312.76
Houston,TX,Townhouse,4,74.5,45.8,0.0,285.5,30904.9,2080,3,0.12,3693.63
Denver,CO,Townhouse,8,72.9,33.4,0.0,236.1,24589.6,1981,2,0.144,3552.2
Atlanta,GA,Apartment,10,60.8,66.4,125.8,0.0,4279.7,593,1,0.13,540.28
Los Angeles,CA,Townhouse,2,49.2,85.1,473.3,0.0,51738.3,1757,2,0.242,12513.11
Denver,CO,Large House,7,70.1,45.0,0.0,152.3,38726.5,3686,4,0.144,5567.44
Phoenix,AZ,Large House,6,90.4,84.3,0.0,763.3,228839.0,4855,4,0.156,35717.19
Miami,FL,Townhouse,7,88.6,47.5,0.0,708.1,74648.0,2135,1,0.132,9836.82
Miami,FL,Condo,3,73.8,31.5,0.0,264.7,17903.3,1427,1,0.11,1950.39
Seattle,WA,Condo,10,58.7,35.9,188.8,0.0,17559.4,1535,2,0.1,1754.3
Chicago,IL,Apartment,10,54.6,41.2,313.3,0.0,13389.7,807,1,0.14,1860.05
Los Angeles,CA,Large House,9,69.6,73.6,0.0,139.0,41830.4,4339,3,0.22,9194.24
Houston,TX,House,3,72.2,57.4,0.0,215.3,23641.9,1925,1,0.12,2821.01
Houston,TX,House,12,63.4,45.2,46.6,0.0,7063.6,1640,3,0.132,948.79
Atlanta,GA,Townhouse,4,56.6,85.8,251.0,0.0,31733.7,1961,3,0.13,4118.13
Houston,TX,Townhouse,6,89.2,50.4,0.0,725.5,66524.4,1850,3,0.144,9563.74
Phoenix,AZ,Condo,7,89.4,59.6,0.0,732.0,28477.2,855,1,0.156,4431.85
Denver,CO,Large House,5,66.3,55.6,0.0,39.2,15264.7,4143,4,0.12,1816.52
Phoenix,AZ,Townhouse,12,66.5,83.1,0.0,43.9,4314.7,1357,2,0.143,631.66
Seattle,WA,Large House,4,56.3,59.1,260.4,0.0,73360.7,3508,4,0.1,7320.11
Miami,FL,Apartment,9,90.7,42.1,0.0,770.4,33516.7,1058,1,0.11,3678.37
Phoenix,AZ,Townhouse,1,66.0,69.6,0.0,29.1,4517.6,1842,2,0.143,662.59
Seattle,WA,Townhouse,4,61.5,85.2,106.1,0.0,12525.3,1694,1,0.1,1261.55
New York,NY,Large House,9,69.5,84.6,0.0,134.5,35044.7,3725,4,0.18,6291.96
Denver,CO,Condo,5,60.8,51.7,125.3,0.0,8729.0,1115,1,0.12,1047.09
New York,NY,Apartment,5,60.2,67.8,143.8,0.0,5527.8,681,1,0.18,984.78
Denver,CO,Condo,5,67.8,37.4,0.0,82.9,3848.7,836,1,0.12,453.76
Atlanta,GA,Large House,1,48.3,76.7,499.9,0.0,166678.0,4286,6,0.143,23816.01
Miami,FL,Condo,5,77.2,55.4,0.0,366.2,24804.6,1449,1,0.11,2744.98
Houston,TX,Townhouse,10,78.8,33.2,0.0,412.8,27855.2,1327,2,0.12,3342.35
Houston,TX,Large House,1,60.4,47.7,139.1,0.0,41534.9,3534,3,0.132,5470.06
Houston,TX,Condo,2,60.7,39.3,127.9,0.0,11212.4,1414,1,0.132,1461.91
Los Angeles,CA,Apartment,11,54.4,58.3,317.2,0.0,9198.5,541,1,0.22,2042.34
Denver,CO,Apartment,1,47.8,63.5,515.2,0.0,25550.6,956,1,0.132,3373.34
Atlanta,GA,House,9,74.2,71.6,0.0,275.1,47876.1,3087,4,0.13,6219.31
Seattle,WA,Large House,11,58.3,79.4,200.7,0.0,66170.6,4038,3,0.1,6614.4
New York,NY,Large House,9,73.0,34.0,0.0,239.6,53780.3,3437,2,0.18,9666.06
Phoenix,AZ,Large House,12,67.4,46.2,0.0,73.4,17447.5,3091,1,0.143,2482.97
Atlanta,GA,Condo,5,63.8,44.7,36.5,0.0,3714.5,1185,2,0.13,472.81
Miami,FL,Condo,8,93.2,30.8,0.0,846.5,37613.5,982,1,0.132,4958.43
Houston,TX,Townhouse,9,83.5,31.1,0.0,555.8,41309.5,1488,2,0.12,4970.74
New York,NY,Condo,1,26.8,62.2,1146.1,0.0,58610.4,914,1,0.198,11600.81
Los Angeles,CA,House,4,56.2,51.9,263.0,0.0,46408.0,2539,3,0.22,10203.58
Denver,CO,Apartment,12,51.4,35.5,409.3,0.0,20808.3,977,1,0.132,2758.34
Chicago,IL,Townhouse,5,64.9,75.7,1.7,0.0,1657.7,1432,2,0.14,222.37
Los Angeles,CA,Apartment,1,40.5,83.2,734.0,0.0,38116.0,1013,1,0.242,9219.79
Phoenix,AZ,Large House,2,66.6,58.6,0.0,46.9,14229.4,3415,3,0.143,2054.7
Atlanta,GA,Townhouse,7,73.7,59.5,0.0,261.6,20063.1,1472,1,0.156,3113.46
Boston,MA,Large House,2,34.8,56.5,907.2,0.0,209162.2,3013,3,0.231,48312.87
Seattle,WA,Condo,4,62.6,41.5,73.4,0.0,6505.0,1308,1,0.1,652.64
Los Angeles,CA,Large House,1,49.2,40.1,472.7,0.0,111920.5,3051,1,0.242,27101.31
Los Angeles,CA,Condo,8,76.9,53.3,0.0,357.6,21348.4,1273,2,0.264,5651.2
Miami,FL,Large House,6,88.4,47.8,0.0,703.2,217442.4,4999,4,0.132,28687.57
Denver,CO,Townhouse,9,65.9,88.4,0.0,28.0,3497.8,1493,1,0.12,431.31
Phoenix,AZ,Condo,2,62.6,69.6,73.1,0.0,7888.6,1526,3,0.143,1147.38
Boston,MA,Large House,12,28.9,56.0,1084.1,0.0,343483.9,4153,6,0.231,79327.59
Seattle,WA,Large House,5,65.7,60.2,0.0,20.5,11870.0,4555,5,0.1,1189.67
Los Angeles,CA,Condo,7,74.5,65.7,0.0,285.4,14017.1,1041,1,0.264,3694.52
Miami,FL,Apartment,10,83.7,42.7,0.0,562.0,22901.5,976,1,0.11,2523.3
Denver,CO,House,1,41.6,46.4,701.5,0.0,91459.4,1954,3,0.132,12076.35
Miami,FL,Condo,8,92.2,67.6,0.0,814.5,31634.1,860,1,0.132,4167.94
Phoenix,AZ,House,4,73.9,45.7,0.0,268.4,47965.5,3150,6,0.13,6232.86
Miami,FL,Large House,2,60.8,34.2,125.1,0.0,37344.4,3510,1,0.121,4503.75
Chicago,IL,Apartment,11,43.5,75.3,644.7,0.0,34524.7,1043,1,0.14,4835.08
Los Angeles,CA,Condo,4,56.8,60.5,244.7,0.0,17941.2,1235,2,0.22,3933.99
Chicago,IL,Condo,6,71.5,65.1,0.0,193.9,8651.5,903,1,0.168,1440.36
Phoenix,AZ,Large House,11,69.6,31.2,0.0,138.5,44382.0,4629,3,0.13,5765.74
Los Angeles,CA,Apartment,2,51.3,46.7,410.8,0.0,24957.6,1169,1,0.242,6038.98
New York,NY,Large House,2,29.8,86.9,1056.8,0.0,289708.0,3599,1,0.198,57359.72
Phoenix,AZ,Townhouse,11,74.6,37.3,0.0,289.0,22278.1,1480,2,0.13,2906.54
Houston,TX,Condo,1,60.4,89.1,138.4,0.0,7548.9,868,1,0.132,994.67
Miami,FL,House,9,89.4,34.4,0.0,731.0,66040.8,1685,2,0.11,7283.39
Miami,FL,Townhouse,11,73.9,38.7,0.0,267.2,26159.2,1888,1,0.11,2867.54
Los Angeles,CA,Condo,7,74.8,35.6,0.0,294.1,11998.4,854,1,0.264,3184.03
Chicago,IL,Condo,11,43.3,86.8,650.8,0.0,34156.8,928,1,0.14,4790.2
Miami,FL,Apartment,7,95.8,35.9,0.0,923.6,29875.7,788,1,0.132,3954.87
Phoenix,AZ,Apartment,1,64.3,61.1,22.1,0.0,2225.5,1031,2,0.143,298.8
Atlanta,GA,Townhouse,3,54.6,53.9,311.7,0.0,24130.9,1219,2,0.13,3141.54
New York,NY,Large House,8,79.9,55.6,0.0,448.1,119034.3,4210,5,0.216,25719.24
Houston,TX,Apartment,2,60.2,80.8,143.4,0.0,8804.0,1069,2,0.132,1160.5
Los Angeles,CA,Townhouse,8,75.9,85.8,0.0,328.2,35886.7,2130,3,0.264,9487.98
Los Angeles,CA,House,6,66.5,64.5,0.0,44.7,8635.3,2387,4,0.264,2276.94
Denver,CO,Large House,6,70.3,40.7,0.0,157.6,35394.4,3242,6,0.144,5099.06
Miami,FL,Condo,11,70.7,47.9,0.0,170.4,11259.4,1328,2,0.11,1253.33
Miami,FL,Townhouse,12,68.4,53.9,0.0,102.1,7825.2,1285,2,0.121,949.15
Los Angeles,CA,Apartment,9,65.8,70.7,0.0,24.1,2036.0,1066,1,0.22,447.53
Denver,CO,House,4,58.6,49.2,192.2,0.0,27986.9,2056,1,0.12,3363.02
Seattle,WA,House,8,75.6,71.7,0.0,317.7,40282.8,2266,4,0.12,4826.59
New York,NY,Condo,4,56.6,47.2,251.8,0.0,13242.7,896,1,0.18,2379.08
Houston,TX,Large House,11,69.8,67.1,0.0,144.8,46324.5,4595,6,0.12,5577.56
Atlanta,GA,Townhouse,8,70.1,62.8,0.0,151.9,10161.3,1222,1,0.156,1567.79
Chicago,IL,Condo,12,29.7,61.2,1057.8,0.0,63703.0,1077,1,0.154,9827.62
Atlanta,GA,Condo,1,49.0,73.8,479.3,0.0,27522.8,1007,1,0.143,3948.74
Phoenix,AZ,Apartment,10,82.4,55.3,0.0,521.2,19773.9,905,1,0.13,2589.06
Chicago,IL,Townhouse,10,54.0,55.6,329.1,0.0,41735.6,2002,3,0.14,5823.21
Atlanta,GA,Large House,6,73.2,37.8,0.0,244.7,54489.9,3408,2,0.156,8512.32
New York,NY,House,7,83.7,82.8,0.0,561.0,74384.7,2448,3,0.216,16061.64
Atlanta,GA,House,4,55.4,49.4,287.8,0.0,68650.8,3472,1,0.13,8935.62
Miami,FL,Apartment,9,82.0,54.0,0.0,511.2,22006.8,1028,1,0.11,2423.3
Denver,CO,Apartment,8,78.4,71.3,0.0,402.9,9436.2,552,1,0.144,1362.17
Chicago,IL,House,12,37.1,86.2,837.0,0.0,153637.5,2769,1,0.154,23678.06
Houston,TX,House,12,66.8,31.8,0.0,54.2,11252.5,2761,5,0.132,1501.74
Chicago,IL,Apartment,3,46.9,64.7,543.3,0.0,29278.7,1043,1,0.14,4113.63
Boston,MA,Apartment,9,64.4,34.1,18.3,0.0,1762.5,950,1,0.21,385.85
Phoenix,AZ,Condo,5,77.9,85.4,0.0,386.2,19515.7,1090,1,0.13,2539.98
Chicago,IL,Apartment,1,27.7,81.2,1118.5,0.0,40947.7,719,1,0.154,6287.37
Chicago,IL,Townhouse,11,41.5,31.4,705.9,0.0,84763.2,1951,2,0.14,11855.45
Denver,CO,Apartment,9,72.8,41.3,0.0,232.9,5868.4,562,1,0.12,688.4
Denver,CO,Large House,11,58.3,74.8,200.3,0.0,55973.9,3444,1,0.12,6697.87
Denver,CO,Condo,8,75.9,65.9,0.0,325.7,22365.7,1452,2,0.144,3216.52
Miami,FL,Large House,2,62.8,63.1,66.0,0.0,26567.5,4218,4,0.121,3206.62
Boston,MA,Townhouse,9,65.7,40.3,0.0,21.2,4404.2,2101,2,0.21,943.69
Phoenix,AZ,Condo,6,87.1,87.6,0.0,662.3,24284.7,808,1,0.156,3796.28
Boston,MA,Townhouse,3,45.1,62.7,595.5,0.0,58878.1,1596,2,0.21,12356.34
New York,NY,House,7,83.1,46.2,0.0,543.7,91634.8,3125,1,0.216,19775.93
New York,NY,Apartment,3,44.0,89.5,628.8,0.0,37409.8,1152,2,0.18,6717.96
Seattle,WA,Apartment,8,76.4,31.4,0.0,342.0,13308.1,906,1,0.12,1592.96
Chicago,IL,House,12,31.8,46.3,997.0,0.0,123196.9,1870,1,0.154,18953.07
New York,NY,House,4,49.7,32.1,459.7,0.0,51046.6,1642,2,0.18,9179.64
Houston,TX,Condo,10,75.0,50.6,0.0,301.3,16675.3,1165,2,0.12,2002.28
Seattle,WA,Townhouse,3,54.5,72.5,316.5,0.0,43806.3,2172,4,0.1,4391.31
Boston,MA,Condo,8,72.7,81.7,0.0,230.5,16556.8,1491,1,0.252,4153.8
New York,NY,Townhouse,5,60.2,56.6,144.8,0.0,15623.8,1598,1,0.18,2821.54
Boston,MA,Apartment,10,58.7,70.8,189.9,0.0,11766.1,1139,1,0.21,2478.81
Los Angeles,CA,Townhouse,3,48.0,31.5,510.2,0.0,68823.1,2175,1,0.22,15152.03
Houston,TX,House,11,72.0,79.6,0.0,209.3,27461.1,2279,3,0.12,3277.63
Denver,CO,Condo,10,61.6,81.0,101.3,0.0,7138.5,1098,1,0.12,847.22
Phoenix,AZ,House,1,63.7,64.1,40.4,0.0,8931.4,2352,3,0.143,1262.3
Boston,MA,Apartment,7,81.9,46.8,0.0,508.1,16936.1,797,1,0.252,4285.94
Atlanta,GA,Townhouse,3,49.7,68.2,460.2,0.0,42147.2,1469,1,0.13,5494.99
Miami,FL,House,5,79.2,58.9,0.0,425.5,54693.9,2336,4,0.11,5998.01
Los Angeles,CA,Condo,12,44.1,51.2,627.8,0.0,30120.1,845,1,0.242,7283.34
Atlanta,GA,Large House,12,44.7,58.1,608.0,0.0,186965.8,3977,5,0.143,26734.53
Seattle,WA,Townhouse,7,75.0,53.8,0.0,298.8,28921.2,1875,2,0.12,3460.76
Atlanta,GA,Apartment,4,56.9,65.1,242.1,0.0,10637.2,809,1,0.13,1391.9
Phoenix,AZ,Apartment,4,78.8,39.7,0.0,413.6,11705.8,670,1,0.13,1529.82
Miami,FL,Condo,12,66.2,47.2,0.0,36.4,2468.7,939,1,0.121,283.52
Seattle,WA,Apartment,1,45.7,41.5,578.3,0.0,15522.9,516,1,0.11,1689.23
New York,NY,Townhouse,9,68.2,34.5,0.0,96.7,7374.4,1302,1,0.18,1330.64
Miami,FL,Large House,11,75.1,58.9,0.0,302.0,62061.8,3175,5,0.11,6831.57
Atlanta,GA,Apartment,1,49.9,43.0,452.9,0.0,19461.5,828,1,0.143,2763.68
New York,NY,House,6,72.3,69.5,0.0,219.6,20077.5,1573,3,0.216,4356.7
Phoenix,AZ,Townhouse,2,69.8,32.2,0.0,143.1,11357.3,1414,2,0.143,1628.4
Phoenix,AZ,Condo,12,65.7,63.7,0.0,19.6,1785.1,952,1,0.143,235.37
Houston,TX,Apartment,3,68.4,64.4,0.0,101.1,3015.8,599,1,0.12,375.7
Miami,FL,Large House,3,65.7,71.7,0.0,21.0,12359.5,4869,3,0.11,1355.2
Miami,FL,Condo,7,92.5,36.6,0.0,823.8,31549.5,847,1,0.132,4144.55
Chicago,IL,Large House,1,24.5,51.3,1214.7,0.0,403931.3,4373,2,0.154,62201.3
Phoenix,AZ,Townhouse,12,60.2,64.8,143.7,0.0,18865.9,1925,3,0.143,2704.0
Miami,FL,Apartment,5,85.7,36.0,0.0,622.4,27376.5,1058,1,0.11,3003.18
Seattle,WA,Large House,8,72.8,37.1,0.0,233.8,75569.4,4946,2,0.12,9048.91
Los Angeles,CA,Townhouse,4,56.5,81.9,255.0,0.0,28794.6,1758,2,0.22,6339.89
Atlanta,GA,House,8,71.0,36.4,0.0,179.6,20381.0,1958,1,0.156,3191.57
Los Angeles,CA,Condo,5,66.1,52.9,0.0,32.5,2575.2,1002,2,0.22,551.68
Atlanta,GA,Apartment,4,53.8,43.6,336.5,0.0,15671.8,886,1,0.13,2051.74
New York,NY,House,1,27.2,36.8,1134.3,0.0,124076.4,1657,2,0.198,24560.85
Denver,CO,Townhouse,10,59.6,57.1,162.7,0.0,19168.8,1771,2,0.12,2288.26
New York,NY,Apartment,8,81.2,81.0,0.0,486.4,16304.2,803,1,0.216,3511.13
Houston,TX,House,10,83.7,51.0,0.0,561.3,62490.7,2063,1,0.12,7505.83
Boston,MA,Townhouse,7,75.4,87.5,0.0,312.6,25471.7,1576,3,0.252,6428.4
Denver,CO,House,9,65.9,41.9,0.0,26.5,7933.6,3027,4,0.12,945.65
Denver,CO,House,10,57.0,78.7,238.6,0.0,25062.0,1504,2,0.12,3016.95
New York,NY,House,3,46.6,70.4,553.3,0.0,98707.9,2658,3,0.18,17786.56
Houston,TX,House,7,88.9,84.8,0.0,718.1,89779.8,2327,4,0.144,12932.36
Seattle,WA,Condo,12,44.5,62.7,615.9,0.0,46469.1,1331,2,0.11,5103.91
New York,NY,Apartment,11,40.8,41.8,724.9,0.0,21666.7,581,1,0.18,3904.31
Houston,TX,Large House,4,72.6,56.7,0.0,228.4,62477.8,4167,3,0.12,7510.4
Chicago,IL,Large House,9,72.8,52.1,0.0,235.3,50195.6,3246,3,0.14,7039.7
New York,NY,Townhouse,1,25.8,57.6,1175.5,0.0,98909.3,1379,2,0.198,19579.43
Denver,CO,Apartment,4,58.0,88.5,210.1,0.0,8455.1,745,1,0.12,1028.47
Chicago,IL,Townhouse,12,30.3,49.5,1040.5,0.0,94476.7,1490,1,0.154,14551.27
Phoenix,AZ,Condo,10,81.7,79.0,0.0,499.9,24258.6,1053,1,0.13,3149.2
Seattle,WA,Condo,7,72.3,36.6,0.0,219.0,10565.5,1001,1,0.12,1259.68
Denver,CO,House,5,67.0,55.2,0.0,61.4,9848.7,2226,3,0.12,1194.07
Houston,TX,Apartment,11,71.0,79.5,0.0,181.3,9432.7,1150,2,0.12,1119.24
Atlanta,GA,Large House,5,60.1,67.9,145.8,0.0,60188.4,4896,5,0.13,7820.98
Miami,FL,Townhouse,9,86.6,37.5,0.0,648.2,66164.0,2054,2,0.11,7271.95
Los Angeles,CA,Apartment,10,58.1,73.4,206.8,0.0,12445.2,1101,2,0.22,2730.35
Boston,MA,House,3,38.2,60.1,804.2,0.0,143177.2,2684,1,0.21,30059.63
Los Angeles,CA,Townhouse,8,69.0,40.6,0.0,120.6,13781.9,1998,3,0.264,3645.78
Seattle,WA,Apartment,8,72.5,81.4,0.0,225.9,11474.2,1164,1,0.12,1383.4
Phoenix,AZ,Townhouse,12,68.7,68.3,0.0,111.9,8938.2,1374,2,0.143,1259.32
Miami,FL,Townhouse,10,84.8,85.6,0.0,592.9,63651.5,2157,1,0.11,7005.97
Miami,FL,Apartment,3,74.0,75.1,0.0,270.8,7234.6,611,1,0.11,788.14
Boston,MA,Townhouse,7,81.4,53.5,0.0,493.1,48754.6,1968,3,0.252,12286.31
Boston,MA,Apartment,5,67.1,41.6,0.0,62.7,3297.5,969,1,0.21,677.4
Chicago,IL,Townhouse,1,24.9,74.0,1204.4,0.0,116351.0,1585,3,0.154,17935.17
Houston,TX,Townhouse,9,91.7,85.6,0.0,802.0,52306.6,1322,1,0.12,6274.57
Atlanta,GA,Townhouse,2,52.6,68.0,372.4,0.0,43208.9,1837,3,0.143,6173.85
Phoenix,AZ,Apartment,6,84.7,79.2,0.0,592.1,21374.6,870,1,0.156,3316.98
Atlanta,GA,Large House,9,74.7,76.5,0.0,290.2,87157.6,4644,5,0.13,11344.45
Atlanta,GA,Condo,10,64.9,40.9,4.0,0.0,1619.2,1249,2,0.13,222.22
Phoenix,AZ,Townhouse,9,91.1,80.5,0.0,784.0,78549.6,2028,3,0.13,10225.11
Miami,FL,Townhouse,12,68.3,80.4,0.0,100.0,13226.8,2200,4,0.121,1603.56
Chicago,IL,Large House,9,72.8,63.8,0.0,234.1,67136.7,4345,6,0.14,9389.07
Miami,FL,Condo,8,93.5,38.8,0.0,853.9,31897.0,829,1,0.132,4215.47
Boston,MA,Apartment,10,60.8,58.6,127.4,0.0,6267.0,862,1,0.21,1301.38
Miami,FL,Apartment,7,87.7,50.9,0.0,681.2,25971.8,923,1,0.132,3442.18
Boston,MA,Townhouse,9,66.1,47.0,0.0,31.5,5077.4,1956,2,0.21,1055.73
New York,NY,Condo,7,83.6,61.0,0.0,556.7,30645.9,1202,1,0.216,6601.68
Seattle,WA,Large House,8,75.8,50.0,0.0,324.3,97125.9,4695,1,0.12,11671.42
New York,NY,Townhouse,4,54.3,63.1,320.6,0.0,44311.9,2190,1,0.18,7969.17
Chicago,IL,Large House,9,67.9,37.4,0.0,87.1,28209.4,4308,4,0.14,3940.22
Seattle,WA,Apartment,1,40.9,75.8,723.0,0.0,27924.0,751,1,0.11,3089.33
Denver,CO,Condo,9,73.4,52.4,0.0,252.1,15203.8,1261,1,0.12,1828.01
Phoenix,AZ,Large House,8,86.2,87.8,0.0,634.5,138904.6,3528,3,0.156,21668.19
Seattle,WA,Townhouse,11,57.0,71.5,239.4,0.0,22590.4,1464,1,0.1,2241.91
Chicago,IL,Townhouse,4,58.7,36.4,189.6,0.0,25226.1,2019,3,0.14,3545.51
Miami,FL,Condo,5,84.9,86.9,0.0,597.3,39344.4,1444,1,0.11,4335.07
Chicago,IL,Apartment,2,28.1,85.5,1105.6,0.0,48970.3,870,1,0.154,7560.39
Houston,TX,Large House,6,83.7,56.0,0.0,562.4,118628.0,3390,1,0.144,17087.86
Los Angeles,CA,Townhouse,3,49.6,77.5,461.1,0.0,38678.6,1350,1,0.22,8521.88
Atlanta,GA,House,1,47.8,84.2,514.6,0.0,100848.1,2907,4,0.143,14420.81
Seattle,WA,House,8,77.7,82.5,0.0,382.3,32246.8,1524,3,0.12,3850.02
New York,NY,Townhouse,12,35.1,47.4,896.5,0.0,114906.7,2097,1,0.198,22735.05
Houston,TX,Condo,9,82.2,71.9,0.0,516.6,36664.7,1547,2,0.12,4391.52
Phoenix,AZ,Apartment,8,88.7,84.7,0.0,712.0,33432.5,1135,1,0.156,5230.98
Houston,TX,Townhouse,4,72.9,38.8,0.0,237.0,16274.8,1303,2,0.12,1937.34
Miami,FL,Condo,3,65.7,85.9,0.0,20.0,1957.3,1097,1,0.11,230.44
Los Angeles,CA,Condo,7,75.7,82.4,0.0,319.9,23473.0,1549,3,0.264,6198.45
Houston,TX,Townhouse,11,68.4,42.3,0.0,102.0,8399.5,1378,2,0.12,1013.94
Atlanta,GA,House,9,69.1,73.0,0.0,122.4,19752.8,2618,3,0.13,2584.15
Atlanta,GA,Townhouse,6,71.1,80.9,0.0,183.2,19473.4,1973,2,0.156,3056.28
Houston,TX,Apartment,10,80.7,65.4,0.0,470.3,17382.9,883,1,0.12,2070.1
Houston,TX,Large House,12,67.2,88.8,0.0,65.6,18571.3,3517,3,0.132,2455.72
Atlanta,GA,Condo,1,43.3,81.5,651.3,0.0,46980.7,1274,2,0.143,6708.25
New York,NY,Condo,4,57.2,58.5,235.0,0.0,12045.8,859,1,0.18,2179.62
Seattle,WA,Townhouse,11,54.6,30.8,313.2,0.0,24365.9,1232,1,0.1,2419.65
Houston,TX,House,7,97.0,31.9,0.0,959.9,164132.0,3210,5,0.144,23651.02
Denver,CO,Large House,9,71.5,43.1,0.0,194.4,42056.0,3199,6,0.12,5031.23
New York,NY,Townhouse,8,74.8,77.2,0.0,293.1,18273.4,1203,2,0.216,3961.35
Houston,TX,Condo,6,84.3,88.4,0.0,580.2,32386.7,1215,2,0.144,4646.26
Miami,FL,Apartment,2,63.6,71.2,41.3,0.0,1610.3,507,1,0.121,190.93
Denver,CO,Condo,2,46.6,48.0,553.0,0.0,38260.8,1216,2,0.132,5057.64
New York,NY,Apartment,1,29.4,47.9,1067.4,0.0,56862.7,1045,2,0.198,11251.15
Boston,MA,House,3,42.1,49.6,687.9,0.0,83809.3,1827,1,0.21,17611.52
Houston,TX,Apartment,5,80.6,62.2,0.0,466.5,20973.0,1077,1,0.12,2498.55
Boston,MA,Condo,3,45.6,86.5,581.5,0.0,42156.8,1274,2,0.21,8856.56
Atlanta,GA,Apartment,4,57.5,35.3,224.6,0.0,11527.0,958,1,0.13,1485.31
Miami,FL,Condo,8,94.6,64.8,0.0,887.4,59052.8,1475,2,0.132,7812.54
Miami,FL,Apartment,12,65.3,64.5,0.0,7.7,956.2,855,1,0.121,96.51
Phoenix,AZ,House,8,91.9,76.4,0.0,806.3,76459.3,1775,1,0.156,11945.1
Denver,CO,Large House,2,52.7,38.7,369.5,0.0,93692.5,3213,5,0.132,12377.35
New York,NY,House,7,74.3,70.0,0.0,279.6,51487.4,3251,6,0.216,11138.1
Miami,FL,Large House,11,72.8,89.6,0.0,235.2,66598.5,4297,6,0.11,7311.6
Houston,TX,House,8,90.8,45.0,0.0,773.6,96817.5,2332,4,0.144,13957.24
Atlanta,GA,House,7,77.8,40.6,0.0,385.4,33197.1,1561,2,0.156,5167.34
Boston,MA,Condo,4,52.6,37.0,371.8,0.0,29110.3,1363,1,0.21,6109.28
Seattle,WA,Condo,10,62.2,76.1,83.3,0.0,6669.4,1193,2,0.1,656.09
Chicago,IL,Large House,10,58.5,45.9,193.9,0.0,75372.4,4780,1,0.14,10545.12
Phoenix,AZ,Townhouse,7,93.3,67.8,0.0,849.1,85442.9,2043,1,0.156,13325.22
Denver,CO,Large House,10,66.7,66.5,0.0,51.5,16606.8,3679,5,0.12,2012.18
Los Angeles,CA,Large House,2,45.3,74.0,591.2,0.0,200165.1,4374,6,0.242,48431.85
Los Angeles,CA,House,10,60.0,71.5,150.1,0.0,23701.7,2166,2,0.22,5211.03
Miami,FL,Apartment,5,78.7,31.5,0.0,410.5,14258.5,819,1,0.11,1575.84
Phoenix,AZ,Apartment,7,91.2,69.6,0.0,787.4,23398.2,720,1,0.156,3645.59
Phoenix,AZ,Apartment,8,86.6,43.1,0.0,648.7,14989.6,556,1,0.156,2328.67
Boston,MA,Townhouse,3,44.5,32.3,615.4,0.0,50152.6,1319,1,0.21,10538.96
New York,NY,Townhouse,11,40.3,79.9,742.2,0.0,90254.8,1975,3,0.18,16242.62
New York,NY,Condo,12,34.3,33.1,921.8,0.0,70952.6,1372,1,0.198,14048.7
Boston,MA,Condo,5,64.8,44.1,6.8,0.0,1396.8,953,1,0.21,295.78
Boston,MA,House,3,45.3,55.4,589.6,0.0,71610.1,1810,2,0.21,15033.78
Boston,MA,Condo,5,68.9,61.3,0.0,117.0,8954.4,1434,2,0.21,1877.88
New York,NY,Apartment,12,28.4,52.3,1096.6,0.0,46393.5,832,1,0.198,9196.27
Atlanta,GA,Apartment,12,45.5,56.2,585.0,0.0,24077.4,798,1,0.143,3456.82
Chicago,IL,Apartment,3,44.2,87.3,624.2,0.0,30503.2,951,1,0.14,4266.68
Boston,MA,Apartment,9,64.6,65.1,12.0,0.0,1399.9,929,1,0.21,308.29
Boston,MA,Condo,1,25.6,69.1,1183.4,0.0,57399.2,869,1,0.231,13249.59
Los Angeles,CA,Condo,4,58.5,72.1,193.8,0.0,10963.9,937,1,0.22,2400.42
Denver,CO,Apartment,4,56.0,88.1,268.9,0.0,7427.0,518,1,0.12,886.6
Chicago,IL,Townhouse,11,45.7,70.1,579.9,0.0,77010.0,2142,4,0.14,10791.3
Atlanta,GA,Condo,1,49.4,60.0,469.3,0.0,30808.7,1151,1,0.143,4422.37
New York,NY,Townhouse,7,74.3,33.8,0.0,278.3,22831.4,1587,1,0.216,4939.05
Los Angeles,CA,Large House,6,74.6,77.6,0.0,287.1,84000.5,4522,5,0.264,22180.64
Chicago,IL,Large House,12,31.2,89.8,1012.7,0.0,317727.4,4109,4,0.154,48940.97
Phoenix,AZ,Townhouse,1,62.5,63.7,74.0,0.0,10313.1,1886,1,0.143,1489.77
Houston,TX,House,5,79.0,68.8,0.0,420.8,70403.4,3040,6,0.12,8431.03
Chicago,IL,House,2,36.6,70.6,850.8,0.0,196312.7,3474,5,0.154,30214.69
Chicago,IL,Apartment,3,44.9,42.7,602.9,0.0,18100.3,582,1,0.14,2514.73
Seattle,WA,Apartment,4,61.2,78.0,115.0,0.0,7747.0,1165,1,0.1,778.78
Miami,FL,House,4,74.7,87.0,0.0,290.2,40223.6,2458,4,0.11,4441.88
Phoenix,AZ,Apartment,1,60.7,31.9,129.0,0.0,7833.0,1063,2,0.143,1131.02
Atlanta,GA,Townhouse,12,47.0,45.7,541.4,0.0,40414.4,1206,1,0.143,5762.45
Houston,TX,Apartment,10,82.3,51.7,0.0,519.6,22344.2,1024,2,0.12,2666.71
Miami,FL,Townhouse,5,85.1,40.1,0.0,602.8,65525.0,2181,3,0.11,7222.41
Los Angeles,CA,Townhouse,2,50.5,74.2,434.3,0.0,57283.9,2114,2,0.242,13877.95
Denver,CO,House,2,50.3,85.7,439.6,0.0,58743.5,1981,1,0.132,7748.05
Los Angeles,CA,Condo,2,49.7,72.0,458.7,0.0,23056.4,879,1,0.242,5597.33
Seattle,WA,House,12,42.5,40.8,673.8,0.0,131164.3,2909,5,0.11,14445.89
Miami,FL,Condo,12,67.1,34.6,0.0,64.1,3646.4,955,1,0.121,422.41
Atlanta,GA,Large House,4,53.5,58.9,345.4,0.0,118994.4,4357,6,0.13,15484.68
Houston,TX,Apartment,10,76.9,78.3,0.0,356.5,17709.8,1168,1,0.12,2130.38
Atlanta,GA,Large House,7,71.6,81.5,0.0,198.5,61613.4,4683,1,0.156,9612.09
Denver,CO,Large House,7,77.3,68.2,0.0,369.7,102499.3,4345,6,0.144,14750.54
Houston,TX,Townhouse,11,67.8,62.5,0.0,83.8,10648.1,2026,4,0.12,1272.55
Denver,CO,Apartment,6,70.9,87.1,0.0,175.8,8481.1,1055,2,0.144,1221.28
Boston,MA,House,9,64.5,46.8,14.6,0.0,5625.1,2513,5,0.21,1172.21
Houston,TX,Townhouse,10,84.9,73.3,0.0,595.5,51780.5,1742,3,0.12,6204.6
Atlanta,GA,Condo,11,49.3,38.7,471.2,0.0,42761.9,1591,2,0.13,5558.43
Miami,FL,Townhouse,3,74.3,68.4,0.0,278.0,29069.4,2015,2,0.11,3199.73
Los Angeles,CA,Townhouse,8,74.8,76.5,0.0,293.0,24399.1,1596,3,0.264,6454.36
Houston,TX,Large House,2,63.9,75.9,32.5,0.0,14138.4,3687,5,0.132,1873.35
Los Angeles,CA,Townhouse,1,48.3,62.3,499.5,0.0,61872.2,1998,1,0.242,14966.69
Phoenix,AZ,Townhouse,4,76.7,83.0,0.0,350.0,29144.7,1631,2,0.13,3799.03
Seattle,WA,Condo,4,59.8,33.5,155.3,0.0,10296.5,1066,2,0.1,1012.52
Boston,MA,Townhouse,10,60.1,87.1,148.4,0.0,15846.4,1586,2,0.21,3334.13
Seattle,WA,Townhouse,9,74.3,33.5,0.0,280.3,27421.4,1883,2,0.1,2754.17
Miami,FL,House,2,60.4,37.0,137.0,0.0,16125.8,1600,2,0.121,1931.79
Chicago,IL,Condo,11,48.9,84.9,481.7,0.0,28097.3,1019,2,0.14,3928.7
Miami,FL,Large House,6,84.7,83.3,0.0,592.1,174875.5,4749,3,0.132,23095.68
Miami,FL,Apartment,10,77.9,56.1,0.0,386.6,19566.3,1187,2,0.11,2143.14
Denver,CO,Townhouse,9,72.1,53.7,0.0,214.0,21445.5,1873,3,0.12,2574.79
Boston,MA,Townhouse,6,72.2,54.2,0.0,214.9,19051.9,1650,3,0.252,4798.37
Houston,TX,House,10,81.4,84.7,0.0,490.6,77914.2,2929,1,0.12,9348.76
Houston,TX,Apartment,4,80.7,72.0,0.0,469.8,18453.3,934,1,0.12,2213.01
Phoenix,AZ,House,8,88.2,47.8,0.0,694.5,117588.2,3157,3,0.156,18352.04
Boston,MA,Apartment,6,76.9,36.6,0.0,356.8,12946.9,846,1,0.252,3275.5
Houston,TX,Condo,5,86.8,58.2,0.0,654.5,30665.2,1032,1,0.12,3687.2
Phoenix,AZ,Large House,7,88.0,88.8,0.0,689.0,188462.8,4424,2,0.156,29409.99
New York,NY,Condo,7,75.2,74.7,0.0,306.7,13504.5,927,1,0.216,2935.67
Chicago,IL,House,4,51.1,35.0,417.6,0.0,94635.1,3349,2,0.14,13267.19
Denver,CO,Townhouse,8,75.9,46.9,0.0,326.3,28295.0,1685,3,0.144,4055.76
Phoenix,AZ,Condo,1,57.9,61.1,213.7,0.0,20104.2,1567,3,0.143,2875.33
Boston,MA,Condo,7,74.5,76.8,0.0,283.9,14026.9,1032,2,0.252,3526.08
Boston,MA,House,12,33.5,34.5,945.1,0.0,126570.6,2024,1,0.231,29252.46
Boston,MA,Apartment,11,47.7,75.0,517.6,0.0,23170.4,864,1,0.21,4866.81
Denver,CO,Large House,3,54.0,46.2,330.4,0.0,103440.0,3956,4,0.12,12403.33
Houston,TX,Townhouse,8,91.3,71.5,0.0,789.6,75943.0,1951,1,0.144,10941.27
Houston,TX,Townhouse,5,85.4,47.1,0.0,611.3,51114.6,1683,1,0.12,6126.2
Boston,MA,Condo,8,78.0,42.1,0.0,388.6,19533.9,1070,2,0.252,4928.57
Atlanta,GA,Large House,1,41.3,41.4,711.6,0.0,213230.3,3905,1,0.143,30476.05
Chicago,IL,Apartment,6,78.4,75.8,0.0,401.2,14704.3,863,1,0.168,2467.88
Atlanta,GA,Large House,8,76.0,31.2,0.0,330.4,83462.2,3925,6,0.156,13010.13
Miami,FL,Large House,9,82.8,53.7,0.0,535.1,162084.1,4850,4,0.11,17818.99
Atlanta,GA,Apartment,7,78.9,57.5,0.0,416.9,13137.3,748,1,0.156,2042.99
Phoenix,AZ,Large House,5,79.8,34.1,0.0,444.8,85838.4,3076,1,0.13,11177.02
Atlanta,GA,Large House,8,74.2,50.0,0.0,275.9,75619.1,4209,6,0.156,11776.77
Atlanta,GA,House,12,48.9,64.3,483.9,0.0,77100.0,2355,4,0.143,11027.95
Chicago,IL,House,9,67.9,72.9,0.0,86.6,16284.4,2878,2,0.14,2287.99
Boston,MA,Large House,9,71.1,64.0,0.0,184.4,51981.3,4223,1,0.21,10933.5
Atlanta,GA,Condo,1,49.5,72.0,466.0,0.0,34870.9,1311,1,0.143,5001.73
Los Angeles,CA,Condo,7,70.1,74.6,0.0,151.6,7072.4,933,1,0.264,1860.5
Chicago,IL,House,5,64.8,82.5,5.5,0.0,4911.3,3087,4,0.14,684.03
Houston,TX,Condo,3,65.2,48.3,0.0,6.7,1913.0,1459,2,0.12,239.02
Denver,CO,Townhouse,9,72.5,83.7,0.0,225.6,24810.5,2093,1,0.12,2967.74
Phoenix,AZ,Condo,1,62.3,64.2,80.0,0.0,4419.1,829,1,0.143,624.08
Houston,TX,House,2,68.6,81.0,0.0,109.4,23775.1,3483,3,0.132,3145.36
Denver,CO,Apartment,2,51.7,40.7,400.2,0.0,15682.7,751,1,0.132,2056.39
Denver,CO,Townhouse,1,46.1,55.2,567.9,0.0,70584.1,2001,4,0.132,9318.26
Miami,FL,Condo,11,74.4,36.5,0.0,282.5,17288.8,1276,2,0.11,1882.24
Chicago,IL,Apartment,6,72.3,30.3,0.0,219.0,10545.5,1084,1,0.168,1757.64
Boston,MA,Apartment,4,51.4,80.7,409.0,0.0,14450.0,672,1,0.21,3033.06
New York,NY,Apartment,7,74.1,71.2,0.0,273.1,12465.0,1050,2,0.216,2712.39
Atlanta,GA,Condo,9,68.7,56.3,0.0,109.9,6922.8,1170,2,0.13,886.98
New York,NY,Apartment,12,34.6,78.1,912.6,0.0,48438.9,1042,1,0.198,9598.16
Atlanta,GA,Apartment,4,61.4,30.0,106.9,0.0,3393.8,540,1,0.13,447.46
Boston,MA,Apartment,5,64.1,30.1,27.7,0.0,1515.2,624,1,0.21,313.47
Los Angeles,CA,Townhouse,2,48.1,40.9,507.2,0.0,68860.1,2191,1,0.242,16653.12
Chicago,IL,Large House,6,69.3,44.7,0.0,127.7,27782.7,3126,1,0.168,4677.07
Los Angeles,CA,Condo,10,66.3,62.4,0.0,37.9,3739.3,1391,1,0.22,836.14
Los Angeles,CA,Townhouse,3,50.2,40.3,444.9,0.0,47219.4,1706,1,0.22,10379.02
Atlanta,GA,Apartment,7,76.9,35.1,0.0,357.1,9140.2,595,1,0.156,1429.1
Houston,TX,Condo,2,66.1,60.1,0.0,33.2,1942.3,800,1,0.132,262.87
Chicago,IL,Large House,2,36.3,81.9,860.3,0.0,305112.3,4635,3,0.154,47000.93
Atlanta,GA,Townhouse,12,48.2,64.3,502.5,0.0,60038.9,1923,1,0.143,8597.09
Los Angeles,CA,House,7,76.6,65.7,0.0,349.4,38460.4,1994,1,0.264,10167.6
Los Angeles,CA,Apartment,6,73.3,78.8,0.0,249.5,8567.7,782,1,0.264,2281.84
Los Angeles,CA,Townhouse,2,52.4,87.7,378.3,0.0,51396.3,2166,1,0.242,12453.99
Denver,CO,Large House,3,51.1,69.9,418.1,0.0,152126.7,4669,1,0.12,18241.03
New York,NY,Apartment,10,58.3,72.3,200.4,0.0,11509.2,1060,1,0.18,2082.33
Chicago,IL,Large House,4,50.3,89.2,440.8,0.0,146202.7,4249,4,0.14,20453.43
Miami,FL,House,6,89.2,35.7,0.0,725.7,91420.2,2343,4,0.132,12065.26
Los Angeles,CA,Condo,8,77.0,72.3,0.0,361.2,24139.4,1431,2,0.264,6353.68
Atlanta,GA,House,3,49.5,74.8,465.6,0.0,67741.6,2157,2,0.13,8811.62
Boston,MA,Apartment,8,72.2,63.4,0.0,214.9,11289.0,1183,1,0.252,2845.2
Denver,CO,House,2,52.4,79.5,377.4,0.0,68734.1,2676,2,0.132,9091.03
Chicago,IL,Condo,9,66.9,46.1,0.0,56.7,5269.5,1518,2,0.14,747.74
Seattle,WA,House,9,68.2,33.6,0.0,95.9,17495.3,2844,3,0.1,1746.8
Chicago,IL,Condo,6,74.2,67.4,0.0,275.5,17715.8,1353,2,0.168,2956.78
Miami,FL,Large House,9,86.4,33.9,0.0,641.7,135165.1,3380,6,0.11,14887.2
Miami,FL,House,5,83.8,80.6,0.0,563.2,83962.5,2754,4,0.11,9220.83
Seattle,WA,Large House,9,73.2,43.4,0.0,247.1,51739.4,3195,3,0.1,5168.31
Houston,TX,Large House,5,77.2,68.2,0.0,366.3,108633.7,4675,2,0.12,13034.19
Denver,CO,Condo,4,62.8,40.6,65.6,0.0,4293.6,920,1,0.12,497.23
Miami,FL,Condo,1,61.0,50.3,120.0,0.0,11128.3,1458,2,0.121,1365.81
Phoenix,AZ,Townhouse,1,65.1,56.2,0.0,2.3,2063.8,1548,3,0.143,307.69
Los Angeles,CA,Large House,8,76.0,76.6,0.0,329.7,95522.7,4529,3,0.264,25235.71
Phoenix,AZ,Townhouse,12,65.6,82.0,0.0,19.2,3949.7,1884,3,0.143,572.8
Chicago,IL,Apartment,10,55.2,46.2,293.9,0.0,13758.2,880,1,0.14,1913.45
Denver,CO,Condo,2,51.9,64.2,393.4,0.0,20330.6,900,1,0.132,2699.28
Phoenix,AZ,Townhouse,3,66.4,68.1,0.0,42.2,4230.7,1388,1,0.13,550.03
Boston,MA,Townhouse,3,45.3,54.6,592.3,0.0,60449.3,1648,3,0.21,12708.44
Atlanta,GA,Townhouse,11,54.7,77.5,309.7,0.0,30353.9,1549,1,0.13,3943.67
Seattle,WA,Townhouse,2,45.0,63.2,600.8,0.0,78208.2,2102,4,0.11,8609.71
Los Angeles,CA,Apartment,12,45.5,39.8,585.7,0.0,25414.9,844,1,0.242,6166.79
Atlanta,GA,Townhouse,7,79.8,87.7,0.0,445.0,30529.5,1363,1,0.156,4778.32
Miami,FL,Townhouse,7,95.7,30.0,0.0,920.3,64782.2,1428,2,0.132,8543.06
Houston,TX,Condo,6,83.8,53.8,0.0,563.7,35867.9,1394,1,0.144,5163.32
Miami,FL,Townhouse,12,61.9,35.5,94.3,0.0,11119.8,1613,3,0.121,1364.52
Boston,MA,Condo,6,75.9,41.7,0.0,327.0,22027.5,1433,1,0.252,5555.56
Chicago,IL,Townhouse,8,74.6,36.1,0.0,288.6,31433.7,2091,4,0.168,5293.15
Seattle,WA,Townhouse,7,77.5,84.1,0.0,375.4,36335.6,1903,2,0.12,4340.82
Houston,TX,Condo,7,92.1,36.9,0.0,812.6,42860.2,1166,2,0.144,6154.1
Atlanta,GA,House,8,75.0,66.9,0.0,299.8,44975.0,2668,4,0.156,7007.33
Atlanta,GA,House,3,49.8,55.4,455.0,0.0,60469.5,1964,2,0.13,7861.16
Miami,FL,Apartment,6,90.1,42.4,0.0,754.0,28736.0,925,1,0.132,3803.95
Boston,MA,House,11,45.0,42.9,600.1,0.0,83984.0,2093,1,0.21,17633.23
New York,NY,Apartment,1,27.8,76.4,1116.6,0.0,55565.0,981,1,0.198,10990.46
Miami,FL,Apartment,4,75.3,74.4,0.0,308.5,11116.4,836,1,0.11,1217.3
Phoenix,AZ,Large House,12,65.3,68.3,0.0,8.3,8952.8,4815,5,0.143,1275.96
Denver,CO,Townhouse,7,77.9,59.6,0.0,386.5,29687.4,1508,3,0.144,4275.91
Miami,FL,House,7,95.0,31.5,0.0,899.7,102269.7,2126,4,0.132,13514.66
Houston,TX,Condo,5,81.0,38.6,0.0,481.4,20614.1,933,1,0.12,2478.55
Chicago,IL,Apartment,8,75.9,86.9,0.0,326.2,10290.7,729,1,0.168,1725.59
Houston,TX,Large House,1,64.8,32.7,7.2,0.0,7459.2,3773,6,0.132,970.96
Boston,MA,Condo,11,43.7,56.8,638.0,0.0,35957.0,999,1,0.21,7541.31
Seattle,WA,House,6,72.3,55.0,0.0,218.6,36644.9,2919,4,0.12,4383.64
Seattle,WA,Apartment,12,50.2,45.3,444.7,0.0,27248.7,1175,1,0.11,3005.58
Miami,FL,House,3,70.9,35.2,0.0,178.4,21484.0,2046,3,0.11,2364.76
Chicago,IL,House,2,27.3,65.7,1132.3,0.0,158146.0,2116,1,0.154,24371.21
Boston,MA,Large House,2,29.4,61.2,1066.7,0.0,404630.8,4973,5,0.231,93469.36
New York,NY,Condo,11,43.5,75.9,644.8,0.0,38146.2,1044,1,0.18,6846.69
Houston,TX,Condo,11,71.3,49.7,0.0,189.8,13840.7,1485,1,0.12,1648.86
Seattle,WA,Apartment,7,76.9,48.5,0.0,356.9,16536.5,1082,2,0.12,2002.39
Miami,FL,House,12,59.6,80.5,160.9,0.0,30753.0,2671,1,0.121,3722.81
Atlanta,GA,House,6,68.1,71.6,0.0,93.9,15855.9,2581,4,0.156,2490.85
New York,NY,Townhouse,5,60.7,54.3,127.7,0.0,11476.1,1300,2,0.18,2072.7
Houston,TX,Apartment,7,89.8,51.0,0.0,745.2,21694.1,705,1,0.144,3120.73
New York,NY,Townhouse,9,69.1,85.1,0.0,124.5,13989.2,2005,1,0.18,2524.16
Phoenix,AZ,Large House,9,86.8,61.8,0.0,655.4,181422.2,4452,6,0.13,23596.16
New York,NY,Condo,5,62.4,57.6,76.9,0.0,8469.3,1581,3,0.18,1526.02
Atlanta,GA,Condo,8,72.4,46.9,0.0,221.5,14857.1,1381,1,0.156,2308.23
Phoenix,AZ,Townhouse,9,85.4,74.1,0.0,612.6,64785.0,2127,1,0.13,8410.13
New York,NY,Apartment,10,53.3,34.5,350.3,0.0,20560.1,1114,2,0.18,3694.92
Boston,MA,Large House,3,40.7,68.4,729.7,0.0,263227.9,4699,3,0.21,55275.24
New York,NY,Townhouse,2,31.1,79.8,1016.6,0.0,83229.4,1341,1,0.198,16476.83
Los Angeles,CA,House,4,62.9,63.6,61.8,0.0,9728.7,1903,1,0.22,2142.36
Houston,TX,House,10,78.3,32.4,0.0,400.0,67747.9,3064,6,0.12,8145.74
Los Angeles,CA,Townhouse,11,51.7,37.2,398.9,0.0,30905.9,1234,1,0.22,6785.44
Chicago,IL,Condo,12,29.8,81.2,1054.7,0.0,66660.2,1129,2,0.154,10253.44
Miami,FL,House,2,60.2,89.1,145.0,0.0,32547.0,3085,2,0.121,3942.86
Los Angeles,CA,Condo,11,49.0,60.3,479.2,0.0,36914.4,1347,2,0.22,8119.2
Chicago,IL,Large House,8,81.8,52.2,0.0,504.9,96886.0,3068,2,0.168,16284.34
Houston,TX,Apartment,11,70.0,65.1,0.0,149.5,3746.7,551,1,0.12,430.79
Atlanta,GA,House,1,44.4,48.4,619.2,0.0,108927.1,2624,5,0.143,15592.98
Atlanta,GA,Condo,5,68.2,54.4,0.0,96.0,6237.5,1172,2,0.13,828.48
Miami,FL,House,4,71.2,70.7,0.0,185.7,21857.6,2003,4,0.11,2414.35
Los Angeles,CA,Condo,11,49.7,41.4,459.1,0.0,25325.8,967,1,0.22,5567.65
Chicago,IL,House,9,66.3,89.1,0.0,38.6,6867.1,2079,4,0.14,957.83
New York,NY,Condo,6,76.2,46.3,0.0,337.4,13070.9,829,1,0.216,2819.33
Denver,CO,Large House,6,73.5,46.5,0.0,253.7,74538.2,4495,5,0.144,10751.26
Miami,FL,Apartment,11,71.3,63.5,0.0,187.6,4844.7,578,1,0.11,519.32
Los Angeles,CA,Townhouse,4,58.0,50.8,211.3,0.0,25436.8,1848,2,0.22,5583.86
Phoenix,AZ,House,7,91.3,74.1,0.0,788.5,144234.1,3418,4,0.156,22505.14
New York,NY,Apartment,12,32.7,44.4,968.4,0.0,49274.1,999,1,0.198,9754.39
Boston,MA,Townhouse,7,76.3,69.8,0.0,339.7,35982.2,2069,3,0.252,9068.23
Chicago,IL,Townhouse,11,42.8,84.0,665.3,0.0,68065.4,1661,1,0.14,9540.38
Phoenix,AZ,Condo,9,88.3,62.4,0.0,700.1,33516.4,1051,2,0.13,4347.29
Los Angeles,CA,Apartment,10,65.6,32.7,0.0,17.2,1304.5,772,1,0.22,294.44
Boston,MA,Large House,11,47.4,65.4,526.5,0.0,183091.1,4490,3,0.21,38464.21
Denver,CO,House,1,40.3,72.9,741.4,0.0,166237.2,3364,5,0.132,21951.91
Houston,TX,Large House,4,78.3,63.1,0.0,398.0,109978.2,4350,6,0.12,13192.42
Seattle,WA,Apartment,1,44.8,65.4,606.3,0.0,23632.2,758,1,0.11,2618.75
Miami,FL,Townhouse,12,65.3,70.9,0.0,9.6,3207.9,2046,3,0.121,398.71
New York,NY,Townhouse,4,51.3,56.6,410.6,0.0,55646.6,2152,4,0.18,9999.57
Seattle,WA,House,9,72.8,76.6,0.0,234.2,21277.3,1583,2,0.1,2133.81
Denver,CO,Apartment,6,68.5,77.2,0.0,105.1,5947.3,1145,2,0.144,851.23
Chicago,IL,Townhouse,10,57.5,63.5,226.1,0.0,19219.8,1310,2,0.14,2693.65
Los Angeles,CA,Large House,10,64.7,32.4,7.6,0.0,6190.8,3414,1,0.22,1361.19
Denver,CO,House,10,65.0,33.9,0.0,0.9,3723.3,2993,3,0.12,460.63
Seattle,WA,Townhouse,12,44.6,69.7,612.0,0.0,64629.8,1710,1,0.11,7116.3
Phoenix,AZ,Apartment,1,61.1,82.8,116.6,0.0,5611.2,834,1,0.143,789.53
Phoenix,AZ,House,4,72.8,76.1,0.0,234.1,45236.9,3408,1,0.13,5890.17
Boston,MA,Large House,12,36.5,50.1,855.8,0.0,252053.9,3848,3,0.231,58221.23
Boston,MA,Condo,7,76.2,38.7,0.0,335.7,25021.9,1597,1,0.252,6311.06
Chicago,IL,Townhouse,6,69.8,82.8,0.0,144.6,14261.4,1775,2,0.168,2399.03
Denver,CO,Townhouse,5,60.0,70.7,149.6,0.0,19202.8,1905,3,0.12,2308.1
Denver,CO,Condo,12,49.4,86.5,467.4,0.0,25745.5,962,1,0.132,3415.11
Denver,CO,Large House,11,50.4,43.2,436.9,0.0,106607.3,3119,5,0.12,12787.82
Seattle,WA,Apartment,3,53.9,60.6,332.9,0.0,12303.0,702,1,0.1,1238.63
Houston,TX,Condo,8,88.7,71.9,0.0,711.8,31941.7,987,1,0.144,4616.53
Denver,CO,Apartment,2,46.4,53.4,556.8,0.0,26956.9,936,1,0.132,3571.89
Boston,MA,Apartment,9,65.2,70.2,0.0,5.7,1100.1,877,1,0.21,228.68
Los Angeles,CA,House,4,56.2,88.3,265.2,0.0,32165.5,1738,3,0.22,7080.17
Seattle,WA,Condo,11,54.1,53.7,326.6,0.0,29536.5,1553,2,0.1,2937.39
Atlanta,GA,Apartment,10,63.9,46.8,34.1,0.0,1827.8,668,1,0.13,246.09
Phoenix,AZ,Apartment,3,71.7,83.2,0.0,200.4,8368.9,944,1,0.13,1094.43
Denver,CO,Large House,8,75.4,52.5,0.0,312.0,72114.7,3577,6,0.144,10398.56
Denver,CO,Townhouse,9,73.5,48.0,0.0,254.2,19872.6,1497,1,0.12,2389.86
Atlanta,GA,Condo,9,74.3,70.2,0.0,277.8,17333.6,1307,2,0.13,2246.0
Denver,CO,House,7,70.8,88.2,0.0,172.9,27295.5,2647,5,0.144,3919.05
Atlanta,GA,Condo,11,58.9,89.8,184.5,0.0,12334.1,1114,1,0.13,1618.94
Boston,MA,Condo,4,55.6,80.4,282.4,0.0,16146.7,977,1,0.21,3394.84
Phoenix,AZ,Townhouse,5,86.6,76.1,0.0,648.6,57251.0,1775,3,0.13,7443.46
Chicago,IL,House,4,54.7,37.7,308.5,0.0,47127.3,2230,1,0.14,6617.39
Denver,CO,House,5,66.1,79.6,0.0,33.5,8503.5,2943,3,0.12,1038.23
Los Angeles,CA,Condo,1,46.7,60.6,547.5,0.0,34727.2,1120,1,0.242,8388.8
New York,NY,House,3,47.0,52.4,540.7,0.0,76046.4,2085,4,0.18,13670.98
Chicago,IL,Condo,6,71.5,43.1,0.0,195.7,11625.8,1215,1,0.168,1939.26
Atlanta,GA,Condo,12,46.2,51.0,564.4,0.0,26834.2,838,1,0.143,3833.87
Seattle,WA,House,1,44.4,32.9,617.9,0.0,139763.6,3388,2,0.11,15387.0
Atlanta,GA,Townhouse,12,46.8,88.3,544.9,0.0,70983.4,2100,3,0.143,10150.94
Denver,CO,Condo,6,70.5,45.3,0.0,165.9,13303.6,1593,3,0.144,1899.43
Los Angeles,CA,House,11,57.4,71.3,227.2,0.0,48864.7,3077,1,0.22,10744.25
Seattle,WA,Large House,2,50.2,58.3,444.6,0.0,152539.0,4409,1,0.11,16762.52
Denver,CO,House,6,73.6,51.6,0.0,258.4,49540.0,3376,5,0.144,7118.54
Seattle,WA,Condo,4,57.7,46.0,220.1,0.0,18494.3,1416,1,0.1,1847.95
Atlanta,GA,Townhouse,8,77.6,89.2,0.0,377.4,24732.3,1280,2,0.156,3868.7
New York,NY,Apartment,1,30.1,34.2,1047.9,0.0,40756.5,764,1,0.198,8061.44
Seattle,WA,Townhouse,7,78.0,32.3,0.0,391.1,34245.2,1728,2,0.12,4125.47
New York,NY,Large House,7,83.3,48.2,0.0,547.9,167855.6,4920,1,0.216,36260.37
New York,NY,Condo,8,73.7,58.3,0.0,262.0,18279.9,1448,2,0.216,3936.22
Seattle,WA,Condo,4,57.7,90.0,218.5,0.0,11979.1,913,1,0.1,1193.66
New York,NY,Townhouse,7,84.0,37.7,0.0,569.5,60341.9,2125,2,0.216,13020.34
Houston,TX,House,3,74.9,43.9,0.0,297.5,26576.6,1606,1,0.12,3173.26
Denver,CO,House,7,71.5,65.5,0.0,194.2,22037.2,1969,1,0.144,3158.6
Denver,CO,Apartment,2,45.0,65.3,599.4,0.0,32874.7,1064,1,0.132,4341.19
Houston,TX,Townhouse,10,82.4,85.6,0.0,522.0,33098.4,1270,1,0.12,3968.94
Boston,MA,Townhouse,8,80.6,61.8,0.0,468.5,41017.3,1737,3,0.252,10329.61
Atlanta,GA,Apartment,10,62.3,73.4,79.9,0.0,5094.1,1033,2,0.13,647.06
Boston,MA,Condo,4,54.5,39.5,313.9,0.0,28831.6,1580,1,0.21,6059.4
Boston,MA,Townhouse,5,68.8,58.3,0.0,114.5,8450.6,1294,1,0.21,1767.39
Phoenix,AZ,Apartment,6,86.2,41.5,0.0,636.9,21184.5,804,1,0.156,3289.3
Houston,TX,House,10,75.3,81.0,0.0,310.3,27490.9,1583,2,0.12,3290.89
Atlanta,GA,Apartment,5,59.1,58.2,176.2,0.0,11456.7,1190,1,0.13,1502.11
Boston,MA,Large House,10,59.5,74.4,164.7,0.0,52976.3,3861,4,0.21,11141.62
New York,NY,Townhouse,6,72.4,66.4,0.0,222.6,23080.3,1968,2,0.216,4999.8
Houston,TX,House,4,72.7,53.8,0.0,229.9,31926.4,2431,2,0.12,3834.19
Miami,FL,Condo,8,89.1,64.2,0.0,723.7,31191.8,950,1,0.132,4135.33
Chicago,IL,Condo,7,83.4,47.4,0.0,550.7,35578.8,1405,2,0.168,5993.11
Seattle,WA,Large House,3,47.6,35.8,522.0,0.0,197496.9,4893,1,0.1,19743.53
Denver,CO,Townhouse,4,60.4,33.1,136.7,0.0,19468.9,2084,3,0.12,2352.72
Denver,CO,Large House,6,76.0,72.4,0.0,328.6,73599.2,3483,5,0.144,10615.85
Phoenix,AZ,Apartment,2,62.7,64.5,69.1,0.0,3189.3,710,1,0.143,458.34
Chicago,IL,House,4,52.8,37.6,365.9,0.0,83738.5,3353,4,0.14,11703.63
Atlanta,GA,Large House,11,54.5,31.4,316.3,0.0,87379.2,3499,1,0.13,11370.37
Atlanta,GA,Townhouse,1,48.0,89.3,510.8,0.0,48604.3,1535,1,0.143,6934.55
Atlanta,GA,Townhouse,10,64.6,44.6,11.6,0.0,2214.4,1213,2,0.13,293.21
Chicago,IL,House,1,23.8,69.4,1237.4,0.0,271231.5,3324,4,0.154,41789.2
Atlanta,GA,Apartment,8,71.4,39.0,0.0,193.4,5358.4,607,1,0.156,834.36
Phoenix,AZ,Apartment,9,86.7,56.5,0.0,652.0,30580.3,1129,2,0.13,3958.44
Los Angeles,CA,Townhouse,12,45.2,89.2,593.3,0.0,76275.5,2079,3,0.242,18450.64
Houston,TX,Large House,9,87.3,53.1,0.0,670.4,136133.5,3267,5,0.12,16334.5
New York,NY,Apartment,10,60.5,81.0,135.5,0.0,7426.1,966,1,0.18,1333.31
Chicago,IL,Large House,11,49.9,59.5,452.5,0.0,170172.5,4818,6,0.14,23841.26
Atlanta,GA,Large House,9,71.3,71.1,0.0,190.2,49906.1,3941,2,0.13,6485.36
Miami,FL,House,9,85.8,81.6,0.0,623.9,78191.4,2333,1,0.11,8610.79
Houston,TX,Apartment,1,66.3,39.8,0.0,39.6,2782.8,1134,1,0.132,363.4
New York,NY,House,11,41.7,88.4,698.4,0.0,110800.8,2376,4,0.18,19955.35
Atlanta,GA,Townhouse,12,43.8,60.2,635.5,0.0,50347.2,1284,1,0.143,7216.6
Atlanta,GA,House,4,59.9,40.6,153.9,0.0,33490.8,2978,5,0.13,4357.65
Chicago,IL,Large House,1,26.5,67.7,1156.1,0.0,305285.1,3472,1,0.154,47023.64
Miami,FL,Large House,2,64.6,64.9,11.2,0.0,9665.0,4433,4,0.121,1156.85
Boston,MA,Large House,4,58.8,61.9,186.3,0.0,58905.2,3868,2,0.21,12350.8
Houston,TX,Condo,6,83.5,34.1,0.0,554.6,23818.0,941,1,0.144,3435.34
Chicago,IL,Condo,1,28.2,86.3,1102.5,0.0,79617.3,1291,1,0.154,12267.36
Los Angeles,CA,Condo,3,49.6,41.9,460.8,0.0,23479.4,889,1,0.22,5172.75
Seattle,WA,Townhouse,3,47.6,31.9,521.9,0.0,70285.6,2172,1,0.1,7019.47
Chicago,IL,Apartment,12,28.3,85.1,1099.7,0.0,47766.7,856,1,0.154,7360.38
Boston,MA,Apartment,6,74.1,52.3,0.0,273.2,11940.1,1016,1,0.252,3027.77
Los Angeles,CA,Townhouse,1,43.0,39.9,659.2,0.0,76451.0,1880,3,0.242,18515.29
New York,NY,Apartment,2,34.8,86.0,906.8,0.0,30925.5,670,1,0.198,6124.1
Seattle,WA,House,1,40.5,59.1,733.5,0.0,92916.7,1899,3,0.11,10218.38
Atlanta,GA,Apartment,5,63.9,83.6,32.1,0.0,2715.2,1119,1,0.13,336.7
Phoenix,AZ,Townhouse,2,62.6,72.3,73.3,0.0,8206.7,1510,1,0.143,1193.54
Boston,MA,Townhouse,7,79.7,63.3,0.0,439.8,28098.2,1265,1,0.252,7072.58
Houston,TX,Townhouse,10,79.7,82.6,0.0,440.3,28181.9,1266,1,0.12,3391.63
Phoenix,AZ,House,10,78.5,75.9,0.0,406.2,61421.8,2764,1,0.13,8002.49
Phoenix,AZ,House,6,91.5,83.6,0.0,795.2,65128.8,1527,3,0.156,10154.33
Seattle,WA,Condo,11,57.4,89.1,226.9,0.0,16153.7,1186,2,0.1,1622.15
Denver,CO,Townhouse,9,66.0,52.3,0.0,30.1,4355.1,1765,1,0.12,506.01
New York,NY,House,8,76.3,83.8,0.0,337.9,42267.7,2239,4,0.216,9149.28
Boston,MA,Apartment,1,32.5,47.1,976.3,0.0,44761.6,899,1,0.231,10321.25
New York,NY,House,4,56.3,44.0,259.8,0.0,61468.1,3386,6,0.18,11050.02
Denver,CO,Apartment,6,71.4,30.6,0.0,190.9,9785.5,1137,2,0.144,1423.63
Denver,CO,House,2,49.0,33.7,478.5,0.0,109234.2,3382,4,0.132,14408.73
Boston,MA,Townhouse,6,72.0,61.5,0.0,209.3,14079.7,1262,2,0.252,3565.14
Houston,TX,Large House,5,84.5,40.1,0.0,583.6,130013.2,3574,4,0.12,15598.15
Houston,TX,Large House,6,92.6,61.3,0.0,829.4,163664.4,3196,5,0.144,23556.81
Houston,TX,Condo,5,83.4,87.0,0.0,553.5,38570.7,1517,3,0.12,4621.97
Chicago,IL,Large House,12,29.6,57.7,1062.2,0.0,383274.3,4729,5,0.154,59022.39
Houston,TX,Townhouse,9,91.6,68.8,0.0,799.2,72317.5,1832,3,0.12,8690.48
New York,NY,Apartment,2,28.2,79.3,1105.0,0.0,39938.0,709,1,0.198,7919.09
Boston,MA,Large House,8,76.7,66.3,0.0,351.5,70681.4,3138,5,0.252,17820.05
Atlanta,GA,Condo,10,62.7,85.4,67.7,0.0,4921.3,1047,1,0.13,638.65
Miami,FL,Large House,5,83.1,30.3,0.0,541.8,104599.9,3099,1,0.11,11493.47
Miami,FL,Apartment,10,82.0,70.0,0.0,511.4,16539.1,778,1,0.11,1834.64
New York,NY,House,9,73.4,83.9,0.0,250.9,37673.0,2661,1,0.18,6790.78
Chicago,IL,Large House,9,68.6,57.6,0.0,106.5,35482.8,4573,5,0.14,4948.62
New York,NY,Townhouse,2,28.7,46.1,1088.0,0.0,118944.1,1795,1,0.198,23569.66
Los Angeles,CA,House,8,78.5,64.2,0.0,403.6,39300.1,1779,1,0.264,10364.39
Atlanta,GA,Apartment,6,73.6,37.0,0.0,258.0,8225.9,729,1,0.156,1276.42
Denver,CO,House,5,61.6,52.4,102.5,0.0,18800.3,2417,1,0.12,2237.87
Houston,TX,Apartment,4,78.1,80.3,0.0,392.8,15876.4,960,1,0.12,1898.95
Seattle,WA,Townhouse,1,41.0,88.0,720.3,0.0,63144.5,1423,2,0.11,6927.14
Boston,MA,Townhouse,9,72.9,38.9,0.0,237.3,21459.0,1727,1,0.21,4519.46
Los Angeles,CA,Condo,1,49.1,78.4,476.9,0.0,25763.5,947,1,0.242,6249.02
New York,NY,House,11,47.8,71.1,516.7,0.0,118134.8,3389,6,0.18,21272.75
Boston,MA,Townhouse,11,47.3,60.3,531.0,0.0,55104.5,1673,1,0.21,11583.35
Boston,MA,Condo,6,73.4,65.7,0.0,250.9,9784.2,816,1,0.252,2459.32
Denver,CO,House,12,44.6,71.8,611.7,0.0,115657.1,2817,5,0.132,15273.09
Los Angeles,CA,Townhouse,2,51.8,89.8,397.0,0.0,32645.5,1312,1,0.242,7912.47
Denver,CO,Condo,2,51.5,34.3,406.3,0.0,24235.3,1033,2,0.132,3202.7
Houston,TX,House,7,91.8,54.6,0.0,805.2,127658.7,2972,1,0.144,18383.15
Denver,CO,Large House,4,61.3,88.7,109.8,0.0,44404.3,4645,4,0.12,5334.51
Boston,MA,Apartment,3,43.9,83.5,633.3,0.0,28087.3,863,1,0.21,5888.95
Houston,TX,Large House,2,64.8,62.1,6.4,0.0,8769.5,4644,6,0.132,1173.27
Phoenix,AZ,Apartment,9,91.3,46.4,0.0,789.3,22735.0,701,1,0.13,2938.01
Denver,CO,Large House,6,71.9,87.6,0.0,208.1,60682.6,4408,3,0.144,8736.56
Los Angeles,CA,House,6,69.8,70.9,0.0,143.4,27650.9,3198,4,0.264,7303.11
Houston,TX,Large House,2,67.6,42.1,0.0,78.2,24692.0,4103,4,0.132,3258.06
Houston,TX,Large House,12,62.3,47.4,81.3,0.0,32718.9,4402,4,0.132,4303.12
Chicago,IL,House,10,57.3,57.5,232.5,0.0,43764.8,2698,2,0.14,6117.55
Boston,MA,House,2,34.8,43.1,906.2,0.0,207626.9,3452,5,0.231,47961.6
Seattle,WA,Apartment,2,43.2,67.5,653.3,0.0,24514.3,727,1,0.11,2681.83
Miami,FL,Condo,2,67.5,36.4,0.0,76.3,4124.0,926,1,0.121,509.88
Miami,FL,Condo,3,71.9,54.1,0.0,207.6,12737.5,1266,1,0.11,1398.06
Seattle,WA,Townhouse,7,72.5,47.0,0.0,225.1,18901.7,1574,3,0.12,2281.45
Atlanta,GA,Apartment,11,57.3,46.0,232.3,0.0,7178.9,563,1,0.13,921.0
Phoenix,AZ,Townhouse,7,88.6,34.7,0.0,707.9,59691.6,1707,1,0.156,9316.22
Boston,MA,House,11,40.7,51.1,727.6,0.0,161207.8,3326,3,0.21,33869.26
Chicago,IL,Apartment,11,47.0,67.3,541.4,0.0,21034.0,753,1,0.14,2964.04
Denver,CO,Condo,10,58.7,78.0,189.4,0.0,17187.0,1518,1,0.12,2060.48
Boston,MA,Condo,3,42.0,87.2,691.4,0.0,62104.0,1592,1,0.21,13047.57
Houston,TX,Townhouse,1,58.9,54.8,183.3,0.0,24604.2,2033,2,0.132,3251.36
Atlanta,GA,Townhouse,10,62.6,55.6,71.8,0.0,7319.7,1344,2,0.13,943.41
Houston,TX,Condo,5,78.1,85.7,0.0,394.3,21064.5,1139,2,0.12,2545.83
Miami,FL,Townhouse,10,80.4,58.5,0.0,462.0,46103.0,1978,2,0.11,5078.81
New York,NY,Townhouse,2,36.0,35.6,870.1,0.0,114067.4,2141,2,0.198,22584.79
Seattle,WA,Large House,10,59.7,41.1,158.5,0.0,65869.6,4992,3,0.1,6574.48
Seattle,WA,Condo,3,47.4,30.7,528.0,0.0,32405.3,1078,2,0.1,3247.79
Miami,FL,Townhouse,12,68.9,58.2,0.0,117.4,12869.4,1927,2,0.121,1539.18
Boston,MA,Condo,2,32.4,52.8,979.0,0.0,65352.2,1192,1,0.231,15087.16
Houston,TX,Large House,11,72.4,53.5,0.0,221.6,61891.8,4229,4,0.12,7419.82
Chicago,IL,Large House,10,54.2,36.1,323.4,0.0,106636.7,4160,5,0.14,14948.34
Atlanta,GA,Large House,1,45.3,86.5,591.2,0.0,171169.3,3742,5,0.143,24483.12
Phoenix,AZ,Large House,3,73.3,71.0,0.0,247.8,57941.7,3564,4,0.13,7517.03
Denver,CO,Large House,1,47.3,54.1,532.4,0.0,194418.3,4722,2,0.132,25643.93
Los Angeles,CA,House,10,64.9,59.4,1.9,0.0,2654.5,1939,3,0.22,565.17
Seattle,WA,Condo,8,70.7,63.7,0.0,170.4,6753.6,804,1,0.12,795.54
Seattle,WA,Apartment,7,70.5,46.9,0.0,163.8,5600.7,754,1,0.12,672.38
Miami,FL,Large House,1,61.8,88.5,97.2,0.0,38805.5,4546,1,0.121,4677.91
New York,NY,Apartment,8,72.2,65.5,0.0,217.4,8346.2,874,1,0.216,1800.77
Los Angeles,CA,Townhouse,2,52.4,31.4,377.4,0.0,32267.5,1354,2,0.242,7818.04
Houston,TX,Condo,9,88.6,44.3,0.0,708.6,41993.5,1306,1,0.12,5042.98
Chicago,IL,Condo,9,71.3,34.8,0.0,190.1,13878.1,1488,1,0.14,1942.54
New York,NY,Apartment,8,79.5,53.2,0.0,436.1,13937.1,758,1,0.216,3019.49
Phoenix,AZ,Condo,3,68.8,87.4,0.0,115.3,6373.6,1029,2,0.13,817.09
Seattle,WA,House,3,49.7,38.7,458.0,0.0,84066.6,2714,3,0.1,8393.55
Chicago,IL,Condo,7,75.5,81.9,0.0,314.8,16348.1,1093,2,0.168,2735.26
Houston,TX,Condo,11,73.7,85.4,0.0,262.0,14871.3,1187,1,0.12,1771.76
Chicago,IL,House,6,74.0,83.4,0.0,269.7,34392.5,2268,1,0.168,5772.09
Houston,TX,Townhouse,11,74.2,43.1,0.0,276.0,21141.4,1478,1,0.12,2549.18
Los Angeles,CA,Large House,2,48.7,89.8,487.7,0.0,169734.6,4471,6,0.242,41085.03
Chicago,IL,Townhouse,2,33.0,88.9,960.1,0.0,119162.7,2031,2,0.154,18355.16
Miami,FL,Condo,3,66.5,75.6,0.0,44.7,3825.3,1325,1,0.11,420.38
Phoenix,AZ,Large House,9,90.2,66.4,0.0,756.4,143323.4,3073,1,0.13,18628.34
Boston,MA,Large House,6,71.8,51.0,0.0,202.7,62898.8,4700,1,0.252,15859.91
Phoenix,AZ,Townhouse,5,78.4,89.7,0.0,402.3,39845.0,1950,2,0.13,5178.38
Houston,TX,House,3,66.6,43.9,0.0,49.1,8892.8,2377,2,0.12,1057.28
Houston,TX,Condo,8,89.7,71.4,0.0,741.6,50142.9,1489,2,0.144,7234.56
Houston,TX,House,9,84.3,65.7,0.0,579.6,68690.4,2196,1,0.12,8225.91
Seattle,WA,Townhouse,4,61.6,55.2,102.0,0.0,9406.2,1316,1,0.1,935.86
Atlanta,GA,House,8,77.4,32.1,0.0,371.8,68918.7,3364,3,0.156,10764.16
Boston,MA,Apartment,6,75.5,43.4,0.0,315.7,15312.2,1137,1,0.252,3874.78
Houston,TX,Townhouse,7,90.4,37.3,0.0,761.0,51567.6,1370,2,0.144,7427.77
Los Angeles,CA,Apartment,12,42.8,83.7,665.1,0.0,25559.5,748,1,0.242,6198.28
Chicago,IL,Apartment,11,41.3,35.0,710.3,0.0,41951.4,1150,1,0.14,5862.34
Denver,CO,Condo,3,54.7,32.4,307.6,0.0,25998.1,1445,2,0.12,3121.33
Denver,CO,House,7,77.5,31.0,0.0,375.0,40640.4,1971,1,0.144,5848.74
Phoenix,AZ,Large House,9,91.2,74.9,0.0,786.7,185877.7,3834,2,0.13,24162.22
Seattle,WA,Large House,2,49.2,75.7,472.5,0.0,153424.3,4179,2,0.11,16895.13
Los Angeles,CA,Apartment,3,52.8,42.5,365.4,0.0,21880.9,1133,2,0.22,4806.59
Atlanta,GA,Condo,3,48.9,67.1,482.9,0.0,34578.3,1253,2,0.13,4486.78
Denver,CO,House,4,59.6,33.3,161.9,0.0,38869.7,3287,6,0.12,4678.12
New York,NY,House,6,71.0,44.2,0.0,180.5,32592.9,3098,2,0.216,7035.74
Atlanta,GA,Apartment,2,46.8,83.0,546.0,0.0,33323.7,1177,2,0.143,4784.52
Miami,FL,Apartment,12,67.3,76.5,0.0,68.7,3335.3,894,1,0.121,420.54
Miami,FL,Large House,3,69.2,52.5,0.0,124.6,30267.1,3392,5,0.11,3328.28
Chicago,IL,House,10,57.3,30.2,231.9,0.0,24902.3,1538,1,0.14,3474.28
Chicago,IL,House,1,31.3,60.2,1011.9,0.0,202036.1,3021,1,0.154,31105.8
Houston,TX,Large House,2,69.9,67.2,0.0,145.7,34761.8,3412,6,0.132,4603.8
New York,NY,Townhouse,4,54.3,69.6,321.3,0.0,36227.9,1775,3,0.18,6531.52
Atlanta,GA,Apartment,5,64.0,80.0,29.1,0.0,1784.8,778,1,0.13,241.53
Los Angeles,CA,House,1,40.2,88.2,743.7,0.0,151521.4,3064,1,0.242,36654.12
Denver,CO,Large House,11,56.1,40.3,266.3,0.0,104829.1,4941,2,0.12,12589.37
Los Angeles,CA,Apartment,2,43.1,54.9,658.3,0.0,29341.2,870,1,0.242,7110.4
Boston,MA,Large House,5,66.8,46.9,0.0,52.9,18797.4,4153,4,0.21,3933.63
New York,NY,Large House,8,80.3,54.3,0.0,460.0,126779.1,4378,4,0.216,27391.12
Houston,TX,Apartment,1,60.3,34.6,139.8,0.0,4437.1,551,1,0.132,597.3
Phoenix,AZ,Condo,3,68.3,78.5,0.0,98.1,5448.4,1019,2,0.13,691.48
Boston,MA,Condo,11,40.1,86.6,746.1,0.0,62904.9,1494,2,0.21,13197.88
Chicago,IL,House,6,75.6,84.4,0.0,318.6,28276.1,1580,3,0.168,4767.2
Denver,CO,Condo,2,50.5,82.6,435.9,0.0,32647.4,1307,2,0.132,4306.06
Los Angeles,CA,House,2,52.5,77.0,376.2,0.0,61561.9,2393,4,0.242,14886.93
New York,NY,House,4,50.5,83.2,434.4,0.0,72008.1,2452,2,0.18,12956.35
Phoenix,AZ,Large House,4,77.0,56.6,0.0,359.9,87397.2,3825,2,0.13,11374.53
Denver,CO,Large House,9,65.1,64.1,0.0,1.8,5591.2,4116,1,0.12,673.16
Chicago,IL,Condo,11,46.8,81.3,546.7,0.0,31533.5,1013,1,0.14,4434.3
Denver,CO,House,3,56.8,38.5,245.5,0.0,33128.7,1938,2,0.12,3988.41
Chicago,IL,Condo,7,74.2,45.5,0.0,275.0,14459.7,1109,1,0.168,2441.23
Houston,TX,Apartment,6,90.8,75.3,0.0,775.2,28400.5,890,1,0.144,4070.18
Seattle,WA,Apartment,11,52.6,37.5,372.9,0.0,22468.9,1153,1,0.1,2238.96
Los Angeles,CA,Apartment,9,74.9,62.2,0.0,298.5,10522.7,818,1,0.22,2317.52
Houston,TX,Large House,1,58.0,66.3,209.9,0.0,60308.0,3509,6,0.132,7957.93
Denver,CO,Apartment,3,49.9,63.6,452.4,0.0,21124.1,901,1,0.12,2539.96
Boston,MA,House,11,47.0,36.9,539.7,0.0,125352.7,3450,6,0.21,26342.33
Seattle,WA,Large House,6,71.9,52.7,0.0,205.7,63266.9,4608,6,0.12,7589.14
Chicago,IL,House,6,70.8,87.2,0.0,174.9,27731.0,2724,1,0.168,4676.46
Phoenix,AZ,House,10,84.9,62.7,0.0,598.0,112740.8,3497,3,0.13,14647.94
Miami,FL,House,7,89.9,57.1,0.0,748.5,80113.0,1998,2,0.132,10561.78
New York,NY,Apartment,4,54.1,51.7,326.5,0.0,17438.5,1002,2,0.18,3125.31
Denver,CO,Apartment,4,59.8,40.4,157.4,0.0,8786.3,996,1,0.12,1072.3
Seattle,WA,Townhouse,4,54.6,69.3,312.5,0.0,43293.8,2177,3,0.1,4348.61
Boston,MA,Condo,7,79.7,41.6,0.0,441.7,26659.9,1306,2,0.252,6732.31
Chicago,IL,Apartment,4,50.9,32.9,422.7,0.0,11982.2,539,1,0.14,1676.05
New York,NY,Apartment,11,49.1,80.4,476.7,0.0,14808.3,594,1,0.18,2652.71
Denver,CO,Large House,5,65.1,52.2,0.0,3.6,5075.1,3127,5,0.12,621.07
Chicago,IL,House,2,27.5,42.0,1124.8,0.0,195978.1,2641,1,0.154,30175.27
Phoenix,AZ,Large House,1,61.5,73.8,105.0,0.0,35804.9,3884,4,0.143,5138.8
Chicago,IL,Large House,11,46.7,88.6,550.4,0.0,211413.9,4972,1,0.14,29590.85
Seattle,WA,Townhouse,2,46.2,82.1,564.2,0.0,46799.7,1335,2,0.11,5161.61
Boston,MA,Apartment,5,67.9,37.2,0.0,85.8,2855.7,668,1,0.21,601.9
Boston,MA,Large House,8,79.7,30.4,0.0,440.2,128070.6,4633,1,0.252,32264.63
Miami,FL,Apartment,7,95.1,67.5,0.0,901.7,42551.7,1152,1,0.132,5623.55
Denver,CO,Apartment,3,55.3,86.8,290.6,0.0,10889.7,698,1,0.12,1325.54
Houston,TX,House,1,58.5,42.4,193.6,0.0,47938.0,3473,4,0.132,6310.06
New York,NY,House,1,27.7,84.0,1119.1,0.0,178197.5,2412,2,0.198,35284.59
Houston,TX,Apartment,7,91.4,56.9,0.0,790.6,36634.3,1123,2,0.144,5266.08
Seattle,WA,House,1,43.4,75.5,649.4,0.0,69079.9,1590,2,0.11,7602.15
Phoenix,AZ,Large House,4,77.1,66.5,0.0,364.0,82496.3,3560,3,0.13,10720.06
Miami,FL,Large House,1,61.4,71.9,108.4,0.0,32378.9,3382,5,0.121,3914.5
Chicago,IL,Condo,6,73.5,48.3,0.0,253.6,14049.5,1144,2,0.168,2365.12
Phoenix,AZ,Townhouse,11,71.2,87.2,0.0,186.4,21625.6,2180,1,0.13,2806.68
Houston,TX,House,4,76.8,35.3,0.0,354.6,39999.8,2044,1,0.12,4815.06
Los Angeles,CA,House,10,59.5,83.9,166.4,0.0,23139.9,1946,1,0.22,5085.89
Phoenix,AZ,Townhouse,3,67.7,43.2,0.0,80.6,8489.4,1746,1,0.13,1114.01
Phoenix,AZ,Townhouse,5,84.8,35.7,0.0,595.1,60373.3,2034,3,0.13,7867.47
Seattle,WA,Apartment,6,71.5,49.7,0.0,195.5,5883.8,661,1,0.12,690.43
Seattle,WA,House,5,65.3,71.5,0.0,9.0,4425.4,2834,1,0.1,445.38
Boston,MA,Large House,12,28.2,74.0,1105.1,0.0,257811.2,3059,4,0.231,59573.6
Chicago,IL,Townhouse,8,75.9,39.3,0.0,327.9,34808.3,2076,1,0.168,5856.67
Chicago,IL,Townhouse,9,68.4,48.7,0.0,101.4,10744.5,1798,3,0.14,1500.62
Miami,FL,Large House,7,87.3,76.9,0.0,669.9,193656.9,4670,3,0.132,25569.67
New York,NY,Condo,2,33.2,85.1,953.8,0.0,80016.6,1495,2,0.198,15840.14
Boston,MA,Apartment,11,46.6,34.9,551.2,0.0,23237.1,817,1,0.21,4862.56
Phoenix,AZ,House,7,91.1,64.9,0.0,783.7,74351.3,1775,2,0.156,11612.64
Los Angeles,CA,House,3,48.8,84.4,487.5,0.0,82888.6,2527,1,0.22,18248.11
Phoenix,AZ,Condo,3,70.0,53.1,0.0,149.7,10210.3,1338,2,0.13,1321.09
Los Angeles,CA,Condo,7,76.1,84.0,0.0,332.1,20878.1,1340,1,0.264,5517.47
Phoenix,AZ,House,4,77.9,87.7,0.0,385.7,71321.6,3359,3,0.13,9281.61
Chicago,IL,House,3,41.5,46.0,706.0,0.0,129112.0,2750,1,0.14,18060.05
Chicago,IL,Large House,1,28.2,86.2,1103.4,0.0,420052.9,4998,3,0.154,64670.85
Houston,TX,House,11,69.8,81.3,0.0,142.5,23920.1,2795,2,0.12,2854.04
Houston,TX,Townhouse,10,75.3,60.7,0.0,308.2,23303.1,1461,2,0.12,2782.77
Miami,FL,Condo,2,65.4,50.6,0.0,13.2,2088.3,1403,1,0.121,269.65
Houston,TX,Apartment,2,68.5,34.8,0.0,104.5,4147.7,818,1,0.132,566.8
Boston,MA,Large House,12,35.3,79.5,891.3,0.0,267933.1,3925,6,0.231,61897.51
Atlanta,GA,Large House,11,58.9,34.7,182.3,0.0,61128.4,4044,6,0.13,7964.01
New York,NY,House,11,48.3,65.0,502.3,0.0,53294.3,1572,2,0.18,9585.36
Chicago,IL,Large House,5,60.8,37.8,127.0,0.0,40719.7,3710,6,0.14,5711.09
Houston,TX,Large House,8,95.2,46.2,0.0,906.2,246577.9,4425,5,0.144,35504.74
Atlanta,GA,Apartment,5,63.1,46.9,55.6,0.0,3913.3,1040,2,0.13,488.91
New York,NY,Large House,3,42.3,82.7,680.1,0.0,162208.1,3106,1,0.18,29208.57
Atlanta,GA,Large House,4,54.5,46.3,315.7,0.0,82804.0,3302,5,0.13,10759.61
Denver,CO,Apartment,2,52.4,57.9,378.9,0.0,18454.7,925,1,0.132,2452.64
Los Angeles,CA,Large House,8,75.3,68.5,0.0,307.8,94911.7,4808,3,0.264,25056.31
Los Angeles,CA,Large House,9,69.3,84.4,0.0,129.3,38368.1,4271,1,0.22,8423.22
Miami,FL,House,6,85.3,88.5,0.0,610.0,108911.4,3310,3,0.132,14358.31
Chicago,IL,House,11,40.8,34.1,725.2,0.0,160449.7,3321,4,0.14,22461.26
Miami,FL,Condo,11,68.6,42.6,0.0,107.7,8147.0,1425,2,0.11,901.26
Seattle,WA,Apartment,2,48.9,36.7,482.8,0.0,26395.2,1052,2,0.11,2912.05
Chicago,IL,Apartment,9,69.7,44.5,0.0,140.0,5805.3,878,1,0.14,827.9
Phoenix,AZ,Large House,3,67.7,77.8,0.0,80.0,20678.1,3321,5,0.13,2686.88
Los Angeles,CA,House,7,71.2,52.3,0.0,184.9,32957.3,3089,1,0.264,8682.72
New York,NY,Large House,3,39.3,63.1,770.7,0.0,184851.5,3122,4,0.18,33269.34
Miami,FL,House,2,69.9,49.9,0.0,145.6,23963.5,2746,3,0.121,2881.3
Phoenix,AZ,Apartment,11,74.1,34.3,0.0,273.6,8708.8,735,1,0.13,1132.01
Houston,TX,House,3,66.7,80.2,0.0,51.1,12158.4,3132,4,0.12,1440.14
Houston,TX,Townhouse,10,76.2,76.3,0.0,336.3,32824.4,1910,1,0.12,3921.9
New York,NY,Apartment,10,53.7,81.7,337.6,0.0,19765.6,1112,1,0.18,3577.16
Phoenix,AZ,Large House,7,93.8,35.8,0.0,865.2,169776.9,3192,2,0.156,26478.25
Denver,CO,Apartment,8,69.6,65.4,0.0,137.0,6162.5,976,1,0.144,904.89
Phoenix,AZ,Townhouse,11,71.1,66.5,0.0,183.4,17658.4,1794,1,0.13,2312.34
Houston,TX,Large House,11,68.5,73.5,0.0,105.0,27656.1,3619,3,0.12,3320.61
Los Angeles,CA,Large House,7,78.3,83.5,0.0,398.1,95330.0,3786,2,0.264,25149.01
Houston,TX,House,4,75.7,82.2,0.0,319.7,40978.7,2300,2,0.12,4911.2
New York,NY,Large House,2,33.9,79.7,931.6,0.0,261573.7,3678,1,0.198,51809.21
Boston,MA,House,9,71.7,61.6,0.0,201.3,22699.0,1963,1,0.21,4758.41
Phoenix,AZ,House,5,86.6,56.9,0.0,648.8,116829.6,3346,3,0.13,15170.52
New York,NY,Condo,7,77.1,86.3,0.0,362.9,21074.7,1238,2,0.216,4549.91
Los Angeles,CA,Townhouse,9,66.8,52.4,0.0,52.8,6365.8,1809,1,0.22,1384.38
Seattle,WA,Townhouse,4,58.7,46.5,189.8,0.0,25120.6,2000,4,0.1,2494.69
Miami,FL,Large House,11,71.3,81.4,0.0,187.9,48648.7,3845,4,0.11,5364.01
Boston,MA,Condo,6,77.5,40.2,0.0,374.3,18652.1,1062,2,0.252,4713.93
Chicago,IL,Townhouse,1,24.9,88.6,1203.5,0.0,148968.7,2032,2,0.154,22957.36
Los Angeles,CA,Condo,3,49.8,66.9,455.4,0.0,40772.9,1563,3,0.22,8979.92
Miami,FL,Apartment,2,68.4,70.3,0.0,101.5,2778.0,548,1,0.121,320.78
Chicago,IL,Large House,1,26.0,37.3,1169.2,0.0,278686.9,3126,5,0.154,42930.82
Phoenix,AZ,Large House,11,71.7,85.6,0.0,200.2,64271.3,4858,1,0.13,8347.1
Miami,FL,Apartment,2,68.9,80.3,0.0,116.0,2842.0,506,1,0.121,351.2
Chicago,IL,Townhouse,10,59.5,64.7,164.2,0.0,13817.0,1265,1,0.14,1946.16
Boston,MA,Large House,8,73.4,87.3,0.0,252.9,65201.7,3948,4,0.252,16447.42
Boston,MA,Large House,4,55.9,57.7,271.5,0.0,105115.4,4871,1,0.21,22084.86
Boston,MA,Large House,3,42.9,70.8,664.2,0.0,161529.9,3150,6,0.21,33925.42
New York,NY,Apartment,7,83.5,53.6,0.0,554.9,23706.2,1025,2,0.216,5120.52
Houston,TX,Townhouse,6,92.3,41.4,0.0,819.9,76004.0,1877,2,0.144,10945.1
Boston,MA,Condo,2,35.7,51.9,878.8,0.0,43907.8,889,1,0.231,10129.91
Denver,CO,House,8,73.1,87.2,0.0,242.3,28462.6,2061,3,0.144,4118.61
Los Angeles,CA,Condo,3,55.7,52.4,278.0,0.0,21901.1,1349,1,0.22,4806.35
Denver,CO,Condo,4,59.2,32.1,173.2,0.0,10900.2,1041,1,0.12,1305.25
Denver,CO,Townhouse,7,74.4,47.8,0.0,282.6,27937.5,1899,3,0.144,4014.51
Denver,CO,Apartment,12,48.2,66.3,502.8,0.0,15869.3,611,1,0.132,2112.04
Atlanta,GA,Apartment,9,68.2,71.9,0.0,95.6,3546.3,760,1,0.13,459.09
Los Angeles,CA,Apartment,6,69.2,30.8,0.0,126.5,4028.6,666,1,0.264,1081.87
Seattle,WA,Apartment,4,56.0,78.0,268.9,0.0,10010.0,691,1,0.1,1014.65
Chicago,IL,Condo,4,55.4,88.9,287.2,0.0,20082.3,1196,1,0.14,2819.98
Atlanta,GA,House,10,65.0,77.4,0.1,0.0,2977.4,2775,1,0.13,386.05
Seattle,WA,House,2,50.0,57.5,448.8,0.0,95248.9,3134,5,0.11,10474.96
Seattle,WA,Large House,8,72.8,54.1,0.0,234.2,62276.2,4073,1,0.12,7483.46
Los Angeles,CA,House,9,71.6,51.8,0.0,199.2,21403.5,1855,2,0.22,4690.93
Houston,TX,Condo,2,60.7,73.6,128.0,0.0,7493.1,941,1,0.132,1001.55
Los Angeles,CA,Large House,8,78.6,66.4,0.0,407.4,124501.3,4821,6,0.264,32854.49
Houston,TX,Apartment,7,95.3,87.8,0.0,909.5,36782.4,986,1,0.144,5298.83
Phoenix,AZ,Condo,7,94.3,79.5,0.0,880.5,51688.1,1299,2,0.156,8054.53
Miami,FL,Townhouse,9,83.1,31.0,0.0,543.9,42396.3,1556,3,0.11,4673.05
Denver,CO,House,4,54.1,46.0,328.1,0.0,55229.1,2462,1,0.12,6646.44
Denver,CO,House,8,75.9,61.6,0.0,327.2,31276.3,1707,3,0.144,4508.11
Chicago,IL,House,9,73.7,38.7,0.0,261.8,46021.7,3134,1,0.14,6443.27
Houston,TX,Large House,11,71.9,83.2,0.0,207.3,56796.0,4152,1,0.12,6804.08
Denver,CO,House,5,62.2,34.8,85.2,0.0,12177.7,1825,1,0.12,1469.61
Seattle,WA,Apartment,1,47.2,61.6,532.8,0.0,30244.3,1101,1,0.11,3326.36
Seattle,WA,Townhouse,4,61.0,72.2,120.9,0.0,15408.1,1821,3,0.1,1537.92
Boston,MA,Condo,3,47.0,39.7,541.4,0.0,37989.9,1231,2,0.21,7988.73
Boston,MA,Condo,1,32.2,79.2,982.7,0.0,48908.3,889,1,0.231,11283.28
Atlanta,GA,Townhouse,4,63.0,57.5,60.7,0.0,7009.1,1489,1,0.13,927.18
Seattle,WA,Condo,12,46.4,58.8,559.2,0.0,41263.1,1296,2,0.11,4546.83
Denver,CO,House,1,43.8,89.4,634.8,0.0,119272.5,2812,3,0.132,15727.16
New York,NY,House,7,81.2,66.8,0.0,487.3,61002.1,2305,1,0.216,13162.2
Phoenix,AZ,Townhouse,2,68.7,30.4,0.0,111.3,9123.3,1407,2,0.143,1287.68
Phoenix,AZ,Large House,1,57.7,83.0,218.5,0.0,68007.0,3823,5,0.143,9739.62
Miami,FL,Apartment,4,79.4,70.9,0.0,431.3,20999.5,1156,2,0.11,2296.81
Houston,TX,House,6,93.0,80.3,0.0,839.1,69197.3,1544,2,0.144,9950.57
Chicago,IL,House,1,27.8,46.4,1115.5,0.0,257060.9,3492,2,0.154,39595.43
Chicago,IL,Townhouse,1,28.2,87.1,1105.0,0.0,106962.4,1584,3,0.154,16476.01
Phoenix,AZ,Townhouse,9,82.5,38.7,0.0,526.3,44832.6,1694,3,0.13,5827.08
Los Angeles,CA,Apartment,12,45.1,74.5,598.3,0.0,25759.2,836,1,0.242,6251.4
Los Angeles,CA,Townhouse,9,71.1,70.4,0.0,183.1,15739.4,1594,2,0.22,3443.58
Denver,CO,House,12,45.2,81.2,595.2,0.0,82021.5,2059,1,0.132,10832.55
New York,NY,House,6,71.6,64.7,0.0,197.6,28913.8,2507,4,0.216,6260.0
Atlanta,GA,Condo,2,48.7,48.6,489.0,0.0,31035.7,1111,1,0.143,4446.75
New York,NY,Townhouse,4,51.9,49.4,392.7,0.0,39743.1,1610,2,0.18,7136.75
Seattle,WA,Apartment,1,47.1,39.1,537.5,0.0,32099.1,1155,1,0.11,3549.81
Seattle,WA,House,10,61.2,38.1,114.0,0.0,23590.2,2767,2,0.1,2350.14
Los Angeles,CA,House,9,73.5,61.4,0.0,254.7,40837.2,2846,1,0.22,8985.68
Seattle,WA,Townhouse,12,45.8,47.9,575.4,0.0,66561.4,1865,3,0.11,7328.03
Los Angeles,CA,Apartment,10,62.4,75.0,78.5,0.0,3531.2,727,1,0.22,796.33
Chicago,IL,Condo,12,32.3,30.7,981.4,0.0,72581.4,1320,2,0.154,11169.87
Boston,MA,Apartment,9,70.6,43.6,0.0,167.8,6852.3,896,1,0.21,1429.13
Denver,CO,Apartment,9,72.1,61.2,0.0,213.9,8740.7,917,1,0.12,1038.14
Miami,FL,House,2,64.7,65.2,9.9,0.0,3844.2,2076,2,0.121,468.98
Chicago,IL,Apartment,3,39.3,50.1,771.2,0.0,33308.4,843,1,0.14,4671.95
Phoenix,AZ,Apartment,3,69.0,40.7,0.0,120.9,5397.1,934,1,0.13,698.66
Miami,FL,House,7,95.4,75.1,0.0,912.8,150443.6,3101,1,0.132,19844.64
Denver,CO,Townhouse,5,67.3,72.9,0.0,70.2,5644.4,1270,1,0.12,658.49
Miami,FL,Apartment,3,73.6,50.1,0.0,258.4,10020.0,884,1,0.11,1092.37
Chicago,IL,House,12,34.5,33.9,916.3,0.0,146269.3,2413,1,0.154,22542.17
Chicago,IL,Large House,9,66.9,55.9,0.0,57.1,19027.8,3966,4,0.14,2644.75
Atlanta,GA,Apartment,12,51.3,71.6,411.5,0.0,25739.8,1198,2,0.143,3661.9
Los Angeles,CA,Large House,6,73.3,53.1,0.0,250.1,76752.7,4702,3,0.264,20277.38
Boston,MA,Condo,9,65.3,42.5,0.0,8.3,1201.9,909,1,0.21,254.75
Seattle,WA,Condo,7,71.8,49.1,0.0,202.6,12138.3,1233,1,0.12,1458.38
Atlanta,GA,Large House,8,77.6,50.8,0.0,377.0,87870.4,3674,2,0.156,13707.34
New York,NY,Townhouse,7,76.8,87.5,0.0,355.1,24480.0,1342,2,0.216,5299.66
Atlanta,GA,Apartment,12,49.1,55.6,478.1,0.0,26184.0,1054,1,0.143,3748.13
Seattle,WA,Condo,10,62.7,49.6,70.4,0.0,7302.8,1502,1,0.1,740.21
Seattle,WA,Apartment,4,56.2,36.1,262.7,0.0,12597.7,891,1,0.1,1240.06
Boston,MA,Townhouse,11,46.9,37.4,544.2,0.0,62471.7,1850,3,0.21,13099.42
Seattle,WA,Large House,9,65.4,71.6,0.0,10.9,9120.9,4594,4,0.1,925.85
Miami,FL,House,2,67.9,49.8,0.0,85.9,12652.8,2241,3,0.121,1538.6
Atlanta,GA,Townhouse,8,77.9,80.8,0.0,388.1,32135.7,1626,2,0.156,4995.69
Phoenix,AZ,Townhouse,8,92.2,72.0,0.0,815.8,69424.1,1722,2,0.156,10839.42
Atlanta,GA,Townhouse,2,48.5,80.6,494.8,0.0,56030.4,1816,3,0.143,8016.21
New York,NY,Townhouse,7,82.2,53.4,0.0,516.4,31554.8,1218,1,0.216,6812.07
Chicago,IL,Townhouse,12,30.3,51.9,1040.1,0.0,82385.9,1299,1,0.154,12687.8
New York,NY,Condo,4,51.8,59.0,397.1,0.0,18282.3,800,1,0.18,3297.39
Seattle,WA,Large House,11,56.3,55.5,260.5,0.0,86315.8,4136,4,0.1,8613.84
New York,NY,Large House,11,40.1,69.3,747.7,0.0,283236.4,4941,1,0.18,50987.11
Seattle,WA,House,3,54.7,61.6,309.0,0.0,39526.7,1860,2,0.1,3946.32
Boston,MA,Apartment,4,58.9,77.6,183.5,0.0,7640.4,764,1,0.21,1616.76
Los Angeles,CA,Apartment,1,48.2,87.9,505.0,0.0,19232.8,738,1,0.242,4669.65
Houston,TX,Condo,11,68.4,59.3,0.0,103.3,6267.1,1115,2,0.12,734.4
Houston,TX,House,9,84.1,67.4,0.0,572.6,107119.4,3461,3,0.12,12871.9
Denver,CO,House,12,51.3,69.1,409.5,0.0,53421.7,1919,2,0.132,7040.96
Los Angeles,CA,Apartment,6,70.2,77.5,0.0,155.6,4624.5,640,1,0.264,1215.01
New York,NY,House,5,62.3,87.6,81.8,0.0,12643.3,1933,3,0.18,2258.23
Seattle,WA,Large House,7,72.8,38.4,0.0,232.8,57203.1,3757,1,0.12,6866.69
Boston,MA,Condo,6,78.2,44.9,0.0,395.0,22229.0,1216,1,0.252,5614.0
Chicago,IL,Condo,5,60.9,58.4,122.6,0.0,12226.4,1593,1,0.14,1719.84
Seattle,WA,House,4,57.8,47.5,214.9,0.0,26291.1,1730,3,0.1,2611.75
Miami,FL,Condo,2,67.9,64.8,0.0,87.7,7863.6,1584,3,0.121,964.26
Atlanta,GA,Condo,7,70.4,41.4,0.0,161.8,6589.8,807,1,0.156,1022.85
Los Angeles,CA,Condo,2,49.3,64.1,471.0,0.0,22165.0,824,1,0.242,5365.57
Seattle,WA,Condo,6,67.0,43.5,0.0,60.1,5221.6,1409,2,0.12,625.48
Miami,FL,House,8,88.5,86.9,0.0,704.8,80173.7,2117,3,0.132,10587.23
Phoenix,AZ,Condo,3,67.1,76.5,0.0,62.5,4399.8,1175,2,0.13,553.11
Houston,TX,Apartment,3,68.0,37.9,0.0,90.0,2523.7,565,1,0.12,319.78
Phoenix,AZ,Townhouse,5,78.4,72.9,0.0,401.4,25486.5,1258,1,0.13,3303.44
Phoenix,AZ,Condo,3,70.7,82.3,0.0,170.4,10040.7,1172,2,0.13,1321.32
Chicago,IL,Apartment,8,72.8,36.3,0.0,233.5,8336.8,809,1,0.168,1395.98
Atlanta,GA,House,9,74.8,68.3,0.0,295.1,52983.0,3213,2,0.13,6880.72
Denver,CO,Apartment,3,56.1,56.0,268.2,0.0,15580.6,1085,1,0.12,1883.99
New York,NY,Apartment,12,35.3,62.5,889.6,0.0,49579.7,1093,1,0.198,9799.43
Chicago,IL,Apartment,6,75.5,83.2,0.0,313.9,8052.4,588,1,0.168,1371.32
Phoenix,AZ,Townhouse,1,60.2,71.2,144.7,0.0,12246.2,1263,1,0.143,1734.81
Chicago,IL,Condo,3,40.0,88.1,750.3,0.0,64602.7,1529,2,0.14,9042.07
Phoenix,AZ,Townhouse,11,69.6,32.1,0.0,137.7,14439.9,1848,3,0.13,1877.34
Houston,TX,Townhouse,8,88.8,67.3,0.0,714.0,57893.5,1634,3,0.144,8345.07
Houston,TX,Condo,6,87.8,47.8,0.0,682.6,31194.6,1004,2,0.144,4497.64
Boston,MA,Apartment,7,76.4,50.6,0.0,342.4,11566.9,794,1,0.252,2931.29
Seattle,WA,Condo,7,73.4,60.2,0.0,252.8,10166.8,840,1,0.12,1214.21
Denver,CO,Large House,6,67.0,84.1,0.0,59.5,20656.8,4170,5,0.144,2977.23
New York,NY,Condo,5,66.8,45.1,0.0,55.2,4515.0,1283,2,0.18,815.79
Denver,CO,Townhouse,4,60.6,78.9,132.3,0.0,17381.8,1921,3,0.12,2100.36
Los Angeles,CA,Condo,1,41.4,80.2,706.5,0.0,53475.8,1345,1,0.242,12928.59
Seattle,WA,Apartment,11,50.4,86.7,438.2,0.0,22020.8,963,1,0.1,2205.07
Houston,TX,Apartment,11,73.9,69.7,0.0,268.1,6210.3,530,1,0.12,757.83
Houston,TX,Apartment,3,74.3,38.5,0.0,279.6,11449.1,947,1,0.12,1353.95
New York,NY,House,5,65.5,69.7,0.0,13.9,6202.8,3141,5,0.18,1099.52
New York,NY,Townhouse,5,60.4,77.0,138.9,0.0,16436.4,1735,2,0.18,2970.9
New York,NY,Apartment,9,68.1,61.1,0.0,93.2,4155.6,889,1,0.18,740.59
Houston,TX,Large House,4,72.6,82.6,0.0,226.7,73787.7,4948,4,0.12,8844.16
Atlanta,GA,Condo,7,75.7,46.1,0.0,321.9,16533.3,1082,2,0.156,2576.43
Miami,FL,Large House,3,68.0,63.5,0.0,90.2,20452.8,3030,3,0.11,2248.51
Houston,TX,Condo,6,87.1,69.7,0.0,662.6,38399.0,1274,1,0.144,5511.74
Boston,MA,House,3,40.6,42.6,730.7,0.0,114238.9,2350,2,0.21,23994.25
Seattle,WA,House,3,50.4,32.0,438.0,0.0,71721.5,2425,2,0.1,7157.57
New York,NY,Apartment,9,68.8,86.2,0.0,112.7,4301.7,791,1,0.18,760.73
Chicago,IL,House,3,42.1,65.6,686.2,0.0,132292.4,2891,3,0.14,18503.47
Denver,CO,Townhouse,9,73.2,85.8,0.0,246.7,21836.6,1682,3,0.12,2602.51
Miami,FL,Condo,9,91.9,54.3,0.0,807.0,44060.5,1205,2,0.11,4827.14
Houston,TX,House,11,70.4,79.0,0.0,162.7,30507.7,3175,2,0.12,3673.82
Denver,CO,Apartment,4,61.8,72.6,95.7,0.0,5243.5,918,1,0.12,632.29
Phoenix,AZ,House,12,59.9,41.6,153.5,0.0,24958.2,2256,1,0.143,3570.07
Chicago,IL,Condo,11,49.7,66.7,457.9,0.0,37481.0,1430,2,0.14,5228.8
Denver,CO,Condo,5,60.5,38.4,134.5,0.0,7110.2,849,1,0.12,842.49
Phoenix,AZ,Townhouse,2,67.9,56.4,0.0,88.4,7950.9,1477,2,0.143,1130.53
Atlanta,GA,Townhouse,2,45.3,60.9,591.8,0.0,62871.3,1713,3,0.143,8992.26
Denver,CO,Large House,12,47.9,41.6,514.2,0.0,180255.5,4532,1,0.132,23797.67
Phoenix,AZ,Townhouse,12,63.8,51.3,37.3,0.0,5742.1,1739,1,0.143,839.55
Miami,FL,Condo,10,82.6,86.6,0.0,529.2,21026.2,867,1,0.11,2329.5
New York,NY,Apartment,4,58.2,88.1,203.2,0.0,6146.2,552,1,0.18,1102.71
Chicago,IL,House,9,73.5,87.7,0.0,256.1,35546.7,2470,1,0.14,4991.87
Los Angeles,CA,Townhouse,9,71.3,42.5,0.0,188.8,20015.7,1991,1,0.22,4418.13
Chicago,IL,Large House,6,77.7,57.9,0.0,379.6,98529.3,4074,6,0.168,16571.31
Seattle,WA,Apartment,5,61.4,38.2,107.6,0.0,6382.6,1015,1,0.1,644.21
Boston,MA,Townhouse,1,29.9,47.6,1053.7,0.0,105665.5,1643,1,0.231,24427.81
Los Angeles,CA,Large House,9,71.7,53.4,0.0,202.4,54314.2,4058,1,0.22,11956.69
Los Angeles,CA,Condo,2,51.9,46.5,394.2,0.0,31689.1,1399,1,0.242,7666.7
Houston,TX,Apartment,8,94.0,62.9,0.0,870.1,27065.0,758,1,0.144,3885.53
Seattle,WA,Townhouse,7,70.6,88.2,0.0,168.2,18697.6,2057,1,0.12,2251.31
Los Angeles,CA,Condo,8,75.2,58.3,0.0,305.9,18353.9,1267,2,0.264,4860.14
Denver,CO,Large House,9,67.2,66.0,0.0,66.1,21154.3,4042,2,0.12,2524.32
New York,NY,Townhouse,10,61.6,37.1,103.4,0.0,9661.9,1303,2,0.18,1751.27
Seattle,WA,Condo,4,58.3,83.9,200.4,0.0,12461.2,1042,1,0.1,1242.17
Chicago,IL,Large House,1,27.5,85.3,1124.3,0.0,262978.2,3071,2,0.154,40504.32
New York,NY,Large House,11,47.3,89.0,532.4,0.0,145012.6,3520,1,0.18,26090.09
Boston,MA,Townhouse,6,78.4,32.1,0.0,401.4,31882.3,1575,1,0.252,8028.36
Chicago,IL,Apartment,6,77.5,41.8,0.0,376.1,15804.1,989,1,0.168,2668.15
Chicago,IL,House,4,49.0,88.1,479.3,0.0,101565.4,3133,6,0.14,14219.35
Houston,TX,House,2,64.1,45.6,27.2,0.0,9862.2,3221,6,0.132,1292.82
Seattle,WA,Apartment,3,53.5,59.3,346.1,0.0,21008.1,1145,2,0.1,2107.35
Los Angeles,CA,Condo,4,59.8,88.8,154.6,0.0,9500.3,994,1,0.22,2072.13
Atlanta,GA,Large House,3,50.7,44.4,428.5,0.0,147271.2,4390,6,0.13,19164.65
Phoenix,AZ,Apartment,3,67.1,33.0,0.0,63.0,2079.4,596,1,0.13,250.91
Phoenix,AZ,Apartment,3,65.7,83.5,0.0,21.6,1724.4,970,1,0.13,208.23
Denver,CO,Large House,4,55.2,86.2,294.2,0.0,81736.5,3502,2,0.12,9814.85
Houston,TX,Apartment,12,64.2,85.5,24.9,0.0,2057.7,988,1,0.132,256.09
Phoenix,AZ,Condo,8,92.5,50.3,0.0,825.4,45855.1,1225,2,0.156,7152.5
Chicago,IL,Apartment,12,32.1,81.9,987.4,0.0,38140.3,760,1,0.154,5859.17
Phoenix,AZ,Condo,2,66.5,37.3,0.0,45.3,2428.4,823,1,0.143,330.03
New York,NY,House,5,69.5,41.2,0.0,135.0,17688.0,2158,3,0.18,3186.76
Los Angeles,CA,Condo,5,60.2,35.8,142.7,0.0,9481.1,1059,2,0.22,2098.4
Miami,FL,Condo,8,88.2,60.7,0.0,695.3,25347.1,802,1,0.132,3358.21
Houston,TX,Condo,11,73.5,80.4,0.0,255.9,12630.4,1028,1,0.12,1534.64
Boston,MA,Apartment,10,54.0,47.9,328.9,0.0,18477.5,1064,2,0.21,3888.01
Los Angeles,CA,House,1,48.1,49.0,507.0,0.0,59589.5,1749,1,0.242,14404.31
Chicago,IL,Apartment,6,79.0,45.8,0.0,418.9,15617.1,883,1,0.168,2613.66
New York,NY,Large House,8,72.1,36.1,0.0,213.9,45864.6,3252,2,0.216,9908.98
New York,NY,Townhouse,2,35.9,33.9,873.9,0.0,69776.4,1306,1,0.198,13800.63
Atlanta,GA,Apartment,7,77.1,38.2,0.0,362.2,9607.8,621,1,0.156,1515.28
Boston,MA,Townhouse,7,78.4,31.5,0.0,401.7,42537.1,2080,4,0.252,10730.65
Los Angeles,CA,House,4,62.8,71.7,67.0,0.0,16669.1,2978,5,0.22,3656.62
Miami,FL,House,5,82.4,56.4,0.0,522.5,75836.8,2680,1,0.11,8341.55
Boston,MA,House,2,31.1,61.3,1017.0,0.0,145060.6,2154,3,0.231,33499.11
Chicago,IL,Condo,12,33.9,44.0,933.8,0.0,56074.9,1068,2,0.154,8653.13
Los Angeles,CA,Townhouse,9,69.2,65.2,0.0,126.1,12988.9,1809,3,0.22,2876.51
Chicago,IL,House,4,49.5,39.0,464.4,0.0,63110.9,2015,2,0.14,8848.04
Denver,CO,Condo,5,67.1,50.8,0.0,61.7,2972.0,820,1,0.12,367.33
Denver,CO,Apartment,1,42.4,42.3,678.5,0.0,19882.7,569,1,0.132,2615.91
Boston,MA,Apartment,6,72.4,86.9,0.0,222.5,11594.3,1175,1,0.252,2925.17
Atlanta,GA,House,8,75.1,41.4,0.0,304.4,55990.0,3301,2,0.156,8737.2
Chicago,IL,Large House,2,34.7,60.6,907.8,0.0,342687.3,4935,5,0.154,52775.21
New York,NY,House,4,51.3,64.3,411.3,0.0,87220.0,3123,3,0.18,15711.07
Denver,CO,Townhouse,11,51.1,53.7,416.3,0.0,43463.5,1658,3,0.12,5225.9
Denver,CO,House,12,48.8,79.0,484.6,0.0,79904.1,2444,3,0.132,10531.07
Miami,FL,Townhouse,3,74.5,67.7,0.0,283.6,30897.4,2110,2,0.11,3417.12
Miami,FL,Townhouse,8,94.1,39.4,0.0,872.6,71816.7,1666,3,0.132,9495.0
Miami,FL,Condo,7,95.1,73.2,0.0,903.0,65168.9,1596,3,0.132,8604.45
Seattle,WA,Townhouse,4,60.5,44.8,134.4,0.0,14081.8,1520,3,0.1,1389.45
Denver,CO,House,8,76.0,39.8,0.0,328.8,43111.5,2345,4,0.144,6198.81
Phoenix,AZ,Apartment,2,66.3,88.0,0.0,39.5,2113.4,879,1,0.143,310.32
New York,NY,House,4,53.0,33.1,360.0,0.0,82063.8,3333,4,0.18,14777.31
Chicago,IL,House,3,41.5,30.7,703.7,0.0,95324.3,2029,3,0.14,13363.6
Seattle,WA,House,5,63.5,55.9,43.9,0.0,8828.3,2246,1,0.1,869.03
Miami,FL,Condo,7,93.7,51.9,0.0,862.3,58178.2,1492,2,0.132,7677.29
Miami,FL,House,7,92.1,36.7,0.0,814.2,144988.9,3323,6,0.132,19152.0
New York,NY,Townhouse,7,80.9,50.8,0.0,475.9,49321.3,2059,3,0.216,10663.38
Phoenix,AZ,Apartment,8,92.3,65.7,0.0,818.1,26390.4,784,1,0.156,4103.22
Boston,MA,Apartment,8,78.1,42.9,0.0,391.8,19426.1,1169,2,0.252,4901.51
Chicago,IL,Townhouse,3,39.5,84.1,764.8,0.0,65706.9,1399,2,0.14,9206.5
Denver,CO,Large House,1,44.7,32.2,608.6,0.0,150639.6,3198,6,0.132,19885.43
Los Angeles,CA,Apartment,9,70.4,65.0,0.0,163.1,7031.5,941,1,0.22,1564.12
Miami,FL,Townhouse,4,80.4,60.0,0.0,462.4,34616.1,1483,2,0.11,3793.12
Denver,CO,Townhouse,1,47.6,45.8,522.6,0.0,65692.5,2028,2,0.132,8666.13
Denver,CO,House,1,45.7,78.7,579.8,0.0,78171.8,2015,1,0.132,10317.14
Chicago,IL,Condo,12,29.0,85.0,1079.4,0.0,60028.6,996,1,0.154,9240.98
Chicago,IL,Condo,4,49.3,51.8,472.2,0.0,30152.6,1112,2,0.14,4230.49
Houston,TX,Large House,12,61.3,88.0,109.7,0.0,40837.2,4260,5,0.132,5397.7
Boston,MA,Condo,11,43.3,61.5,652.1,0.0,54234.8,1474,1,0.21,11405.43
Chicago,IL,Large House,11,49.3,66.1,469.8,0.0,172024.7,4702,5,0.14,24093.38
Los Angeles,CA,Townhouse,9,68.2,66.9,0.0,97.0,9859.2,1749,1,0.22,2162.7
Boston,MA,Townhouse,7,82.5,82.7,0.0,523.7,39467.4,1508,1,0.252,9927.87
Seattle,WA,Condo,7,70.4,78.3,0.0,161.4,8997.8,1100,2,0.12,1071.48
Chicago,IL,Large House,11,49.3,62.5,471.9,0.0,113658.6,3091,3,0.14,15896.55
Chicago,IL,Large House,5,62.7,55.3,69.0,0.0,31746.0,4850,6,0.14,4450.79
Boston,MA,Large House,10,57.1,85.8,236.9,0.0,91554.2,4808,2,0.21,19237.74
Los Angeles,CA,Condo,1,44.3,30.7,621.0,0.0,35316.7,1003,2,0.242,8530.99
Los Angeles,CA,House,10,57.2,49.9,233.6,0.0,43642.5,2657,4,0.22,9615.15
Boston,MA,Condo,2,34.3,59.3,920.5,0.0,42259.8,820,1,0.231,9751.13
Seattle,WA,Condo,3,51.9,46.9,394.2,0.0,25697.9,1125,2,0.1,2550.16
Chicago,IL,Condo,3,39.2,71.9,773.9,0.0,38123.9,875,1,0.14,5342.0
Los Angeles,CA,Large House,7,78.8,30.9,0.0,414.2,101471.6,3887,1,0.264,26771.71
Atlanta,GA,Townhouse,8,69.9,54.7,0.0,146.6,11108.8,1363,2,0.156,1733.28
Phoenix,AZ,Townhouse,12,66.3,64.0,0.0,37.8,5829.6,2014,2,0.143,840.08
New York,NY,Townhouse,4,49.1,43.3,477.2,0.0,57854.7,1947,2,0.18,10405.28
Chicago,IL,Condo,1,23.7,33.0,1240.2,0.0,104218.7,1503,3,0.154,16053.01
Houston,TX,Townhouse,6,83.7,43.5,0.0,561.5,45347.8,1615,2,0.144,6543.61
Chicago,IL,House,8,80.5,80.3,0.0,465.9,81317.9,3200,3,0.168,13670.69
Atlanta,GA,House,3,51.4,63.0,407.8,0.0,59232.2,2149,1,0.13,7708.76
Chicago,IL,House,2,35.7,57.2,878.3,0.0,125181.2,2149,2,0.154,19292.26
Chicago,IL,Condo,7,75.1,90.0,0.0,303.5,14432.7,1004,2,0.168,2427.18
Houston,TX,Large House,4,72.0,59.5,0.0,211.1,51893.3,3694,5,0.12,6238.32
Chicago,IL,Townhouse,11,41.9,57.2,693.6,0.0,65205.1,1528,1,0.14,9117.18
Phoenix,AZ,Condo,2,69.3,82.5,0.0,130.5,10569.2,1568,1,0.143,1517.46
Miami,FL,House,10,75.9,87.7,0.0,327.5,56893.3,3122,4,0.11,6240.69
Boston,MA,Large House,10,57.5,43.2,225.4,0.0,73214.6,3998,5,0.21,15361.93
Boston,MA,Large House,2,33.8,48.3,936.4,0.0,230485.3,3225,1,0.231,53259.61
Seattle,WA,Townhouse,4,59.5,82.0,163.7,0.0,13063.4,1209,1,0.1,1307.83
Seattle,WA,Townhouse,11,50.6,48.2,433.1,0.0,36991.5,1366,1,0.1,3704.82
Chicago,IL,Condo,5,62.6,61.3,71.5,0.0,6348.2,1276,1,0.14,880.59
Miami,FL,Apartment,2,64.8,47.7,5.2,0.0,752.3,705,1,0.121,95.65
Chicago,IL,Apartment,1,31.9,71.4,991.5,0.0,52627.7,1040,2,0.154,8120.15
Miami,FL,Condo,2,61.6,66.4,102.0,0.0,9040.3,1383,1,0.121,1088.87
Houston,TX,Apartment,1,64.4,85.6,18.4,0.0,1084.8,628,1,0.132,142.76
Miami,FL,Large House,4,75.9,68.6,0.0,327.9,90078.2,4290,3,0.11,9924.1
Denver,CO,House,3,54.4,40.3,317.8,0.0,33520.2,1526,3,0.12,4022.21
Houston,TX,Townhouse,9,87.7,61.2,0.0,681.1,47837.0,1418,1,0.12,5726.07
Denver,CO,Large House,1,43.5,35.7,644.3,0.0,161256.5,3244,4,0.132,21276.96
Miami,FL,Apartment,4,81.0,83.1,0.0,478.8,23305.5,1160,1,0.11,2577.39
Denver,CO,Apartment,6,70.3,48.7,0.0,158.2,6903.6,968,1,0.144,1013.71
Seattle,WA,Large House,1,40.3,42.6,742.2,0.0,184280.3,3237,2,0.11,20285.37
Los Angeles,CA,Large House,8,75.7,56.6,0.0,321.3,92125.3,4493,1,0.264,24325.97
Phoenix,AZ,Townhouse,1,62.6,50.1,73.1,0.0,9735.2,1772,3,0.143,1404.23
Chicago,IL,Apartment,10,55.1,35.5,297.9,0.0,11284.8,709,1,0.14,1580.68
Phoenix,AZ,Large House,3,65.2,72.7,0.0,5.1,6919.3,4200,4,0.13,881.73
Denver,CO,House,4,56.0,38.3,268.5,0.0,60585.9,3245,5,0.12,7280.9
Houston,TX,Townhouse,4,75.9,81.0,0.0,325.9,30486.0,1819,3,0.12,3652.34
Houston,TX,Large House,2,64.7,84.9,8.0,0.0,7158.0,3702,3,0.132,956.43
Atlanta,GA,Large House,6,74.1,51.2,0.0,272.3,87414.3,4962,3,0.156,13650.32
Houston,TX,Townhouse,1,63.9,45.1,31.6,0.0,4877.4,1646,2,0.132,646.81
New York,NY,House,11,48.7,44.9,488.5,0.0,105797.0,3214,3,0.18,19046.2
New York,NY,Condo,3,44.7,44.1,608.3,0.0,34151.9,990,1,0.18,6163.05
New York,NY,Condo,3,42.3,88.4,682.4,0.0,55791.4,1449,1,0.18,10041.4
New York,NY,Condo,11,40.3,68.1,740.9,0.0,64840.0,1554,2,0.18,11668.14
Los Angeles,CA,Apartment,9,73.8,78.6,0.0,263.7,9086.4,794,1,0.22,2002.35
Boston,MA,House,11,43.4,83.6,648.8,0.0,122158.4,2816,4,0.21,25648.97
Boston,MA,House,4,56.3,38.7,260.6,0.0,61504.1,3392,4,0.21,12909.24
Boston,MA,Condo,3,45.1,46.0,596.0,0.0,44814.9,1327,1,0.21,9406.96
Los Angeles,CA,House,12,49.4,63.3,468.6,0.0,66413.3,2103,2,0.242,16090.12
Denver,CO,House,10,62.8,35.0,65.6,0.0,17588.3,3308,1,0.12,2125.78
Los Angeles,CA,House,5,66.0,72.8,0.0,30.5,6102.0,2153,3,0.22,1347.96
Boston,MA,Apartment,1,32.2,40.4,984.9,0.0,37925.9,757,1,0.231,8774.73
Chicago,IL,Large House,7,74.7,82.9,0.0,290.6,66905.1,3586,1,0.168,11238.92
New York,NY,Condo,9,70.8,34.3,0.0,173.3,12033.0,1408,1,0.18,2173.8
Seattle,WA,Townhouse,10,61.3,49.6,110.5,0.0,9299.1,1221,1,0.1,931.01
Atlanta,GA,House,3,47.7,31.8,518.4,0.0,94229.0,2708,2,0.13,12233.1
Miami,FL,Townhouse,5,84.6,75.2,0.0,587.3,35498.6,1211,2,0.11,3904.29
New York,NY,Condo,9,65.0,79.0,0.7,0.0,923.8,887,1,0.18,170.32
New York,NY,House,10,53.4,52.2,347.2,0.0,44298.7,1873,1,0.18,7973.11
Seattle,WA,Condo,4,60.6,54.1,132.1,0.0,6915.3,825,1,0.1,703.43
New York,NY,House,3,45.2,66.2,594.5,0.0,91316.0,2290,4,0.18,16438.21
Miami,FL,Large House,6,89.5,86.4,0.0,735.2,152866.6,3354,6,0.132,20173.17
Atlanta,GA,Townhouse,7,79.4,62.2,0.0,432.5,30994.2,1418,2,0.156,4820.45
Houston,TX,Townhouse,10,83.0,38.6,0.0,539.6,33962.2,1258,1,0.12,4078.85
Chicago,IL,House,4,51.5,63.7,403.6,0.0,90158.6,3295,3,0.14,12606.66
New York,NY,Townhouse,5,68.7,84.6,0.0,109.8,10005.7,1545,3,0.18,1781.46
Atlanta,GA,Condo,11,56.8,40.1,244.6,0.0,18313.2,1264,2,0.13,2380.69
Seattle,WA,House,12,49.9,41.7,453.1,0.0,79382.4,2600,1,0.11,8739.6
Boston,MA,Apartment,1,27.6,31.3,1122.6,0.0,55705.7,975,1,0.231,12860.96
New York,NY,Condo,7,75.3,42.1,0.0,310.2,16301.7,1110,2,0.216,3517.65
Phoenix,AZ,Condo,1,66.2,53.7,0.0,34.7,2507.9,955,1,0.143,361.57
Seattle,WA,House,6,72.9,48.0,0.0,237.2,34546.1,2569,1,0.12,4153.26
Boston,MA,House,12,30.3,72.4,1040.4,0.0,156699.9,2278,2,0.231,36194.0
Houston,TX,House,9,83.2,87.9,0.0,545.9,98884.4,3346,4,0.12,11856.56
Miami,FL,Large House,8,90.8,73.3,0.0,774.6,192202.8,4017,4,0.132,25360.87
Phoenix,AZ,Large House,6,87.0,86.6,0.0,658.8,198636.2,4873,1,0.156,30973.92
Los Angeles,CA,Large House,11,49.9,69.6,453.9,0.0,173122.4,4908,1,0.22,38105.75
Chicago,IL,Large House,3,42.6,67.8,673.5,0.0,204202.2,3932,6,0.14,28578.65
Denver,CO,Apartment,12,46.8,85.2,545.6,0.0,21721.6,772,1,0.132,2855.22
Houston,TX,Large House,6,83.5,67.5,0.0,556.1,160355.3,4613,6,0.144,23086.62
Chicago,IL,House,4,57.7,45.9,219.4,0.0,50152.8,3232,6,0.14,7014.07
New York,NY,Condo,12,33.2,80.8,952.8,0.0,75802.2,1420,2,0.198,15021.57
Chicago,IL,Apartment,2,30.8,86.9,1024.5,0.0,29961.8,575,1,0.154,4610.83
Miami,FL,Condo,11,75.3,68.5,0.0,309.6,15279.0,1041,2,0.11,1699.73
Seattle,WA,Apartment,2,48.3,47.0,500.6,0.0,21938.7,842,1,0.11,2423.7
Houston,TX,Large House,5,82.2,34.5,0.0,515.8,97119.0,3019,1,0.12,11668.18
Los Angeles,CA,Condo,5,63.2,54.7,53.1,0.0,3233.2,821,1,0.22,719.37
Los Angeles,CA,Large House,9,67.9,42.1,0.0,86.9,24949.6,3796,4,0.22,5487.13
Houston,TX,Apartment,1,61.4,31.5,108.6,0.0,5951.8,949,1,0.132,767.24
Boston,MA,House,4,51.5,64.7,406.0,0.0,77730.7,2821,3,0.21,16314.25
Phoenix,AZ,Apartment,3,69.8,79.9,0.0,144.0,6613.0,992,1,0.13,840.25
Boston,MA,Condo,1,26.3,84.1,1160.7,0.0,92440.8,1428,1,0.231,21333.85
Atlanta,GA,Large House,8,72.4,86.0,0.0,222.2,68741.6,4701,3,0.156,10738.5
New York,NY,Apartment,5,66.8,57.6,0.0,55.1,3124.2,986,1,0.18,546.31
Chicago,IL,Large House,1,23.3,46.5,1250.2,0.0,394803.9,4150,4,0.154,60815.0
Seattle,WA,Condo,9,65.4,30.5,0.0,10.6,1701.1,1228,1,0.1,154.24
Houston,TX,Townhouse,11,74.6,56.9,0.0,289.5,27600.0,1849,1,0.12,3293.81
Miami,FL,House,1,61.1,77.2,117.6,0.0,22823.0,2542,5,0.121,2773.6
Los Angeles,CA,Large House,7,73.1,36.4,0.0,243.5,52745.9,3287,5,0.264,13915.42
Phoenix,AZ,House,10,78.6,64.8,0.0,407.9,35029.8,1559,3,0.13,4560.37
Los Angeles,CA,Large House,4,57.8,72.3,215.7,0.0,73003.8,4170,3,0.22,16054.6
Denver,CO,Large House,4,56.8,72.0,247.4,0.0,67315.1,3388,3,0.12,8071.69
Boston,MA,Large House,7,79.4,64.9,0.0,433.2,94707.9,3480,1,0.252,23867.13
Atlanta,GA,Large House,11,54.1,73.4,326.2,0.0,96841.8,3749,4,0.13,12604.9
Boston,MA,Condo,8,79.3,66.8,0.0,428.5,29987.7,1504,3,0.252,7557.73
New York,NY,Large House,6,75.0,89.4,0.0,299.4,87385.7,4513,6,0.216,18861.04
Seattle,WA,Condo,12,47.3,63.1,532.3,0.0,44160.3,1455,2,0.11,4867.59
Denver,CO,Apartment,2,52.3,69.0,381.7,0.0,11078.1,552,1,0.132,1474.31
Chicago,IL,House,5,60.0,38.8,148.6,0.0,19217.5,1753,3,0.14,2685.08
Houston,TX,Townhouse,10,81.4,76.3,0.0,490.8,50820.2,2058,3,0.12,6106.26
Houston,TX,Townhouse,3,72.3,56.9,0.0,217.9,18309.8,1585,1,0.12,2203.75
Denver,CO,Condo,8,73.4,71.7,0.0,250.9,14380.1,1205,1,0.144,2056.54
New York,NY,Large House,2,31.7,69.2,998.6,0.0,365399.7,4791,6,0.198,72345.27
Los Angeles,CA,Apartment,10,63.1,49.6,57.3,0.0,3938.7,1051,1,0.22,848.92
Seattle,WA,Large House,10,58.8,38.3,185.8,0.0,53597.1,3486,6,0.1,5359.32
Houston,TX,House,12,66.2,87.8,0.0,36.4,6749.1,2196,3,0.132,893.4
Boston,MA,Condo,2,34.7,31.4,909.0,0.0,44470.8,871,1,0.231,10287.62
Chicago,IL,Condo,2,36.5,59.3,853.6,0.0,57683.9,1203,1,0.154,8888.39
Atlanta,GA,Large House,4,54.3,57.0,321.5,0.0,105018.8,4121,5,0.13,13643.6
New York,NY,Large House,12,32.0,49.2,991.5,0.0,279334.0,3687,5,0.198,55295.54
Chicago,IL,House,7,75.5,73.6,0.0,315.7,31497.9,1784,2,0.168,5301.34
Seattle,WA,Condo,10,59.8,69.7,156.8,0.0,7860.9,817,1,0.1,774.52
Atlanta,GA,Apartment,3,47.1,79.4,537.2,0.0,18135.5,651,1,0.13,2339.82
Seattle,WA,Apartment,10,59.9,57.5,154.3,0.0,6007.9,700,1,0.1,615.34
Seattle,WA,Apartment,3,49.0,35.5,479.4,0.0,18425.0,739,1,0.1,1836.23
Phoenix,AZ,Large House,8,92.9,70.9,0.0,836.5,191233.7,3719,1,0.156,29822.11
Denver,CO,Townhouse,9,66.5,31.3,0.0,45.3,5901.9,1788,2,0.12,723.84
Boston,MA,Apartment,4,57.7,75.6,219.9,0.0,7697.4,645,1,0.21,1633.52
New York,NY,Large House,1,24.0,48.5,1228.6,0.0,449274.5,4810,2,0.198,88948.01
Houston,TX,Large House,1,60.3,81.0,141.3,0.0,52448.6,4438,1,0.132,6938.94
Denver,CO,Condo,4,61.1,55.4,116.0,0.0,10969.5,1508,1,0.12,1320.87
Los Angeles,CA,Condo,9,71.5,62.0,0.0,195.6,8328.0,872,1,0.22,1827.66
Miami,FL,Large House,1,57.5,33.4,224.3,0.0,64073.1,3505,6,0.121,7769.37
Atlanta,GA,Large House,2,45.8,63.5,574.8,0.0,192334.8,4336,2,0.143,27508.99
New York,NY,House,6,70.4,70.4,0.0,163.4,22161.1,2310,1,0.216,4779.23
Chicago,IL,House,8,75.0,32.3,0.0,301.1,31310.1,1868,1,0.168,5261.95
Boston,MA,House,3,46.2,68.4,563.6,0.0,94016.9,2485,3,0.21,19739.12
Atlanta,GA,House,12,44.1,73.7,627.6,0.0,67762.9,1613,2,0.143,9675.1
Denver,CO,Apartment,12,43.1,85.3,657.4,0.0,34531.9,1022,1,0.132,4543.61
Houston,TX,House,10,82.4,44.7,0.0,522.8,97706.9,3437,5,0.12,11710.18
New York,NY,Townhouse,7,74.2,57.4,0.0,276.9,23457.8,1615,3,0.216,5079.35
Chicago,IL,House,8,75.5,40.6,0.0,315.8,38121.3,2149,4,0.168,6418.33
Denver,CO,Apartment,6,74.0,53.8,0.0,269.7,8668.8,748,1,0.144,1228.97
Phoenix,AZ,House,11,74.3,49.9,0.0,277.7,52795.7,3408,1,0.13,6844.36
Atlanta,GA,Large House,6,72.2,77.8,0.0,217.3,43001.1,3006,1,0.156,6694.95
Phoenix,AZ,House,3,69.2,57.3,0.0,125.3,18474.5,2420,1,0.13,2415.6
Miami,FL,Large House,4,79.4,50.0,0.0,431.4,133231.2,4888,6,0.11,14650.2
Boston,MA,Condo,4,51.6,45.1,402.0,0.0,32240.0,1393,2,0.21,6761.72
Miami,FL,Large House,10,83.6,72.5,0.0,557.3,111475.7,3196,5,0.11,12277.6
Phoenix,AZ,House,6,88.3,55.4,0.0,699.8,63450.0,1683,3,0.156,9893.34
Los Angeles,CA,House,1,41.8,63.6,694.6,0.0,144560.9,3124,2,0.242,34987.31
Phoenix,AZ,Large House,10,83.3,66.7,0.0,548.5,136760.5,3990,5,0.13,17793.8
Boston,MA,Condo,7,80.9,51.4,0.0,477.5,34767.5,1583,1,0.252,8746.91
Denver,CO,Apartment,11,57.6,35.8,221.9,0.0,12432.1,1042,1,0.12,1498.34
New York,NY,Condo,6,69.1,37.6,0.0,123.5,6210.8,952,1,0.216,1351.68
Denver,CO,Large House,1,46.7,64.4,548.9,0.0,152543.0,3593,2,0.132,20137.37
Denver,CO,Condo,6,69.8,69.4,0.0,143.1,7717.1,1042,2,0.144,1129.46
Denver,CO,Townhouse,11,49.7,34.0,458.8,0.0,35402.3,1237,2,0.12,4234.33
Los Angeles,CA,House,9,72.2,70.4,0.0,215.4,32422.1,2593,5,0.22,7130.24
Chicago,IL,House,7,80.1,58.6,0.0,453.4,84739.3,3419,4,0.168,14221.79
Houston,TX,Condo,9,91.7,54.0,0.0,801.8,39698.0,1094,2,0.12,4766.47
Miami,FL,Townhouse,10,84.2,57.5,0.0,576.9,55851.5,1944,2,0.11,6162.12
Los Angeles,CA,House,1,46.4,48.6,556.9,0.0,78731.0,2103,3,0.242,19047.45
Houston,TX,House,2,68.5,71.2,0.0,106.5,13748.9,2027,3,0.132,1831.4
Denver,CO,Condo,2,43.9,71.1,631.6,0.0,36860.5,1034,1,0.132,4860.67
Boston,MA,Apartment,5,69.1,53.6,0.0,124.4,6356.9,1097,1,0.21,1354.53
Boston,MA,Condo,7,83.4,60.7,0.0,552.0,21904.6,863,1,0.252,5502.79
Phoenix,AZ,Apartment,11,66.3,82.7,0.0,40.0,2311.2,935,1,0.13,311.04
Phoenix,AZ,Townhouse,6,88.0,40.3,0.0,690.8,44640.2,1305,1,0.156,6983.08
Atlanta,GA,Townhouse,3,48.1,55.4,507.0,0.0,66566.9,2115,1,0.13,8666.0
Phoenix,AZ,Large House,8,88.7,74.8,0.0,710.9,147089.2,3332,6,0.156,22938.54
Atlanta,GA,Townhouse,8,74.5,67.3,0.0,285.4,22504.5,1507,3,0.156,3529.69
Houston,TX,House,6,90.7,43.4,0.0,771.6,111306.8,2689,5,0.144,16030.27
Houston,TX,Large House,9,86.9,53.8,0.0,656.6,129838.6,3181,5,0.12,15590.44
Miami,FL,House,9,88.7,38.2,0.0,710.4,126570.4,3315,5,0.11,13935.42
Phoenix,AZ,House,7,91.7,49.8,0.0,801.7,109678.9,2563,1,0.156,17107.61
Los Angeles,CA,Condo,2,47.2,55.4,534.5,0.0,34496.0,1131,2,0.242,8366.25
Los Angeles,CA,Condo,11,53.3,67.0,350.0,0.0,25216.3,1244,1,0.22,5551.19
Phoenix,AZ,House,11,73.9,38.1,0.0,266.4,51553.3,3446,2,0.13,6708.6
Seattle,WA,Large House,10,64.7,60.0,8.6,0.0,8389.7,4196,5,0.1,843.94
Denver,CO,Large House,4,60.2,53.8,144.7,0.0,53188.9,4381,2,0.12,6371.05
Atlanta,GA,House,1,49.4,59.6,467.5,0.0,51676.3,1637,2,0.143,7397.11
Atlanta,GA,Large House,11,55.6,34.5,282.5,0.0,88715.5,3938,4,0.13,11538.19
Miami,FL,Large House,6,86.9,45.8,0.0,657.8,180819.5,4426,5,0.132,23883.89
Boston,MA,House,5,62.8,79.8,65.6,0.0,9181.4,1672,3,0.21,1923.31
New York,NY,Townhouse,4,50.4,65.9,439.4,0.0,60163.3,2186,3,0.18,10814.79
Boston,MA,House,10,53.9,69.4,332.9,0.0,66992.8,2933,4,0.21,14066.69
Los Angeles,CA,Large House,7,78.2,82.9,0.0,394.5,89215.5,3571,3,0.264,23559.19
Los Angeles,CA,House,10,66.8,45.5,0.0,54.4,6676.8,1656,2,0.22,1474.46
Atlanta,GA,Townhouse,6,67.7,72.6,0.0,79.8,9042.2,1858,1,0.156,1394.58
New York,NY,Townhouse,6,77.6,33.0,0.0,377.5,38635.8,2004,3,0.216,8341.97
Denver,CO,Large House,8,77.0,30.3,0.0,360.8,113778.2,4970,2,0.144,16386.56
Chicago,IL,Apartment,6,71.3,53.5,0.0,189.8,7754.5,918,1,0.168,1313.61
Boston,MA,House,3,45.7,56.6,579.0,0.0,118302.3,3040,5,0.21,24829.86
Denver,CO,Large House,3,49.4,31.2,466.6,0.0,177782.7,4895,4,0.12,21344.07
Boston,MA,Condo,6,73.4,76.2,0.0,252.0,13296.9,1106,1,0.252,3368.11
Denver,CO,Apartment,7,79.3,46.7,0.0,429.5,18352.7,1019,1,0.144,2643.54
Chicago,IL,House,8,79.6,75.3,0.0,436.9,46322.3,1946,1,0.168,7797.2
Chicago,IL,House,9,65.9,62.7,0.0,26.8,7062.0,2737,3,0.14,975.08
Chicago,IL,House,6,71.7,71.6,0.0,201.8,29235.0,2526,1,0.168,4893.77
Miami,FL,Large House,1,66.3,68.3,0.0,38.8,17415.0,4695,6,0.121,2104.32
Phoenix,AZ,House,1,62.5,63.3,75.0,0.0,13873.4,2265,3,0.143,1977.43
Phoenix,AZ,Apartment,8,87.8,68.1,0.0,684.0,32735.3,1160,1,0.156,5119.68
Denver,CO,Large House,4,61.4,61.5,107.2,0.0,30771.2,3294,2,0.12,3691.74
New York,NY,Large House,3,38.2,46.1,804.1,0.0,203170.9,3292,5,0.18,36561.04
Boston,MA,House,6,76.9,44.9,0.0,357.7,55744.6,2806,5,0.252,14058.79
Houston,TX,Townhouse,9,85.4,64.9,0.0,612.4,53817.0,1764,2,0.12,6454.44
Denver,CO,Apartment,4,60.5,71.4,134.8,0.0,7674.8,1015,1,0.12,929.15
Los Angeles,CA,Large House,7,75.0,72.7,0.0,299.9,90322.3,4657,6,0.264,23843.16
Denver,CO,Condo,4,56.8,61.1,246.2,0.0,17041.1,1164,2,0.12,2060.07
Chicago,IL,Large House,3,37.1,53.9,837.4,0.0,216321.8,3370,4,0.14,30290.29
Boston,MA,House,8,72.3,78.8,0.0,220.0,31474.6,2494,2,0.252,7934.75
Denver,CO,Townhouse,1,40.4,38.4,738.3,0.0,75400.4,1661,2,0.132,9936.42
New York,NY,Townhouse,7,77.9,44.7,0.0,386.2,39338.7,2003,2,0.216,8480.67
Miami,FL,Townhouse,7,87.7,73.9,0.0,681.8,43039.6,1272,1,0.132,5695.69
Chicago,IL,Condo,9,70.8,41.4,0.0,173.0,12721.0,1468,2,0.14,1771.35
Los Angeles,CA,Large House,5,68.6,68.7,0.0,107.4,36526.2,4668,5,0.22,8042.71
Los Angeles,CA,Apartment,9,73.4,30.4,0.0,252.1,9263.2,839,1,0.22,2021.6
Chicago,IL,Apartment,11,45.7,54.6,579.2,0.0,34522.3,1159,1,0.14,4850.11
Chicago,IL,Apartment,2,34.4,49.5,917.0,0.0,49786.9,1062,2,0.154,7666.17
Houston,TX,Apartment,10,79.1,58.3,0.0,423.0,18399.3,1033,1,0.12,2195.45
New York,NY,Apartment,7,82.5,55.1,0.0,525.3,18489.5,846,1,0.216,3983.76
Miami,FL,Townhouse,12,61.3,30.0,112.1,0.0,9484.1,1207,2,0.121,1147.84
Miami,FL,Townhouse,11,72.8,35.8,0.0,235.3,15083.2,1208,2,0.11,1646.43
Atlanta,GA,House,3,52.8,43.6,366.5,0.0,84853.8,3401,2,0.13,11040.88
Seattle,WA,House,2,45.7,34.5,578.4,0.0,100977.9,2604,3,0.11,11093.18
Phoenix,AZ,Condo,1,60.9,70.3,121.7,0.0,11414.8,1474,2,0.143,1627.68
Phoenix,AZ,Apartment,1,61.6,70.1,100.7,0.0,3637.4,601,1,0.143,536.57
Atlanta,GA,Large House,12,45.4,52.5,586.7,0.0,169701.7,3748,2,0.143,24250.84
Phoenix,AZ,Apartment,9,85.8,72.0,0.0,624.8,19699.8,757,1,0.13,2571.64
Miami,FL,House,3,68.0,57.2,0.0,89.4,11069.7,1877,3,0.11,1205.17
Denver,CO,Large House,2,51.4,67.9,407.9,0.0,148691.2,4650,6,0.132,19611.37
Phoenix,AZ,Townhouse,11,69.8,65.5,0.0,144.0,13822.9,1735,1,0.13,1811.99
New York,NY,House,6,75.9,64.7,0.0,327.5,29358.3,1612,2,0.216,6356.2
Chicago,IL,Condo,2,31.1,59.6,1016.2,0.0,72046.3,1266,1,0.154,11109.16
Los Angeles,CA,Large House,10,64.1,34.0,27.9,0.0,11319.1,3409,1,0.22,2496.96
Seattle,WA,Large House,5,67.8,89.5,0.0,83.8,20964.3,3256,4,0.1,2093.91
Denver,CO,Large House,2,46.2,83.8,565.0,0.0,218075.7,4996,2,0.132,28794.9
Miami,FL,House,3,70.5,79.7,0.0,165.0,23780.1,2453,2,0.11,2624.81
Phoenix,AZ,Apartment,12,62.8,78.4,66.0,0.0,3459.5,811,1,0.143,495.08
Chicago,IL,House,8,74.9,34.2,0.0,296.8,27031.3,1618,3,0.168,4548.39
Los Angeles,CA,House,5,60.2,85.2,142.9,0.0,17320.8,1648,3,0.22,3825.94
Atlanta,GA,Large House,2,49.6,43.3,461.7,0.0,119389.3,3309,5,0.143,17083.45
Chicago,IL,Large House,1,29.6,66.4,1061.5,0.0,391987.7,4839,6,0.154,60366.53
Los Angeles,CA,Condo,5,66.5,32.5,0.0,44.3,3789.9,1297,1,0.22,833.38
Houston,TX,Large House,12,62.9,50.7,63.8,0.0,29898.1,4891,4,0.132,3941.52
Boston,MA,House,8,80.7,82.0,0.0,471.8,39878.8,1551,1,0.252,10048.7
Atlanta,GA,Large House,2,52.4,44.2,378.2,0.0,107068.6,3608,2,0.143,15317.77
New York,NY,Townhouse,4,51.1,52.5,416.2,0.0,31700.3,1214,1,0.18,5724.84
Los Angeles,CA,Townhouse,7,79.2,51.0,0.0,425.5,44342.7,2055,4,0.264,11711.92
Denver,CO,Large House,9,66.8,59.3,0.0,55.2,22633.8,4828,6,0.12,2725.7
Chicago,IL,Townhouse,12,28.6,52.6,1090.7,0.0,114332.3,1717,3,0.154,17594.98
Phoenix,AZ,Townhouse,6,87.0,76.6,0.0,658.5,54476.2,1659,3,0.156,8488.18
Phoenix,AZ,Apartment,9,87.0,89.2,0.0,659.0,16101.1,587,1,0.13,2084.1
Denver,CO,Condo,8,74.9,84.2,0.0,297.9,17706.5,1251,2,0.144,2537.17
Chicago,IL,House,11,40.8,65.5,725.1,0.0,159522.8,3310,1,0.14,22328.21
Miami,FL,Large House,6,89.3,42.3,0.0,729.2,180155.9,3991,5,0.132,23799.71
Los Angeles,CA,Large House,4,61.7,31.8,99.8,0.0,31891.5,3653,1,0.22,7032.52
Seattle,WA,Townhouse,1,44.7,42.2,609.7,0.0,65476.4,1740,1,0.11,7199.98
Los Angeles,CA,Condo,6,67.5,88.1,0.0,75.8,4167.5,966,1,0.264,1115.62
Miami,FL,Condo,12,61.6,50.6,102.3,0.0,10193.9,1526,3,0.121,1238.79
Boston,MA,Condo,5,63.5,42.2,46.3,0.0,3935.3,1078,2,0.21,831.54
Boston,MA,Large House,12,34.6,35.4,911.7,0.0,315022.9,4522,2,0.231,72771.0
Atlanta,GA,Condo,4,56.7,64.4,249.8,0.0,19105.7,1294,1,0.13,2487.75
Denver,CO,House,11,52.8,31.5,366.1,0.0,53804.9,2158,1,0.12,6440.01
Miami,FL,Townhouse,9,85.5,34.9,0.0,616.2,66440.0,2157,4,0.11,7289.56
Miami,FL,Townhouse,6,91.0,62.6,0.0,780.5,67845.8,1765,1,0.132,8973.97
New York,NY,House,7,77.6,80.9,0.0,376.6,58806.8,2840,1,0.216,12701.61
Chicago,IL,Apartment,4,49.4,77.7,468.0,0.0,23037.7,946,1,0.14,3239.55
Denver,CO,Apartment,1,47.2,66.2,533.8,0.0,25749.6,935,1,0.132,3400.14
Houston,TX,House,10,75.1,70.8,0.0,304.0,49661.7,2937,1,0.12,5959.38
Denver,CO,House,3,52.8,78.7,367.1,0.0,79646.6,3196,1,0.12,9537.86
Atlanta,GA,Apartment,7,74.2,32.5,0.0,275.7,9965.7,838,1,0.156,1553.91
Los Angeles,CA,Townhouse,4,61.9,31.9,93.1,0.0,10330.7,1538,2,0.22,2265.96
Boston,MA,Apartment,8,72.1,69.6,0.0,213.0,5288.8,560,1,0.252,1325.87
Miami,FL,Apartment,11,75.4,64.7,0.0,312.8,8315.5,611,1,0.11,896.98
Miami,FL,Condo,10,76.4,37.9,0.0,343.4,22891.9,1420,2,0.11,2508.7
Houston,TX,Condo,5,83.9,42.6,0.0,565.9,36822.6,1423,1,0.12,4402.06
Chicago,IL,Townhouse,4,50.4,60.9,437.7,0.0,54970.5,2014,1,0.14,7683.98
New York,NY,Condo,7,76.4,38.4,0.0,341.7,23087.0,1444,1,0.216,4983.7
Atlanta,GA,Apartment,5,68.5,45.8,0.0,104.3,5988.9,1164,2,0.13,784.74
Houston,TX,Apartment,10,76.2,31.8,0.0,336.3,16509.9,1148,1,0.12,1997.56
Denver,CO,Apartment,12,46.2,52.9,564.2,0.0,31277.3,1071,2,0.132,4122.18
Houston,TX,Townhouse,11,73.3,51.0,0.0,248.7,24245.6,1866,1,0.12,2909.96
Houston,TX,House,1,63.8,60.4,36.3,0.0,10763.1,3099,1,0.132,1402.57
Houston,TX,House,2,62.1,72.3,86.2,0.0,12977.1,1919,2,0.132,1709.84
Miami,FL,Apartment,4,72.0,86.5,0.0,209.3,7027.8,749,1,0.11,768.86
Boston,MA,Large House,5,66.8,57.1,0.0,54.1,21784.0,4776,3,0.21,4571.14
Chicago,IL,Townhouse,4,51.7,69.0,399.8,0.0,30442.1,1213,1,0.14,4273.27
New York,NY,Condo,8,81.2,54.1,0.0,487.4,23375.8,1041,1,0.216,5034.39
Boston,MA,Condo,11,40.3,41.1,742.2,0.0,55600.0,1329,2,0.21,11656.56
Atlanta,GA,House,6,66.0,41.2,0.0,31.1,4504.9,1666,1,0.156,707.98
Phoenix,AZ,Apartment,10,78.5,58.1,0.0,405.6,18806.6,1089,2,0.13,2447.59
Miami,FL,House,5,80.5,88.3,0.0,466.5,85310.9,3338,6,0.11,9390.58
Boston,MA,Apartment,4,50.6,65.6,431.7,0.0,12200.6,538,1,0.21,2553.79
Chicago,IL,Condo,2,34.4,43.1,919.1,0.0,52442.0,1017,2,0.154,8065.78
Houston,TX,Apartment,1,59.9,85.1,153.2,0.0,9955.0,1162,1,0.132,1309.08
Houston,TX,Apartment,3,71.8,64.9,0.0,204.8,10153.3,1110,1,0.12,1218.02
Chicago,IL,Apartment,3,40.6,33.0,733.3,0.0,19800.3,524,1,0.14,2758.93
Miami,FL,House,10,80.1,55.9,0.0,453.4,47704.6,1933,1,0.11,5233.99
Los Angeles,CA,Townhouse,4,55.8,43.9,275.6,0.0,30730.9,1739,2,0.22,6741.07
Houston,TX,Townhouse,10,84.4,54.8,0.0,583.1,47183.7,1629,1,0.12,5671.47
Boston,MA,House,4,50.9,38.2,424.1,0.0,98207.1,3405,6,0.21,20627.77
Seattle,WA,House,5,59.9,86.9,153.4,0.0,29472.3,2625,5,0.1,2933.08
New York,NY,Condo,8,78.2,48.6,0.0,394.8,21650.5,1171,2,0.216,4666.45
Phoenix,AZ,Apartment,2,67.0,48.5,0.0,59.7,2551.4,740,1,0.143,359.56
Houston,TX,House,2,62.6,87.7,73.3,0.0,15410.1,2553,5,0.132,2049.58
New York,NY,Large House,12,35.6,81.5,881.0,0.0,289036.0,4285,5,0.198,57225.6
Houston,TX,Large House,1,62.5,50.1,76.5,0.0,24214.3,3374,6,0.132,3206.67
New York,NY,Townhouse,11,42.7,63.3,669.9,0.0,53481.9,1292,2,0.18,9621.13
Los Angeles,CA,Townhouse,6,68.6,85.1,0.0,108.5,11290.9,1781,2,0.264,2968.34
Chicago,IL,Apartment,9,66.4,52.0,0.0,41.7,2411.6,974,1,0.14,344.3
Denver,CO,Large House,9,72.9,70.0,0.0,236.9,55336.7,3572,2,0.12,6631.01
Chicago,IL,Apartment,7,83.1,63.1,0.0,541.6,24509.6,1089,1,0.168,4122.73
Houston,TX,House,3,71.9,56.0,0.0,205.5,21210.6,1792,2,0.12,2542.43
Miami,FL,House,2,66.6,37.7,0.0,47.0,8415.5,2247,4,0.121,1007.44
Miami,FL,Apartment,8,88.8,71.3,0.0,714.2,18707.1,635,1,0.132,2486.47
Chicago,IL,House,1,28.8,45.9,1086.3,0.0,238337.3,3320,3,0.154,36695.08
Los Angeles,CA,House,4,57.0,55.1,239.6,0.0,35892.3,2145,2,0.22,7914.08
Boston,MA,Apartment,7,74.0,74.4,0.0,271.4,11905.3,1001,2,0.252,2995.56
Chicago,IL,Large House,8,72.5,73.5,0.0,226.4,73078.6,4877,6,0.168,12287.48
Los Angeles,CA,Apartment,7,78.9,38.7,0.0,417.3,14083.5,803,1,0.264,3735.91
Denver,CO,House,10,66.4,33.7,0.0,41.1,9465.9,2772,5,0.12,1153.31
Los Angeles,CA,Townhouse,9,71.4,48.6,0.0,190.7,15639.3,1507,3,0.22,3453.87
Phoenix,AZ,Apartment,12,61.8,73.0,96.8,0.0,3402.2,569,1,0.143,490.45
New York,NY,House,10,59.9,40.9,154.0,0.0,18610.7,1668,1,0.18,3348.89
Chicago,IL,Large House,6,75.9,63.5,0.0,326.3,97621.7,4685,2,0.168,16401.13
Chicago,IL,Condo,11,44.8,55.8,605.1,0.0,47830.6,1394,2,0.14,6704.61
Atlanta,GA,Townhouse,11,51.2,63.4,412.8,0.0,54825.1,2110,4,0.13,7133.67
Miami,FL,Townhouse,10,84.3,83.5,0.0,577.7,56010.6,1941,2,0.11,6171.97
Atlanta,GA,House,12,49.2,83.9,475.3,0.0,56720.6,1768,2,0.143,8108.79
Seattle,WA,Condo,4,55.6,56.7,281.5,0.0,21351.9,1289,2,0.1,2145.9
Boston,MA,Condo,3,39.3,33.9,769.7,0.0,51797.9,1194,1,0.21,10886.84
Houston,TX,House,5,83.9,38.0,0.0,567.6,49096.6,1597,2,0.12,5896.79
Chicago,IL,Large House,3,37.3,48.4,831.3,0.0,315191.0,4944,6,0.14,44146.26
Miami,FL,Large House,7,95.4,35.3,0.0,913.3,189624.3,3371,6,0.132,25041.64
Phoenix,AZ,Townhouse,10,82.3,44.4,0.0,517.7,55463.6,2142,1,0.13,7201.69
Los Angeles,CA,Townhouse,3,52.2,50.6,383.8,0.0,31088.9,1283,2,0.22,6857.85
Miami,FL,Apartment,5,79.2,86.0,0.0,425.3,12966.0,724,1,0.11,1408.53
Seattle,WA,Large House,10,60.5,33.6,135.4,0.0,37107.5,3259,1,0.1,3721.79
Miami,FL,Large House,5,84.8,69.5,0.0,594.3,167975.8,4539,5,0.11,18496.95
Houston,TX,Townhouse,10,80.2,51.2,0.0,455.1,34174.8,1490,1,0.12,4116.35
Chicago,IL,House,1,27.5,68.8,1126.2,0.0,175221.3,2358,1,0.154,26975.09
Boston,MA,House,5,64.0,66.8,31.3,0.0,5638.3,1792,1,0.21,1197.49
New York,NY,Condo,3,38.8,47.0,785.3,0.0,49526.6,1119,1,0.18,8932.85
Boston,MA,Large House,12,35.6,74.9,881.1,0.0,308419.3,4578,2,0.231,71229.06
New York,NY,Apartment,6,72.1,67.3,0.0,214.3,6243.6,666,1,0.216,1329.57
Chicago,IL,House,2,35.4,63.8,887.9,0.0,146263.0,2485,2,0.154,22540.78
Chicago,IL,House,1,25.7,89.5,1178.7,0.0,219294.6,2816,5,0.154,33756.06
Atlanta,GA,Large House,8,78.8,78.9,0.0,415.3,85556.8,3251,4,0.156,13340.66
Seattle,WA,Apartment,6,70.2,62.6,0.0,156.8,6565.7,917,1,0.12,807.39
Seattle,WA,Townhouse,11,56.6,52.5,252.2,0.0,19816.6,1218,2,0.1,1992.28
Seattle,WA,Condo,9,68.9,79.1,0.0,115.9,7058.2,1158,1,0.1,714.69
Phoenix,AZ,Large House,3,73.0,61.7,0.0,241.0,65893.1,4144,6,0.13,8564.91
Los Angeles,CA,Apartment,12,44.3,76.2,620.0,0.0,22488.2,706,1,0.242,5426.83
Houston,TX,Apartment,2,67.5,56.2,0.0,73.6,2570.4,644,1,0.132,332.09
Boston,MA,Large House,4,56.5,64.0,256.3,0.0,99449.5,4837,5,0.21,20898.33
Boston,MA,Large House,12,30.4,73.9,1038.3,0.0,251778.8,3183,1,0.231,58159.9
Atlanta,GA,Apartment,7,77.2,39.6,0.0,364.8,8897.3,572,1,0.156,1385.55
Seattle,WA,Townhouse,5,65.0,75.6,0.7,0.0,2237.0,2067,1,0.1,216.51
Boston,MA,House,12,30.9,30.7,1022.7,0.0,191081.5,2828,1,0.231,44125.98
New York,NY,Apartment,6,74.6,42.9,0.0,287.4,9923.4,791,1,0.216,2134.69
Denver,CO,Large House,11,53.4,45.9,347.0,0.0,100578.2,3690,1,0.12,12052.37
Denver,CO,Large House,3,53.5,73.1,345.4,0.0,99646.2,3647,5,0.12,11951.6
Chicago,IL,House,4,51.5,75.9,406.4,0.0,67378.5,2441,2,0.14,9428.33
Los Angeles,CA,House,8,74.1,32.7,0.0,273.7,42954.4,2765,5,0.264,11328.32
Los Angeles,CA,Apartment,1,41.1,48.9,717.7,0.0,33356.3,906,1,0.242,8081.73
Miami,FL,Apartment,8,88.6,70.3,0.0,706.6,26608.2,912,1,0.132,3512.53
Los Angeles,CA,House,10,66.4,44.5,0.0,41.9,5549.2,1621,2,0.22,1223.08
Los Angeles,CA,Apartment,10,57.5,36.5,226.2,0.0,8361.8,686,1,0.22,1848.44
Atlanta,GA,Condo,2,48.5,82.8,493.6,0.0,42330.2,1502,2,0.143,6069.37
Denver,CO,Large House,5,60.9,61.3,122.1,0.0,41665.6,3947,5,0.12,5006.74
Phoenix,AZ,House,10,85.0,68.1,0.0,599.4,49312.5,1522,3,0.13,6407.72
Houston,TX,Condo,9,91.2,75.7,0.0,785.9,54897.2,1544,1,0.12,6576.05
Chicago,IL,Condo,4,53.6,49.6,342.5,0.0,23415.4,1182,1,0.14,3263.59
New York,NY,Townhouse,10,52.3,33.9,381.6,0.0,32093.2,1335,2,0.18,5793.35
Denver,CO,House,3,53.2,51.6,355.0,0.0,38751.3,1594,2,0.12,4661.79
Boston,MA,House,8,79.7,57.9,0.0,441.2,83123.5,3430,6,0.252,20947.29
Los Angeles,CA,Condo,1,48.2,60.2,504.8,0.0,38168.2,1324,2,0.242,9221.95
New York,NY,House,12,29.3,50.1,1071.0,0.0,167711.2,2370,2,0.198,33208.44
Seattle,WA,Townhouse,8,78.4,65.2,0.0,402.6,31187.7,1517,3,0.12,3732.22
Boston,MA,Apartment,7,83.2,30.5,0.0,545.4,12866.5,567,1,0.252,3225.44
Phoenix,AZ,Apartment,5,77.9,81.0,0.0,386.5,11542.2,709,1,0.13,1519.05
New York,NY,Apartment,6,72.7,41.4,0.0,231.3,10640.1,1045,1,0.216,2291.09
Denver,CO,Townhouse,3,51.0,46.5,420.7,0.0,40622.6,1538,2,0.12,4857.24
Boston,MA,Large House,5,63.9,35.9,33.0,0.0,13273.2,3447,4,0.21,2806.38
Chicago,IL,Townhouse,8,77.1,37.1,0.0,363.4,35278.6,1895,3,0.168,5930.65
Houston,TX,Townhouse,3,72.6,65.6,0.0,228.1,17764.4,1467,2,0.12,2128.83
Phoenix,AZ,Condo,6,85.6,78.2,0.0,617.4,39018.7,1386,1,0.156,6067.21
Atlanta,GA,Condo,10,64.1,60.5,27.9,0.0,2775.2,1120,1,0.13,369.38
Phoenix,AZ,Townhouse,6,86.1,44.0,0.0,633.2,53941.3,1708,3,0.156,8407.43
Miami,FL,Apartment,3,72.6,50.0,0.0,227.6,6643.6,659,1,0.11,739.25
Denver,CO,Condo,2,44.5,52.9,613.7,0.0,29609.0,850,1,0.132,3893.81
New York,NY,Apartment,12,31.4,31.9,1009.1,0.0,49657.4,968,1,0.198,9841.48
Miami,FL,House,1,59.9,81.3,153.9,0.0,31622.7,2823,3,0.121,3826.74
Chicago,IL,Townhouse,4,50.8,50.4,425.0,0.0,53377.8,2014,1,0.14,7473.77
Miami,FL,Townhouse,8,92.1,46.1,0.0,811.7,56555.0,1413,1,0.132,7461.21
Denver,CO,Townhouse,6,75.8,53.6,0.0,324.9,20785.7,1245,1,0.144,2988.12
Atlanta,GA,Large House,2,52.6,79.8,371.7,0.0,104010.6,3544,6,0.143,14866.2
Atlanta,GA,Townhouse,10,61.1,80.4,117.8,0.0,16588.7,2022,3,0.13,2143.0
New York,NY,House,1,30.0,67.1,1049.3,0.0,139491.2,2006,4,0.198,27619.39
Houston,TX,House,4,80.0,32.9,0.0,449.6,56291.0,2296,2,0.12,6761.01
Boston,MA,House,4,56.2,77.5,264.7,0.0,45159.7,2458,3,0.21,9484.8
Phoenix,AZ,Large House,8,94.5,51.4,0.0,885.5,223146.9,4093,5,0.156,34812.62
Phoenix,AZ,Townhouse,1,57.6,87.8,221.7,0.0,25502.1,1782,1,0.143,3639.66
Denver,CO,House,9,73.7,41.9,0.0,260.1,26576.2,1812,2,0.12,3177.61
Chicago,IL,Condo,1,30.6,44.8,1032.1,0.0,60024.1,1037,2,0.154,9235.77
Miami,FL,Condo,4,73.5,77.6,0.0,255.8,18619.3,1502,3,0.11,2031.97
Phoenix,AZ,House,9,88.6,79.2,0.0,709.3,114256.7,3003,3,0.13,14834.62
Houston,TX,Condo,8,89.5,85.3,0.0,735.9,28960.9,870,1,0.144,4155.59
Los Angeles,CA,Townhouse,7,75.4,36.3,0.0,311.3,24632.1,1530,2,0.264,6509.58
Chicago,IL,Condo,1,26.5,71.1,1154.1,0.0,77409.2,1200,1,0.154,11904.2
Los Angeles,CA,House,8,76.1,63.8,0.0,333.7,50797.6,2732,5,0.264,13429.12
Boston,MA,Apartment,1,24.4,78.9,1217.9,0.0,56263.1,909,1,0.231,12979.81
Boston,MA,House,6,73.6,46.9,0.0,259.5,40116.4,2751,1,0.252,10113.07
Atlanta,GA,Condo,4,57.1,31.0,237.4,0.0,19246.6,1376,1,0.13,2493.28
New York,NY,House,12,28.2,56.0,1104.3,0.0,222267.7,3041,6,0.198,44008.74
Seattle,WA,Townhouse,3,52.8,77.3,366.7,0.0,38838.0,1683,1,0.1,3886.1
Los Angeles,CA,Apartment,3,48.4,79.0,498.2,0.0,21520.8,833,1,0.22,4738.49
Boston,MA,Apartment,2,33.8,71.1,935.0,0.0,44844.0,942,1,0.231,10341.79
Atlanta,GA,House,2,43.1,45.7,655.6,0.0,85019.2,1940,2,0.143,12164.51
Atlanta,GA,House,9,66.2,72.8,0.0,36.6,6675.1,2161,2,0.13,853.32
Boston,MA,Townhouse,4,58.4,72.8,198.6,0.0,22914.3,1776,1,0.21,4814.51
Seattle,WA,Townhouse,5,61.8,62.4,95.7,0.0,10541.3,1522,3,0.1,1036.33
Miami,FL,Condo,12,65.1,60.0,0.0,4.0,1906.5,1571,2,0.121,226.48
Boston,MA,Condo,6,70.9,89.7,0.0,177.0,7625.5,862,1,0.252,1933.15
New York,NY,Condo,1,31.0,30.8,1020.6,0.0,70007.3,1227,1,0.198,13873.84
Denver,CO,Townhouse,6,71.6,42.4,0.0,196.7,21141.7,2008,2,0.144,3044.98
Boston,MA,Townhouse,3,38.4,52.6,796.6,0.0,100767.3,2060,2,0.21,21149.52
Chicago,IL,Apartment,2,28.7,75.9,1088.1,0.0,57504.5,1037,2,0.154,8837.41
Chicago,IL,Townhouse,6,69.5,63.8,0.0,134.1,9515.9,1267,1,0.168,1603.51
Chicago,IL,Large House,5,69.9,47.4,0.0,148.2,34913.6,3368,6,0.14,4898.45
New York,NY,House,1,26.4,40.5,1158.7,0.0,148891.5,1947,2,0.198,29473.73
Boston,MA,Townhouse,3,41.0,85.4,720.2,0.0,96384.5,2179,1,0.21,20235.01
Boston,MA,Townhouse,10,53.1,64.1,355.6,0.0,44945.1,2004,3,0.21,9431.39
Atlanta,GA,Apartment,7,77.2,59.8,0.0,365.7,12936.8,829,1,0.156,2004.0
Chicago,IL,Townhouse,1,28.0,53.2,1109.5,0.0,126690.0,1871,3,0.154,19493.21
Los Angeles,CA,Large House,8,77.4,56.3,0.0,373.4,113167.3,4787,1,0.264,29886.63
Atlanta,GA,Apartment,1,45.5,39.2,584.9,0.0,27797.1,925,1,0.143,3962.57
Miami,FL,Townhouse,7,91.6,78.0,0.0,798.6,83753.2,2121,4,0.132,11074.79
Seattle,WA,Condo,6,72.3,74.1,0.0,217.8,15071.3,1434,1,0.12,1819.79
New York,NY,House,7,78.6,89.8,0.0,406.9,48369.3,2161,3,0.216,10431.66
Miami,FL,Townhouse,10,79.9,51.8,0.0,447.3,32768.0,1446,2,0.11,3620.31
Los Angeles,CA,Townhouse,3,52.0,59.8,390.0,0.0,37489.0,1526,3,0.22,8233.93
Chicago,IL,Apartment,4,57.0,30.7,240.6,0.0,12593.3,980,1,0.14,1755.94
Houston,TX,Condo,4,78.6,38.0,0.0,407.6,17762.5,934,1,0.12,2122.07
Los Angeles,CA,House,10,62.7,43.2,68.2,0.0,10932.9,1934,3,0.22,2385.84
Boston,MA,Apartment,12,32.1,30.7,986.9,0.0,51351.0,1022,2,0.231,11870.71
Los Angeles,CA,Townhouse,10,59.2,44.0,174.5,0.0,14348.1,1252,1,0.22,3159.35
Seattle,WA,Apartment,6,73.3,33.2,0.0,249.4,10692.2,984,1,0.12,1266.61
Miami,FL,House,8,92.8,86.0,0.0,835.1,145698.6,3265,4,0.132,19229.32
Denver,CO,Condo,7,77.9,72.5,0.0,386.4,18761.4,1039,1,0.144,2701.8
Houston,TX,Apartment,11,74.1,75.7,0.0,273.3,8502.2,720,1,0.12,1016.18
Phoenix,AZ,Apartment,12,66.6,51.5,0.0,46.8,2318.3,862,1,0.143,345.07
Seattle,WA,Large House,9,66.9,79.3,0.0,56.2,16037.4,3460,2,0.1,1616.11
Los Angeles,CA,Condo,9,71.1,34.1,0.0,182.6,13055.6,1443,1,0.22,2892.2
Boston,MA,House,12,33.8,71.3,937.4,0.0,96616.8,1558,1,0.231,22317.97
Los Angeles,CA,House,10,62.0,49.8,91.1,0.0,15778.4,2188,4,0.22,3468.75
Seattle,WA,House,2,50.1,59.4,446.6,0.0,54785.8,1816,1,0.11,6017.76
Phoenix,AZ,Townhouse,2,63.6,47.2,42.0,0.0,5735.2,1553,2,0.143,833.91
Boston,MA,Townhouse,10,54.9,62.0,302.1,0.0,33273.0,1740,1,0.21,7004.34
Los Angeles,CA,Large House,1,49.6,67.0,461.8,0.0,165119.7,4604,1,0.242,39959.05
Phoenix,AZ,Townhouse,8,89.2,53.4,0.0,727.4,77280.8,2150,2,0.156,12053.69
Phoenix,AZ,Large House,2,60.4,55.9,137.5,0.0,39395.5,3404,1,0.143,5619.28
Phoenix,AZ,Apartment,12,63.3,49.3,50.5,0.0,2710.9,768,1,0.143,370.35
Chicago,IL,Large House,1,31.1,55.3,1015.9,0.0,270537.7,3487,5,0.154,41673.07
Phoenix,AZ,House,3,66.3,76.2,0.0,39.4,8847.9,2673,5,0.13,1131.53
New York,NY,Large House,6,71.2,71.0,0.0,185.5,40268.0,3248,1,0.216,8714.62
Los Angeles,CA,Condo,3,54.2,89.4,324.1,0.0,17965.8,959,1,0.22,3954.6
Chicago,IL,Townhouse,12,37.1,62.5,837.0,0.0,66013.0,1286,1,0.154,10173.73
Chicago,IL,Condo,4,54.1,88.6,327.8,0.0,17634.1,922,1,0.14,2479.04
Chicago,IL,Large House,8,72.3,47.5,0.0,217.9,53742.7,3718,4,0.168,9033.69
Los Angeles,CA,Large House,2,46.7,43.7,549.2,0.0,151121.1,3548,5,0.242,36576.85
Boston,MA,Townhouse,9,69.6,41.4,0.0,138.4,15806.1,2064,1,0.21,3321.42
Miami,FL,Condo,10,77.9,79.0,0.0,387.2,23334.0,1290,2,0.11,2572.95
Seattle,WA,Large House,6,67.5,33.9,0.0,75.9,19515.5,3254,5,0.12,2348.48
Miami,FL,Large House,7,88.5,72.1,0.0,704.6,205216.7,4704,5,0.132,27094.91
New York,NY,Apartment,4,52.9,32.5,362.3,0.0,21552.1,1134,1,0.18,3863.71
Los Angeles,CA,Apartment,8,69.2,72.7,0.0,126.1,3220.7,534,1,0.264,856.49
Boston,MA,Condo,8,75.7,37.1,0.0,322.1,16794.9,1106,1,0.252,4241.44
Chicago,IL,Apartment,8,79.7,33.4,0.0,440.4,13772.9,747,1,0.168,2321.0
Los Angeles,CA,House,3,52.1,33.9,385.7,0.0,70400.8,2685,3,0.22,15504.42
Boston,MA,Apartment,10,56.3,82.1,259.7,0.0,12666.0,905,1,0.21,2642.5
Seattle,WA,House,1,45.5,82.4,585.6,0.0,91552.2,2329,3,0.11,10083.52
Denver,CO,Large House,11,57.0,45.9,239.6,0.0,69602.6,3587,6,0.12,8345.96
Phoenix,AZ,Large House,12,63.0,81.1,58.8,0.0,23344.4,4038,5,0.143,3335.17
Phoenix,AZ,Townhouse,2,63.3,40.7,51.0,0.0,5852.4,1376,2,0.143,833.76
Boston,MA,Condo,2,28.7,80.3,1088.4,0.0,70053.3,1151,2,0.231,16180.97
Denver,CO,Condo,3,48.5,87.1,494.6,0.0,25194.7,890,1,0.12,3025.47
Denver,CO,Townhouse,1,42.1,49.5,685.6,0.0,87587.2,2067,4,0.132,11568.54
Seattle,WA,Large House,8,69.6,47.3,0.0,139.0,47199.8,4881,4,0.12,5659.03
Denver,CO,Condo,7,73.0,79.0,0.0,240.8,17432.8,1515,1,0.144,2504.71
Chicago,IL,Large House,9,64.1,31.0,26.5,0.0,14264.9,4307,4,0.14,1980.37
Houston,TX,House,3,68.3,86.7,0.0,98.2,15459.1,2475,2,0.12,1855.37
Los Angeles,CA,Apartment,11,56.1,46.4,267.3,0.0,10995.0,763,1,0.22,2418.96
Phoenix,AZ,Condo,7,93.3,48.7,0.0,849.6,35082.9,916,1,0.156,5459.75
Seattle,WA,Condo,8,75.3,44.5,0.0,309.2,17396.7,1183,2,0.12,2106.67
New York,NY,House,2,33.8,77.3,937.3,0.0,107632.8,1731,3,0.198,21315.68
Chicago,IL,Large House,12,35.8,88.9,876.6,0.0,293007.3,4367,4,0.154,45103.51
Houston,TX,Condo,11,68.4,81.8,0.0,102.0,6398.6,1167,1,0.12,775.1
Atlanta,GA,House,4,55.1,70.0,295.6,0.0,64300.2,3142,5,0.13,8354.68
Boston,MA,Townhouse,10,55.9,88.2,272.1,0.0,38046.0,2194,1,0.21,7974.62
Miami,FL,Townhouse,7,94.9,55.7,0.0,897.5,57589.6,1304,1,0.132,7613.59
Phoenix,AZ,House,11,74.5,30.4,0.0,286.2,34495.5,2162,1,0.13,4496.11
Miami,FL,Large House,5,82.2,65.5,0.0,515.4,122615.6,3805,3,0.11,13477.49
Miami,FL,House,2,65.5,72.8,0.0,14.1,4743.6,2417,4,0.121,586.94
Phoenix,AZ,Large House,10,75.2,74.1,0.0,306.6,91053.4,4626,3,0.13,11835.03
Chicago,IL,House,10,53.5,31.5,343.8,0.0,80617.1,3422,4,0.14,11286.3
Boston,MA,Apartment,5,69.5,71.0,0.0,134.5,3248.7,500,1,0.21,699.14
New York,NY,Large House,8,73.0,58.5,0.0,240.0,66750.7,4231,5,0.216,14418.51
Denver,CO,Townhouse,8,70.5,83.2,0.0,164.7,17588.9,1965,2,0.144,2517.38
Phoenix,AZ,Condo,11,67.1,61.0,0.0,63.3,3174.2,835,1,0.13,423.59
Atlanta,GA,Townhouse,5,68.4,49.1,0.0,101.9,11073.5,1845,3,0.13,1457.21
Los Angeles,CA,Condo,2,48.8,48.7,487.0,0.0,41981.7,1510,2,0.242,10147.11
Denver,CO,Apartment,12,43.5,88.6,645.7,0.0,32739.5,984,1,0.132,4337.92
Los Angeles,CA,House,8,75.2,33.1,0.0,306.5,26686.3,1553,2,0.264,7062.67
Houston,TX,House,1,63.0,44.2,60.2,0.0,14448.8,2903,1,0.132,1917.92
Atlanta,GA,Large House,12,45.4,33.8,588.2,0.0,174510.6,3832,6,0.143,24971.07
Houston,TX,House,5,82.7,72.8,0.0,530.5,68407.4,2380,2,0.12,8202.68
Miami,FL,Condo,2,67.8,40.0,0.0,84.7,6568.6,1403,1,0.121,782.27
Miami,FL,Large House,5,85.0,54.9,0.0,599.9,112797.0,3023,3,0.11,12426.56
Houston,TX,Apartment,8,95.0,55.2,0.0,900.9,27702.7,752,1,0.144,3988.7
Boston,MA,Townhouse,1,30.9,56.2,1023.3,0.0,115514.9,1849,2,0.231,26679.22
Phoenix,AZ,Large House,12,66.9,88.1,0.0,58.3,15953.7,3311,3,0.143,2271.52
Denver,CO,House,10,61.1,33.6,118.0,0.0,19073.1,2153,3,0.12,2306.82
Atlanta,GA,House,7,73.6,34.1,0.0,258.9,30472.9,2062,4,0.156,4769.73
Miami,FL,Large House,6,84.3,70.3,0.0,579.9,150263.4,4158,4,0.132,19819.88
Houston,TX,Condo,5,85.9,39.2,0.0,628.2,42190.3,1474,1,0.12,5054.33
Houston,TX,House,1,60.4,53.5,137.8,0.0,20208.0,1993,2,0.132,2664.13
Miami,FL,House,6,83.6,68.6,0.0,559.5,59579.3,1967,3,0.132,7869.33
Seattle,WA,Large House,10,58.3,53.5,201.7,0.0,57085.4,3472,2,0.1,5692.07
Houston,TX,Large House,9,83.0,37.2,0.0,541.2,121063.1,3575,5,0.12,14538.76
Miami,FL,Apartment,3,68.0,37.1,0.0,91.5,3779.7,832,1,0.11,404.12
Phoenix,AZ,House,11,69.8,43.6,0.0,143.1,14012.8,1606,3,0.13,1826.7
New York,NY,Large House,6,70.7,76.4,0.0,171.6,43087.4,3718,3,0.216,9311.96
Houston,TX,Large House,11,66.5,72.3,0.0,46.0,19471.6,4766,4,0.12,2346.36
Atlanta,GA,Condo,6,70.0,83.1,0.0,150.4,11990.5,1586,1,0.156,1888.11
Denver,CO,Condo,1,40.7,44.4,728.3,0.0,52056.7,1266,2,0.132,6868.7
Boston,MA,Large House,7,75.1,44.6,0.0,303.7,87020.0,4446,5,0.252,21915.58
New York,NY,Apartment,8,77.6,49.2,0.0,377.8,11704.2,727,1,0.216,2533.24
Miami,FL,Townhouse,4,72.4,68.1,0.0,222.8,25302.5,2161,1,0.11,2763.66
New York,NY,Large House,5,62.4,62.9,76.8,0.0,21488.4,3013,3,0.18,3850.72
Atlanta,GA,Townhouse,9,74.3,43.5,0.0,278.1,24449.0,1678,3,0.13,3193.46
Seattle,WA,Condo,5,68.8,84.1,0.0,113.4,4955.9,840,1,0.1,483.67
New York,NY,Townhouse,8,77.7,42.4,0.0,379.6,26772.4,1390,1,0.216,5785.45
Denver,CO,Condo,4,57.1,37.1,237.3,0.0,14488.3,1025,1,0.12,1742.51
Atlanta,GA,House,12,47.5,69.5,524.8,0.0,118779.4,3355,6,0.143,16977.76
Los Angeles,CA,Townhouse,5,65.5,44.8,0.0,14.9,3621.1,2036,2,0.22,812.65
Chicago,IL,Apartment,6,70.4,70.3,0.0,162.2,6867.6,915,1,0.168,1145.79
Boston,MA,Townhouse,7,83.7,38.0,0.0,561.1,61066.9,2172,4,0.252,15390.9
Miami,FL,Apartment,4,73.1,51.1,0.0,242.6,10434.0,978,1,0.11,1150.99
Atlanta,GA,House,9,70.6,60.4,0.0,167.6,29479.0,3000,1,0.13,3816.27
Denver,CO,House,8,75.2,83.6,0.0,304.8,46923.9,2764,2,0.144,6745.84
Phoenix,AZ,Large House,10,83.1,41.1,0.0,543.0,147596.8,4358,3,0.13,19175.82
Miami,FL,Condo,2,65.4,84.8,0.0,12.1,1253.1,863,1,0.121,164.37
Seattle,WA,Large House,11,57.8,80.9,214.9,0.0,55455.6,3182,2,0.1,5549.06
Houston,TX,Condo,2,62.0,87.1,90.3,0.0,6259.2,1016,2,0.132,829.2
Houston,TX,Townhouse,12,66.7,74.7,0.0,50.1,6741.6,1889,3,0.132,889.39
Los Angeles,CA,Apartment,5,63.0,78.3,60.6,0.0,2413.5,601,1,0.22,524.28
Los Angeles,CA,Apartment,4,62.4,82.7,78.9,0.0,5540.0,1165,1,0.22,1209.77
New York,NY,Townhouse,1,30.5,69.4,1033.9,0.0,90438.1,1433,2,0.198,17891.16
Denver,CO,Apartment,7,72.8,80.6,0.0,233.0,11504.7,1127,1,0.144,1639.87
Phoenix,AZ,Large House,3,74.0,78.6,0.0,270.9,55548.6,3143,5,0.13,7216.35
Phoenix,AZ,Townhouse,2,67.5,34.2,0.0,75.2,8273.1,1740,2,0.143,1194.25
Phoenix,AZ,Apartment,6,92.4,74.5,0.0,822.9,17646.9,518,1,0.156,2748.36
Los Angeles,CA,Apartment,11,51.2,50.3,413.4,0.0,15924.3,734,1,0.22,3507.39
Los Angeles,CA,Townhouse,10,65.9,61.0,0.0,28.4,3388.5,1437,1,0.22,731.72
Miami,FL,Large House,7,95.9,58.7,0.0,927.3,199257.8,3496,3,0.132,26312.93
Seattle,WA,Condo,12,43.0,65.7,658.8,0.0,40200.9,1076,2,0.11,4424.97
Seattle,WA,Townhouse,3,55.9,88.6,271.6,0.0,28973.1,1654,3,0.1,2914.5
New York,NY,Large House,8,78.8,82.7,0.0,412.6,115392.3,4436,2,0.216,24916.2
New York,NY,Apartment,12,36.2,69.7,863.0,0.0,29405.1,669,1,0.198,5830.59
Seattle,WA,House,7,74.9,59.0,0.0,297.6,37272.0,2249,1,0.12,4480.92
Houston,TX,Condo,10,77.0,53.0,0.0,361.0,15494.3,915,1,0.12,1856.73
Phoenix,AZ,Apartment,5,77.0,34.3,0.0,361.3,16942.5,1100,1,0.13,2207.2
Houston,TX,Large House,3,67.4,65.1,0.0,71.4,19383.0,3520,1,0.12,2332.89
Houston,TX,Townhouse,4,80.6,52.2,0.0,469.1,37669.7,1595,2,0.12,4501.3
New York,NY,House,7,79.5,85.9,0.0,434.8,63470.5,2669,3,0.216,13714.1
New York,NY,House,7,77.1,81.0,0.0,363.4,64418.2,3216,3,0.216,13912.86
Boston,MA,Large House,3,46.8,30.8,545.3,0.0,186366.5,4422,2,0.21,39137.1
Phoenix,AZ,Large House,11,68.7,47.8,0.0,110.0,26145.3,3259,5,0.13,3418.7
New York,NY,House,5,68.1,79.1,0.0,94.4,19975.2,3222,6,0.18,3581.2
Denver,CO,Apartment,4,55.7,89.5,279.6,0.0,14767.3,999,1,0.12,1752.22
Miami,FL,House,9,91.3,58.4,0.0,789.8,141580.3,3349,5,0.11,15591.38
Seattle,WA,Townhouse,10,60.0,88.4,149.6,0.0,15915.2,1585,2,0.1,1609.26
Seattle,WA,Large House,7,75.2,77.8,0.0,307.0,93161.1,4700,6,0.12,11176.64
Boston,MA,Large House,8,74.3,47.6,0.0,280.2,90267.3,4966,5,0.252,22740.15
Seattle,WA,Condo,6,67.3,83.5,0.0,68.6,5057.6,1285,1,0.12,590.31
Chicago,IL,House,1,28.9,62.8,1081.9,0.0,160126.3,2237,4,0.154,24652.2
Los Angeles,CA,Apartment,1,43.1,57.6,658.0,0.0,19524.2,579,1,0.242,4715.29
Miami,FL,House,4,76.1,32.3,0.0,333.3,45790.0,2476,3,0.11,5049.0
Houston,TX,Condo,9,86.4,61.3,0.0,642.5,38198.2,1306,1,0.12,4579.15
Los Angeles,CA,House,9,73.0,69.8,0.0,239.2,40513.0,2982,2,0.22,8907.79
New York,NY,Large House,12,35.2,51.6,893.9,0.0,219669.9,3213,3,0.198,43481.74
Chicago,IL,Condo,4,53.0,32.2,359.5,0.0,31468.1,1519,1,0.14,4399.88
Chicago,IL,House,10,59.1,61.2,177.2,0.0,44360.9,3463,6,0.14,6197.21
Atlanta,GA,Large House,11,51.7,42.5,398.2,0.0,98576.3,3163,2,0.13,12821.08
New York,NY,House,2,29.7,49.9,1058.8,0.0,206151.5,2941,5,0.198,40817.34
Boston,MA,Large House,6,69.2,72.4,0.0,126.9,35451.0,3982,2,0.252,8940.1
Atlanta,GA,Townhouse,9,72.0,34.8,0.0,209.2,16698.5,1498,2,0.13,2160.15
Atlanta,GA,Apartment,10,59.4,56.5,167.2,0.0,6039.5,657,1,0.13,773.63
Chicago,IL,House,5,69.8,56.2,0.0,142.5,12952.2,1522,1,0.14,1827.85
Boston,MA,Townhouse,4,54.4,36.6,318.5,0.0,29598.9,1466,1,0.21,6210.18
Boston,MA,House,11,49.8,52.4,457.5,0.0,94571.7,3063,3,0.21,19843.93
Seattle,WA,Townhouse,6,67.4,64.5,0.0,71.7,8298.9,1822,3,0.12,979.24
Seattle,WA,Condo,9,70.5,66.6,0.0,165.5,10063.6,1218,1,0.1,998.4
New York,NY,Condo,1,32.8,43.3,967.0,0.0,54083.1,999,1,0.198,10712.04
Miami,FL,Condo,10,75.1,83.0,0.0,303.3,18061.7,1259,1,0.11,1994.72
Seattle,WA,Apartment,1,47.1,87.6,537.4,0.0,32119.6,1151,2,0.11,3513.24
Chicago,IL,Condo,6,77.1,67.1,0.0,362.7,23456.1,1381,2,0.168,3952.72
Boston,MA,Apartment,1,32.4,74.6,979.0,0.0,44691.3,898,1,0.231,10312.99
New York,NY,Condo,3,46.9,39.6,542.8,0.0,29771.8,966,1,0.18,5351.12
Houston,TX,House,12,62.2,79.1,84.4,0.0,22412.3,3368,3,0.132,2951.82
New York,NY,Condo,7,82.8,81.2,0.0,534.7,31522.1,1286,2,0.216,6804.59
Denver,CO,Condo,5,68.2,40.1,0.0,95.9,6029.0,1121,2,0.12,739.97
Boston,MA,Condo,5,68.2,43.1,0.0,95.0,7937.0,1506,3,0.21,1676.23
New York,NY,Large House,10,52.5,57.5,373.7,0.0,111269.9,3778,6,0.18,20043.23
New York,NY,Townhouse,2,27.3,57.6,1130.7,0.0,107789.7,1561,3,0.198,21324.75
Denver,CO,Apartment,7,76.9,50.5,0.0,357.4,13410.3,879,1,0.144,1932.39
Los Angeles,CA,Townhouse,11,55.3,39.3,292.4,0.0,40268.6,2161,2,0.22,8845.92
Houston,TX,Townhouse,4,77.5,68.4,0.0,375.2,28120.0,1478,1,0.12,3382.58
Miami,FL,Condo,12,64.3,30.9,20.3,0.0,3457.1,1545,3,0.121,414.99
Denver,CO,House,2,46.1,69.5,565.9,0.0,131251.2,3448,6,0.132,17328.44
Chicago,IL,Townhouse,7,80.5,71.3,0.0,465.7,45255.5,1925,3,0.168,7589.74
Denver,CO,Large House,7,76.2,63.8,0.0,335.4,73463.7,3411,5,0.144,10559.2
Chicago,IL,House,7,75.9,33.3,0.0,327.8,48847.9,2667,5,0.168,8204.29
Phoenix,AZ,Condo,12,62.1,74.5,87.9,0.0,6408.4,1094,2,0.143,918.01
Denver,CO,Condo,3,47.8,39.5,515.3,0.0,33656.9,1145,2,0.12,4058.0
Atlanta,GA,Apartment,8,77.4,39.4,0.0,372.6,18353.9,1163,1,0.156,2850.63
Houston,TX,House,10,80.6,55.7,0.0,467.1,73868.0,2914,1,0.12,8849.32
Seattle,WA,Condo,2,51.5,37.0,406.5,0.0,28505.1,1220,2,0.11,3148.71
Phoenix,AZ,Apartment,12,62.1,83.9,86.4,0.0,6289.0,1194,1,0.143,896.04
Atlanta,GA,House,2,47.8,80.6,516.8,0.0,66349.9,1910,2,0.143,9483.18
New York,NY,Townhouse,8,74.7,85.5,0.0,291.5,30547.1,2041,1,0.216,6599.93
Seattle,WA,House,12,49.4,55.1,467.1,0.0,66683.9,2108,4,0.11,7338.98
Phoenix,AZ,Condo,1,57.8,38.9,217.2,0.0,19791.5,1519,3,0.143,2822.22
Miami,FL,Condo,11,74.1,37.3,0.0,273.8,14833.8,1131,2,0.11,1648.77
Miami,FL,Apartment,10,84.1,33.9,0.0,571.6,25211.8,1062,1,0.11,2758.84
Miami,FL,Large House,4,73.7,72.4,0.0,262.4,57229.2,3355,2,0.11,6310.59
Phoenix,AZ,Apartment,11,71.7,61.8,0.0,202.3,9123.4,1009,2,0.13,1169.24
Chicago,IL,Condo,3,42.1,46.6,687.0,0.0,43814.3,1128,1,0.14,6115.04
Atlanta,GA,Apartment,4,54.5,55.4,314.4,0.0,11817.5,715,1,0.13,1524.56
Chicago,IL,Apartment,10,60.0,60.0,150.0,0.0,5030.4,605,1,0.14,694.57
Houston,TX,Large House,6,90.4,38.3,0.0,762.1,217120.3,4617,3,0.144,31262.29
Houston,TX,Apartment,9,85.2,88.6,0.0,606.9,30225.8,1199,1,0.12,3607.43
Boston,MA,House,10,55.0,52.5,301.1,0.0,32594.9,1559,3,0.21,6825.86
Boston,MA,Condo,12,36.9,44.2,843.5,0.0,43168.4,911,1,0.231,9966.37
Houston,TX,Townhouse,10,77.6,32.7,0.0,377.3,36407.2,1885,3,0.12,4381.15
Houston,TX,Condo,3,71.8,74.3,0.0,203.8,14694.7,1460,2,0.12,1751.24
Miami,FL,Apartment,7,95.6,44.6,0.0,919.2,41156.8,1089,2,0.132,5437.46
Chicago,IL,Townhouse,5,60.9,84.8,123.2,0.0,14633.8,1710,3,0.14,2050.48
Seattle,WA,House,5,64.5,89.4,14.4,0.0,6502.8,3043,3,0.1,662.7
Denver,CO,House,9,69.0,86.8,0.0,119.5,19980.9,2723,2,0.12,2390.35
Chicago,IL,House,1,24.0,72.9,1229.1,0.0,244113.6,3015,1,0.154,37589.31
Houston,TX,House,1,63.5,73.6,43.6,0.0,12795.8,3110,6,0.132,1683.33
Miami,FL,Apartment,6,91.4,40.6,0.0,791.1,25317.4,779,1,0.132,3360.55
Seattle,WA,Apartment,5,65.1,37.5,0.0,2.4,862.6,822,1,0.1,88.46
Chicago,IL,Townhouse,9,71.1,35.1,0.0,183.3,12487.8,1265,2,0.14,1732.65
Los Angeles,CA,Large House,1,46.6,73.6,550.8,0.0,157691.3,3705,1,0.242,38168.04
Los Angeles,CA,House,5,64.0,73.1,28.8,0.0,10346.9,3452,3,0.22,2286.21
Los Angeles,CA,Apartment,11,58.1,51.4,207.3,0.0,10229.2,906,1,0.22,2261.71
Seattle,WA,Condo,5,62.6,55.0,72.8,0.0,7738.3,1525,2,0.1,760.17
Boston,MA,House,9,71.2,49.0,0.0,185.7,19413.1,1778,3,0.21,4066.88
Atlanta,GA,House,3,50.7,37.3,428.8,0.0,52238.1,1805,1,0.13,6771.81
Chicago,IL,House,9,68.8,82.7,0.0,112.7,15116.7,2117,4,0.14,2101.19
Chicago,IL,Apartment,3,41.0,56.4,719.5,0.0,40324.9,1092,2,0.14,5658.8
Boston,MA,Large House,5,61.0,71.1,118.9,0.0,45571.7,4481,2,0.21,9565.37
Seattle,WA,House,2,44.6,51.5,610.7,0.0,68950.4,1687,2,0.11,7569.95
Atlanta,GA,Condo,9,73.6,64.5,0.0,258.7,14827.6,1207,1,0.13,1926.64
Atlanta,GA,Condo,11,55.8,58.0,274.6,0.0,25270.0,1559,3,0.13,3275.09
Boston,MA,Condo,8,74.2,76.8,0.0,275.0,15248.9,1162,1,0.252,3843.52
Seattle,WA,Condo,1,49.8,81.2,457.4,0.0,33532.6,1283,1,0.11,3678.66
Boston,MA,Large House,6,75.3,56.6,0.0,310.4,72472.1,3613,6,0.252,18256.79
Atlanta,GA,Condo,5,60.8,43.1,124.6,0.0,6942.3,886,1,0.13,915.42
Chicago,IL,Large House,6,74.7,57.4,0.0,292.0,58565.6,3100,4,0.168,9853.62
Seattle,WA,Townhouse,8,76.1,52.2,0.0,333.5,25713.9,1514,1,0.12,3084.7
New York,NY,Apartment,12,31.2,59.4,1013.1,0.0,47297.1,919,1,0.198,9378.88
Denver,CO,House,11,51.3,73.8,410.3,0.0,45209.3,1629,1,0.12,5423.88
Houston,TX,Townhouse,8,89.6,45.2,0.0,737.3,58911.2,1610,3,0.144,8477.12
Atlanta,GA,Large House,11,55.2,47.0,294.0,0.0,97959.4,4210,1,0.13,12742.3
Phoenix,AZ,Apartment,7,91.9,71.3,0.0,806.4,34516.8,1038,2,0.156,5389.41
Los Angeles,CA,Townhouse,2,47.3,31.0,530.3,0.0,61658.0,1873,3,0.242,14912.61
Houston,TX,Townhouse,12,67.6,73.2,0.0,78.9,8473.7,1748,1,0.132,1098.61
Seattle,WA,House,1,44.5,55.9,616.0,0.0,128825.1,3118,6,0.11,14179.49
Phoenix,AZ,Townhouse,4,77.5,71.9,0.0,376.5,23345.0,1219,1,0.13,3026.09
Miami,FL,Condo,8,93.4,89.3,0.0,852.1,41637.4,1082,1,0.132,5485.97
New York,NY,Large House,5,60.5,75.3,133.6,0.0,40006.0,3493,5,0.18,7202.69
Boston,MA,Townhouse,4,50.1,88.3,448.0,0.0,46606.1,1664,2,0.21,9767.99
Chicago,IL,House,11,44.4,50.6,618.2,0.0,136409.7,3289,6,0.14,19092.8
Denver,CO,Large House,11,50.3,31.8,440.8,0.0,149440.7,4351,3,0.12,17946.53
Denver,CO,Large House,8,77.9,85.6,0.0,386.2,98549.4,4028,2,0.144,14201.13
Chicago,IL,Townhouse,4,52.5,49.1,375.7,0.0,47078.9,1996,2,0.14,6583.59
Denver,CO,Townhouse,9,65.1,87.2,0.0,2.5,1403.4,1263,1,0.12,167.05
Los Angeles,CA,House,2,50.1,54.6,445.6,0.0,82314.4,2733,3,0.242,19923.99
Phoenix,AZ,Townhouse,2,66.9,56.7,0.0,56.2,6738.2,1759,2,0.143,946.66
Denver,CO,Condo,11,49.7,56.2,460.0,0.0,39093.3,1486,2,0.12,4711.12
Seattle,WA,Townhouse,9,73.9,76.2,0.0,266.0,20646.1,1483,2,0.1,2060.97
New York,NY,House,10,59.1,85.2,177.9,0.0,40533.9,3191,2,0.18,7311.19
Boston,MA,Condo,8,73.1,65.8,0.0,242.6,9527.5,817,1,0.252,2385.76
Phoenix,AZ,Condo,3,72.2,35.0,0.0,216.1,12941.5,1231,2,0.13,1689.29
Miami,FL,Townhouse,2,65.5,85.2,0.0,16.0,2799.2,1499,2,0.121,323.67
Chicago,IL,Large House,10,58.1,30.6,206.5,0.0,69619.7,4167,1,0.14,9733.58
Houston,TX,Large House,11,72.7,81.5,0.0,230.2,46404.4,3080,1,0.12,5549.73
Houston,TX,Large House,5,79.5,30.0,0.0,434.1,113719.2,4148,5,0.12,13627.76
New York,NY,House,11,49.0,86.2,478.6,0.0,79599.7,2472,1,0.18,14340.4
Atlanta,GA,House,1,43.1,70.6,655.7,0.0,82697.3,1888,2,0.143,11839.47
Denver,CO,Condo,11,51.5,84.4,404.9,0.0,19684.0,844,1,0.12,2365.66
Houston,TX,Large House,11,68.9,38.9,0.0,117.2,38090.4,4556,4,0.12,4574.59
Denver,CO,Condo,1,41.0,49.3,718.7,0.0,45208.3,1116,1,0.132,5984.64
Houston,TX,Condo,3,72.2,32.2,0.0,215.6,9424.3,892,1,0.12,1119.65
Seattle,WA,Large House,3,51.7,40.4,400.1,0.0,102907.8,3279,4,0.1,10274.79
Atlanta,GA,Townhouse,4,55.8,78.8,275.2,0.0,28397.6,1620,1,0.13,3695.15
Denver,CO,Large House,3,50.4,88.1,438.2,0.0,119985.5,3506,3,0.12,14415.29
Phoenix,AZ,Townhouse,5,83.0,47.9,0.0,539.9,51926.4,1923,2,0.13,6743.87
Houston,TX,Townhouse,8,91.5,61.6,0.0,796.0,51115.8,1301,2,0.144,7373.81
Boston,MA,Apartment,1,32.9,53.5,963.1,0.0,51945.5,1058,2,0.231,11995.24
New York,NY,Apartment,3,41.0,48.2,719.2,0.0,25821.2,702,1,0.18,4658.33
Boston,MA,House,2,35.6,34.9,883.1,0.0,188675.4,3220,3,0.231,43576.74
Houston,TX,Townhouse,12,60.9,36.0,122.6,0.0,16792.6,2011,1,0.132,2207.06
Atlanta,GA,House,12,43.5,39.2,645.2,0.0,116181.5,2690,5,0.143,16622.71
Denver,CO,Apartment,8,77.9,60.4,0.0,387.0,15718.0,956,1,0.144,2256.33
Atlanta,GA,Apartment,11,54.1,70.5,325.7,0.0,19354.2,1131,1,0.13,2527.28
Boston,MA,House,10,60.0,86.2,150.6,0.0,35416.6,3227,4,0.21,7438.74
Houston,TX,Townhouse,8,87.5,46.5,0.0,674.7,73531.4,2189,4,0.144,10597.38
Los Angeles,CA,Townhouse,11,49.7,54.7,460.0,0.0,53265.1,1862,1,0.22,11707.81
New York,NY,Large House,1,28.0,76.5,1110.4,0.0,419647.4,4958,6,0.198,83103.98
Phoenix,AZ,Apartment,11,70.5,43.9,0.0,165.6,7429.1,975,1,0.13,964.37
New York,NY,Large House,3,41.8,48.0,695.0,0.0,203401.0,3809,2,0.18,36603.48
Chicago,IL,Condo,11,46.4,45.6,557.5,0.0,36528.6,1155,1,0.14,5097.75
Denver,CO,Large House,12,47.4,43.0,527.0,0.0,143353.4,3497,6,0.132,18925.47
New York,NY,Apartment,7,79.7,33.7,0.0,439.6,18845.8,1019,2,0.216,4074.18
Miami,FL,House,6,87.6,45.2,0.0,677.4,63442.8,1744,1,0.132,8355.45
Houston,TX,Townhouse,3,68.2,67.9,0.0,95.8,9946.7,1749,2,0.12,1209.83
Los Angeles,CA,Apartment,1,43.8,30.1,634.7,0.0,20570.4,627,1,0.242,4975.65
Los Angeles,CA,Condo,7,72.8,86.8,0.0,233.1,9879.8,877,1,0.264,2624.48
Miami,FL,House,10,75.1,65.4,0.0,301.5,54940.0,3282,1,0.11,6045.78
New York,NY,Apartment,4,55.4,42.6,288.2,0.0,10685.8,695,1,0.18,1907.88
Boston,MA,Townhouse,12,28.9,51.7,1082.1,0.0,87896.6,1332,1,0.231,20287.97
Miami,FL,House,10,84.4,53.2,0.0,581.6,95477.9,3047,1,0.11,10509.2
Denver,CO,Large House,6,72.1,89.0,0.0,212.1,49327.4,3506,4,0.144,7118.69
Atlanta,GA,House,11,51.6,34.5,401.7,0.0,71344.4,2616,2,0.13,9280.23
Chicago,IL,Large House,8,72.7,70.8,0.0,230.3,48590.6,3212,2,0.168,8175.75
Miami,FL,Apartment,9,84.8,41.0,0.0,593.6,19758.3,798,1,0.11,2158.11
Chicago,IL,Apartment,12,33.4,74.9,948.6,0.0,51111.8,1059,1,0.154,7855.0
Miami,FL,Townhouse,8,95.2,46.9,0.0,906.4,55506.2,1244,2,0.132,7313.93
Chicago,IL,Townhouse,10,58.5,83.3,193.8,0.0,24330.1,1919,2,0.14,3422.68
Phoenix,AZ,Townhouse,12,60.7,89.4,127.8,0.0,12378.4,1420,1,0.143,1776.16
Los Angeles,CA,Apartment,6,73.3,33.2,0.0,249.3,5817.2,530,1,0.264,1545.31
Seattle,WA,House,3,51.0,44.7,419.4,0.0,56629.0,1999,1,0.1,5680.56
Boston,MA,Condo,9,67.2,89.4,0.0,65.2,4498.8,1182,1,0.21,933.24
Seattle,WA,House,10,60.4,83.6,136.5,0.0,20694.8,2084,1,0.1,2074.09
Seattle,WA,Apartment,8,72.2,41.7,0.0,215.7,7481.2,783,1,0.12,908.26
Los Angeles,CA,Large House,8,76.2,35.4,0.0,335.5,106576.7,4986,1,0.264,28116.61
Seattle,WA,Condo,5,67.0,35.8,0.0,59.9,3123.5,836,1,0.1,329.37
Atlanta,GA,Condo,7,77.6,53.2,0.0,379.2,16839.1,952,1,0.156,2611.35
Boston,MA,Large House,8,81.4,85.5,0.0,492.7,120697.9,3906,4,0.252,30417.1
Denver,CO,Townhouse,1,47.1,68.5,538.1,0.0,55734.9,1663,3,0.132,7355.45
Miami,FL,Condo,4,78.8,80.1,0.0,414.3,30225.0,1574,1,0.11,3317.27
New York,NY,Apartment,3,42.7,79.5,669.3,0.0,25272.7,733,1,0.18,4559.24
Chicago,IL,Townhouse,10,53.1,87.7,358.1,0.0,32625.7,1441,2,0.14,4583.99
Chicago,IL,Condo,2,34.5,52.2,914.1,0.0,49650.0,970,1,0.154,7648.17
New York,NY,Large House,9,73.3,53.3,0.0,247.8,67313.0,4158,3,0.18,12120.38
Houston,TX,Townhouse,7,94.1,82.0,0.0,873.3,88006.9,2052,1,0.144,12681.95
Phoenix,AZ,Townhouse,3,65.1,62.1,0.0,3.4,2780.5,2112,4,0.13,344.97
Phoenix,AZ,Townhouse,8,95.3,45.1,0.0,907.9,86558.3,1940,1,0.156,13496.38
Chicago,IL,Townhouse,10,58.6,68.8,191.8,0.0,27242.4,2155,3,0.14,3809.9
Houston,TX,Large House,2,60.5,53.7,135.8,0.0,43072.5,3774,1,0.132,5693.29
Miami,FL,Large House,8,94.9,50.9,0.0,897.7,169148.6,3054,6,0.132,22321.54
Seattle,WA,Condo,6,72.3,89.6,0.0,220.4,11853.6,1104,1,0.12,1441.41
Boston,MA,Large House,11,40.3,48.3,742.1,0.0,209525.7,3680,2,0.21,44011.49
Miami,FL,Large House,9,91.3,63.3,0.0,789.3,239795.4,4919,6,0.11,26373.65
Chicago,IL,Townhouse,12,31.2,87.6,1014.4,0.0,87625.2,1414,1,0.154,13513.47
Los Angeles,CA,Apartment,3,56.1,85.4,268.3,0.0,14000.7,975,1,0.22,3075.48
Seattle,WA,Large House,9,74.1,31.5,0.0,273.8,66454.2,3753,2,0.1,6641.96
Miami,FL,Large House,10,82.4,38.8,0.0,521.3,136409.7,4169,6,0.11,14987.64
Boston,MA,Townhouse,7,76.1,67.9,0.0,332.0,26914.6,1583,2,0.252,6778.83
New York,NY,Condo,9,64.9,71.9,2.5,0.0,1481.1,1254,2,0.18,275.18
Denver,CO,Apartment,4,53.2,68.8,353.5,0.0,18919.0,1018,1,0.12,2278.91
New York,NY,Condo,9,72.4,50.0,0.0,221.3,15052.3,1403,1,0.18,2691.1
Houston,TX,Apartment,10,79.6,84.2,0.0,437.0,9635.7,521,1,0.12,1148.96
Phoenix,AZ,Condo,3,68.6,78.3,0.0,106.7,4665.6,819,1,0.13,598.25
Denver,CO,House,1,47.5,83.6,524.8,0.0,65917.8,1868,2,0.132,8701.48
Los Angeles,CA,Apartment,12,52.0,33.2,390.8,0.0,24142.0,1176,2,0.242,5828.31
Boston,MA,Condo,3,40.7,76.5,728.2,0.0,60481.6,1471,2,0.21,12704.72
Boston,MA,Townhouse,9,71.5,30.0,0.0,193.9,22438.3,2153,3,0.21,4722.07
Chicago,IL,Large House,7,79.3,56.3,0.0,428.4,86175.4,3176,5,0.168,14490.56
New York,NY,House,6,74.1,76.1,0.0,272.8,38283.7,2479,4,0.216,8273.34
Seattle,WA,House,3,55.2,48.4,294.2,0.0,52158.1,2571,2,0.1,5233.75
Atlanta,GA,House,9,70.1,32.6,0.0,151.9,27206.2,2992,4,0.13,3538.36
Denver,CO,Large House,3,52.2,83.3,382.5,0.0,110479.9,3670,5,0.12,13265.33
Los Angeles,CA,Large House,6,72.3,58.4,0.0,217.5,51320.1,3591,1,0.264,13535.32
Atlanta,GA,House,8,77.1,89.6,0.0,362.0,64069.1,3216,2,0.156,9994.21
Miami,FL,Townhouse,6,85.6,84.7,0.0,619.0,65379.8,2127,1,0.132,8630.35
Los Angeles,CA,Townhouse,4,55.3,36.2,291.4,0.0,23454.5,1258,2,0.22,5173.65
Los Angeles,CA,Townhouse,11,52.3,60.7,381.9,0.0,34915.8,1454,1,0.22,7692.12
Miami,FL,Townhouse,9,88.7,63.7,0.0,710.6,49656.7,1413,1,0.11,5446.6
Los Angeles,CA,House,5,68.4,60.8,0.0,103.5,12203.0,1855,2,0.22,2689.62
Miami,FL,House,7,88.0,83.1,0.0,690.4,106450.7,2868,4,0.132,14046.07
Chicago,IL,Townhouse,11,47.0,61.0,540.1,0.0,41739.1,1246,2,0.14,5855.25
Atlanta,GA,Condo,5,65.7,64.8,0.0,19.7,2519.1,1281,2,0.13,309.18
New York,NY,Townhouse,5,65.4,51.5,0.0,11.9,3216.8,2083,1,0.18,588.59
Seattle,WA,Apartment,4,62.4,69.4,77.0,0.0,2480.4,508,1,0.1,240.33
Seattle,WA,Condo,5,59.8,73.2,155.2,0.0,12785.5,1338,2,0.1,1278.98
Boston,MA,Large House,4,58.0,45.4,210.0,0.0,61109.4,3598,1,0.21,12849.97
Houston,TX,Large House,12,61.0,89.7,120.1,0.0,36186.2,3541,1,0.132,4777.45
New York,NY,Condo,11,47.7,35.2,520.3,0.0,29344.8,994,1,0.18,5282.32
Seattle,WA,Apartment,7,75.3,85.7,0.0,308.2,7287.3,544,1,0.12,873.43
Boston,MA,House,5,64.0,31.2,30.2,0.0,10501.4,3207,6,0.21,2220.42
Phoenix,AZ,Condo,1,63.5,62.0,45.8,0.0,4102.0,1152,1,0.143,604.87
Los Angeles,CA,Large House,11,58.4,71.3,198.1,0.0,53701.5,3311,4,0.22,11832.47
Los Angeles,CA,Large House,10,65.3,63.5,0.0,9.8,6076.7,3016,4,0.22,1346.87
Atlanta,GA,Apartment,10,58.6,39.0,191.0,0.0,5826.8,555,1,0.13,763.0
Seattle,WA,Condo,12,46.0,50.3,569.7,0.0,35264.6,1087,2,0.11,3869.71
New York,NY,House,10,60.0,68.7,148.7,0.0,31434.0,2893,3,0.18,5643.77
New York,NY,Condo,2,34.8,31.6,905.0,0.0,52612.8,1033,2,0.198,10433.39
Houston,TX,Townhouse,10,78.7,85.7,0.0,409.6,29506.5,1421,1,0.12,3541.16
Houston,TX,House,1,61.5,78.7,103.8,0.0,13876.3,1754,2,0.132,1815.08
Seattle,WA,House,3,54.0,73.6,330.0,0.0,39370.6,1739,2,0.1,3944.23
Denver,CO,Townhouse,8,73.3,75.2,0.0,247.9,24065.8,1861,1,0.144,3454.41
Los Angeles,CA,House,11,54.5,40.2,314.0,0.0,46906.1,2159,4,0.22,10315.32
Los Angeles,CA,Townhouse,11,52.3,31.8,381.5,0.0,31613.7,1319,2,0.22,6946.83
Boston,MA,Apartment,1,31.6,59.1,1001.9,0.0,40142.5,788,1,0.231,9262.01
Miami,FL,Large House,2,61.7,67.5,98.9,0.0,28607.5,3211,6,0.121,3450.66
Denver,CO,Large House,4,56.3,32.2,261.2,0.0,88791.0,4250,3,0.12,10638.81
Los Angeles,CA,Large House,10,64.2,79.4,23.0,0.0,14080.3,4525,6,0.22,3084.45
Houston,TX,Townhouse,3,67.4,30.8,0.0,71.1,9468.0,2092,3,0.12,1117.32
Seattle,WA,Townhouse,10,63.5,46.8,44.6,0.0,7760.1,2048,3,0.1,777.98
New York,NY,Large House,10,58.1,69.3,208.1,0.0,62079.1,3649,5,0.18,11186.94
Miami,FL,Townhouse,10,81.9,55.6,0.0,506.7,50793.8,1991,3,0.11,5587.5
Atlanta,GA,House,8,77.2,36.8,0.0,366.6,36186.0,1780,3,0.156,5645.05
Houston,TX,Large House,11,68.4,79.0,0.0,103.2,31641.6,4208,3,0.12,3816.58
Chicago,IL,House,4,56.4,47.3,258.7,0.0,49212.5,2723,5,0.14,6881.54
Atlanta,GA,Large House,11,53.5,81.8,345.8,0.0,108475.3,3994,1,0.13,14089.42
Denver,CO,Condo,3,47.3,37.2,530.9,0.0,31592.3,1046,2,0.12,3791.18
Atlanta,GA,Townhouse,8,78.0,89.3,0.0,390.5,41216.8,2077,3,0.156,6429.71
Chicago,IL,Large House,3,42.8,61.2,665.8,0.0,199979.3,3902,3,0.14,27998.08
New York,NY,House,10,52.5,51.4,376.4,0.0,67374.7,2635,1,0.18,12111.81
Seattle,WA,Large House,3,49.2,88.7,474.3,0.0,154822.7,4190,5,0.1,15491.98
Houston,TX,Townhouse,6,84.7,53.1,0.0,590.9,50510.8,1716,2,0.144,7268.56
Denver,CO,Townhouse,12,44.9,68.8,603.7,0.0,71921.3,1924,3,0.132,9476.58
Phoenix,AZ,Townhouse,8,93.2,43.4,0.0,845.8,65570.3,1569,3,0.156,10225.31
Denver,CO,Large House,1,46.9,48.1,542.2,0.0,157104.9,3751,1,0.132,20731.18
Phoenix,AZ,House,2,67.4,74.9,0.0,72.2,17441.6,3489,5,0.143,2474.89
New York,NY,Apartment,4,51.5,69.6,406.4,0.0,10752.2,501,1,0.18,1934.38
Los Angeles,CA,House,11,52.9,37.7,362.2,0.0,45967.2,1853,3,0.22,10124.7
Denver,CO,House,12,46.2,75.5,562.8,0.0,95456.3,2533,2,0.132,12607.15
Chicago,IL,Large House,9,70.4,52.1,0.0,163.2,40661.1,3620,6,0.14,5694.33
Denver,CO,Apartment,5,63.7,87.9,40.3,0.0,2604.8,913,1,0.12,326.82
New York,NY,Apartment,9,66.1,63.5,0.0,32.9,2447.3,1083,1,0.18,425.52
Boston,MA,Condo,11,44.0,56.0,629.2,0.0,48131.6,1354,1,0.21,10121.58
Denver,CO,Townhouse,5,64.9,66.6,4.2,0.0,2292.5,1758,2,0.12,262.84
Chicago,IL,Condo,1,25.8,72.4,1176.4,0.0,79827.9,1217,1,0.154,12312.6
Boston,MA,Townhouse,4,55.8,53.1,276.4,0.0,27371.7,1543,3,0.21,5759.86
Chicago,IL,Large House,8,81.6,44.7,0.0,496.7,140736.3,4522,3,0.168,23635.29
New York,NY,Townhouse,1,23.6,65.0,1243.4,0.0,103360.8,1366,2,0.198,20447.07
Houston,TX,Townhouse,6,91.6,57.1,0.0,796.7,49380.7,1258,1,0.144,7091.32
Chicago,IL,House,10,59.0,71.2,180.8,0.0,24031.4,1853,2,0.14,3350.87
Los Angeles,CA,House,6,74.5,35.2,0.0,284.5,26802.8,1671,2,0.264,7081.98
Chicago,IL,Large House,8,73.4,81.8,0.0,252.8,50310.5,3065,1,0.168,8458.22
Houston,TX,Large House,10,77.1,85.9,0.0,362.5,95860.5,4163,2,0.12,11503.46
Boston,MA,Townhouse,11,43.3,85.8,651.5,0.0,74785.4,1859,2,0.21,15690.8
Seattle,WA,Apartment,8,73.3,86.7,0.0,248.8,11542.6,1047,2,0.12,1381.25
Phoenix,AZ,Condo,1,61.9,36.2,91.9,0.0,7697.5,1264,1,0.143,1095.57
Atlanta,GA,Large House,3,56.1,35.3,267.5,0.0,95435.2,4474,2,0.13,12409.92
Miami,FL,Apartment,2,67.3,88.3,0.0,70.5,3791.8,1020,2,0.121,449.56
Houston,TX,Apartment,2,63.8,38.4,36.9,0.0,3248.1,1170,1,0.132,419.58
Denver,CO,Large House,5,66.1,48.3,0.0,31.7,12448.8,3809,4,0.12,1487.53
Miami,FL,House,6,88.7,43.9,0.0,710.6,108147.0,2845,1,0.132,14266.48
Chicago,IL,Townhouse,11,47.4,89.9,527.4,0.0,39574.0,1209,2,0.14,5532.61
Atlanta,GA,Townhouse,8,77.6,83.8,0.0,378.3,36732.3,1907,2,0.156,5727.16
Miami,FL,Condo,5,80.0,39.2,0.0,450.1,20207.0,975,1,0.11,2222.81
New York,NY,Condo,12,28.0,64.2,1109.1,0.0,59299.4,956,1,0.198,11749.34
Phoenix,AZ,Large House,1,61.6,55.4,103.2,0.0,42230.3,4667,3,0.143,6044.39
Boston,MA,Condo,4,50.6,36.0,431.1,0.0,38983.7,1576,2,0.21,8184.74
Los Angeles,CA,Apartment,1,48.4,88.4,499.1,0.0,31206.3,1200,2,0.242,7538.47
Denver,CO,House,7,78.3,82.5,0.0,397.8,72150.3,3284,6,0.144,10379.39
Denver,CO,Apartment,9,73.2,84.5,0.0,245.8,11833.9,1092,2,0.12,1404.34
Boston,MA,Condo,2,32.6,39.9,972.9,0.0,58419.8,1071,2,0.231,13503.27
Miami,FL,Townhouse,2,61.0,76.6,119.5,0.0,15636.7,1885,2,0.121,1881.85
Phoenix,AZ,House,7,87.5,78.8,0.0,674.7,86933.3,2397,2,0.156,13552.0
New York,NY,Large House,2,31.8,87.7,994.7,0.0,255126.4,3353,6,0.198,50522.88
Seattle,WA,Apartment,1,40.9,56.1,723.3,0.0,21695.9,582,1,0.11,2383.16
Los Angeles,CA,Apartment,1,45.4,50.5,586.6,0.0,31003.3,1021,2,0.242,7508.66
Houston,TX,Large House,11,74.3,61.1,0.0,280.0,83365.5,4610,2,0.12,9993.86
Los Angeles,CA,Townhouse,8,74.8,53.9,0.0,294.8,24650.9,1615,2,0.264,6505.1
Miami,FL,Large House,2,63.0,40.1,60.1,0.0,17604.6,3055,1,0.121,2127.87
Los Angeles,CA,House,11,49.1,41.3,477.6,0.0,61914.4,1915,3,0.22,13638.35
Los Angeles,CA,Condo,9,65.1,63.8,0.0,2.1,1356.3,1255,2,0.22,278.5
Seattle,WA,Apartment,8,76.0,69.9,0.0,330.7,10378.3,731,1,0.12,1244.97
Boston,MA,House,8,76.3,88.6,0.0,338.6,33983.1,1820,1,0.252,8575.48
Seattle,WA,Condo,6,68.0,45.3,0.0,88.8,6763.6,1377,2,0.12,816.11
Boston,MA,Condo,9,64.3,80.3,20.7,0.0,3539.3,1565,3,0.21,731.04
Chicago,IL,Townhouse,10,53.1,73.3,358.0,0.0,35174.0,1556,2,0.14,4937.44
Houston,TX,House,11,67.1,63.2,0.0,61.8,9179.2,2146,1,0.12,1108.45
Chicago,IL,House,1,25.4,82.4,1188.3,0.0,238482.6,3036,6,0.154,36720.42
Boston,MA,House,2,34.8,51.6,905.1,0.0,181407.4,3018,6,0.231,41905.06
Houston,TX,House,6,92.0,48.4,0.0,810.8,92496.5,2135,2,0.144,13337.74
New York,NY,Apartment,6,77.2,30.7,0.0,365.3,10477.7,676,1,0.216,2258.58
Atlanta,GA,Condo,6,71.7,73.1,0.0,201.1,13063.0,1326,1,0.156,2035.72
Los Angeles,CA,House,7,75.7,34.8,0.0,321.3,61762.3,3460,3,0.264,16299.36
Houston,TX,Condo,12,60.5,68.1,135.3,0.0,8529.7,1000,1,0.132,1141.52
Atlanta,GA,Apartment,5,61.6,84.0,100.7,0.0,3927.4,662,1,0.13,513.14
Miami,FL,Large House,7,90.3,70.8,0.0,759.2,171310.6,3656,3,0.132,22612.3
Houston,TX,House,12,61.6,56.2,102.6,0.0,14656.2,1877,1,0.132,1922.63
Phoenix,AZ,Condo,5,86.3,47.4,0.0,639.9,26899.3,922,1,0.13,3479.27
Seattle,WA,Apartment,7,78.6,72.4,0.0,406.9,17343.0,1004,1,0.12,2100.33
Phoenix,AZ,Apartment,9,91.4,42.9,0.0,793.1,20676.5,630,1,0.13,2669.18
Atlanta,GA,Condo,8,74.2,39.2,0.0,276.2,13519.1,1023,1,0.156,2122.59
Miami,FL,House,1,64.1,54.0,26.0,0.0,8979.9,3191,2,0.121,1069.24
Chicago,IL,Townhouse,8,80.0,57.1,0.0,450.1,48039.2,2126,1,0.168,8055.5
Boston,MA,Townhouse,4,51.3,56.7,411.9,0.0,52195.5,2012,4,0.21,10967.26
New York,NY,Condo,7,76.4,73.4,0.0,341.9,14752.4,919,1,0.216,3172.9
Atlanta,GA,Large House,11,53.1,34.4,356.5,0.0,94831.3,3385,2,0.13,12312.39
Denver,CO,Condo,1,40.3,52.1,741.5,0.0,35570.3,852,1,0.132,4678.54
Denver,CO,Large House,7,79.4,59.1,0.0,432.3,112607.2,4123,5,0.144,16201.39
Denver,CO,House,6,71.4,42.5,0.0,190.9,37580.5,3353,6,0.144,5399.27
Los Angeles,CA,Large House,11,55.2,74.7,294.4,0.0,82295.7,3499,6,0.22,18119.02
Miami,FL,House,4,80.2,86.4,0.0,457.3,79239.3,3165,6,0.11,8734.53
Seattle,WA,Apartment,12,43.4,58.1,647.4,0.0,29445.9,886,1,0.11,3228.37
Los Angeles,CA,Apartment,1,40.6,47.7,732.4,0.0,41591.0,1107,1,0.242,10061.27
Los Angeles,CA,Condo,4,58.6,71.2,192.9,0.0,14392.0,1239,1,0.22,3161.0
New York,NY,Apartment,6,73.7,64.2,0.0,261.7,12069.9,1056,2,0.216,2612.86
Houston,TX,Apartment,3,74.0,55.3,0.0,269.9,13956.6,1186,2,0.12,1686.45
Chicago,IL,House,12,33.6,73.9,941.1,0.0,198853.0,3192,2,0.154,30619.62
Seattle,WA,Condo,10,59.0,86.2,179.0,0.0,8828.5,821,1,0.1,869.2
Houston,TX,Large House,11,70.4,70.1,0.0,162.6,35340.6,3146,6,0.12,4229.4
Miami,FL,Apartment,11,67.3,81.9,0.0,69.1,3896.5,1046,1,0.11,419.59
Houston,TX,Apartment,2,62.6,70.4,71.0,0.0,4986.6,1107,1,0.132,649.42
Denver,CO,Large House,3,55.7,88.7,279.4,0.0,79251.0,3569,1,0.12,9498.77
Seattle,WA,House,3,53.8,70.9,336.2,0.0,36103.5,1563,2,0.1,3613.89
Los Angeles,CA,Townhouse,12,49.3,74.5,470.1,0.0,49488.3,1695,1,0.242,11963.09
Chicago,IL,Apartment,9,69.4,30.6,0.0,131.3,6665.8,1084,2,0.14,917.42
Los Angeles,CA,House,5,68.6,65.6,0.0,107.5,19559.8,2856,5,0.22,4288.25
Seattle,WA,Large House,7,74.1,46.5,0.0,273.0,70371.7,3984,2,0.12,8448.46
Los Angeles,CA,Townhouse,3,52.9,76.0,363.4,0.0,33277.5,1454,2,0.22,7326.86
New York,NY,Condo,10,52.7,53.6,369.0,0.0,30821.9,1448,1,0.18,5542.67
Los Angeles,CA,Townhouse,2,47.9,88.0,512.4,0.0,53363.1,1674,2,0.242,12900.26
Phoenix,AZ,Condo,11,72.3,46.9,0.0,217.7,13213.8,1240,2,0.13,1724.08
Phoenix,AZ,House,6,83.1,44.4,0.0,542.3,92355.3,3135,6,0.156,14402.75
New York,NY,Apartment,6,77.0,54.4,0.0,358.6,9654.1,637,1,0.216,2097.3
New York,NY,Condo,1,31.8,60.1,997.0,0.0,70679.7,1265,2,0.198,14001.21
Houston,TX,Large House,11,74.9,37.9,0.0,296.1,73356.8,3848,2,0.12,8806.34
Los Angeles,CA,Large House,5,62.4,59.1,79.1,0.0,32814.1,4478,6,0.22,7225.05
Phoenix,AZ,Condo,4,71.7,44.7,0.0,200.8,13882.8,1412,2,0.13,1786.25
Los Angeles,CA,Large House,4,60.2,70.0,145.4,0.0,60066.3,4912,4,0.22,13234.38
Seattle,WA,Apartment,10,65.7,73.7,0.0,21.0,1953.2,1017,2,0.1,200.95
Denver,CO,House,11,57.8,69.3,215.8,0.0,24996.1,1635,2,0.12,3018.03
Phoenix,AZ,Apartment,1,60.8,75.9,125.4,0.0,5952.3,837,1,0.143,836.31
Boston,MA,Townhouse,3,45.8,85.4,576.7,0.0,44158.7,1235,2,0.21,9265.16
Boston,MA,Apartment,8,73.9,80.6,0.0,267.6,13810.3,1185,1,0.252,3476.19
Phoenix,AZ,Large House,7,94.5,36.7,0.0,883.9,254963.8,4689,4,0.156,39770.86
Denver,CO,Large House,4,53.8,57.7,335.0,0.0,125108.1,4727,4,0.12,15016.89
New York,NY,Large House,9,70.9,88.0,0.0,176.9,51111.5,4283,4,0.18,9186.29
Los Angeles,CA,Large House,9,70.6,81.9,0.0,167.4,55401.7,4903,2,0.22,12175.06
Miami,FL,Condo,4,71.7,82.2,0.0,200.7,10647.0,1068,2,0.11,1189.52
Chicago,IL,Condo,1,28.6,34.3,1091.2,0.0,53297.3,875,1,0.154,8223.04
Chicago,IL,Condo,9,68.6,74.5,0.0,107.6,8134.1,1426,1,0.14,1143.76
Boston,MA,Condo,7,75.5,41.7,0.0,314.6,15660.9,1050,1,0.252,3953.15
New York,NY,Apartment,3,42.4,49.4,677.2,0.0,24561.8,708,1,0.18,4411.83
New York,NY,House,3,37.9,87.5,811.8,0.0,95391.2,1767,2,0.18,17166.61
New York,NY,House,5,66.8,60.2,0.0,55.3,12872.6,3138,5,0.18,2315.19
Seattle,WA,Large House,1,45.9,81.9,572.4,0.0,190091.3,4302,2,0.11,20906.08
Atlanta,GA,Large House,1,49.0,32.8,480.7,0.0,175424.0,4694,3,0.143,25073.09
Chicago,IL,House,12,29.3,63.1,1070.3,0.0,232802.1,3287,5,0.154,35856.26
Chicago,IL,Townhouse,4,50.9,84.1,423.2,0.0,47490.6,1790,3,0.14,6637.71
Phoenix,AZ,Apartment,2,65.4,75.2,0.0,12.7,910.5,690,1,0.143,147.36
Denver,CO,Townhouse,7,71.4,30.6,0.0,192.8,15487.7,1499,1,0.144,2223.5
Atlanta,GA,Condo,2,48.2,75.6,504.5,0.0,27281.8,949,1,0.143,3918.75
Boston,MA,Large House,1,32.4,88.3,978.1,0.0,284207.0,3799,6,0.231,65643.99
Boston,MA,Condo,5,62.7,43.0,68.3,0.0,7187.8,1487,2,0.21,1498.78
Seattle,WA,Apartment,7,71.8,31.9,0.0,204.7,6305.8,687,1,0.12,770.82
Denver,CO,Apartment,10,59.2,74.9,174.8,0.0,11598.4,1185,2,0.12,1397.25
Atlanta,GA,Townhouse,6,68.5,76.7,0.0,105.5,8198.9,1348,1,0.156,1285.26
New York,NY,Townhouse,3,41.9,61.1,692.5,0.0,69405.1,1623,3,0.18,12497.36
New York,NY,House,7,76.5,67.9,0.0,344.6,56693.9,2983,1,0.216,12244.89
Seattle,WA,Condo,11,51.9,32.5,392.9,0.0,33543.4,1479,2,0.1,3370.38
Chicago,IL,Apartment,12,35.7,63.5,879.0,0.0,29736.0,662,1,0.154,4576.08
Miami,FL,Apartment,3,73.4,59.3,0.0,253.2,10939.4,988,1,0.11,1202.65
New York,NY,Condo,9,64.5,70.2,13.7,0.0,1666.2,987,1,0.18,280.39
Los Angeles,CA,Apartment,1,40.5,87.0,734.8,0.0,40408.5,1072,1,0.242,9794.3
Los Angeles,CA,Apartment,4,58.1,50.1,206.5,0.0,12025.8,1056,2,0.22,2629.88
Denver,CO,Large House,3,49.9,33.3,454.4,0.0,136923.8,3871,3,0.12,16443.2
Seattle,WA,Condo,12,47.9,85.3,511.6,0.0,31761.9,1088,1,0.11,3488.54
Houston,TX,Large House,8,90.8,64.9,0.0,773.5,148347.0,3101,5,0.144,21354.07
Chicago,IL,Apartment,6,78.5,72.5,0.0,403.7,18045.5,1062,1,0.168,3014.15
Miami,FL,Large House,8,88.5,66.6,0.0,706.3,160508.3,3674,3,0.132,21177.71
Chicago,IL,Townhouse,7,77.1,40.9,0.0,363.6,29791.0,1614,1,0.168,4995.56
Chicago,IL,Apartment,10,53.1,47.5,358.0,0.0,9937.7,523,1,0.14,1375.19
New York,NY,Apartment,7,80.0,73.6,0.0,451.1,21928.8,1156,1,0.216,4735.0
New York,NY,Townhouse,12,29.6,36.6,1061.8,0.0,93983.5,1450,1,0.198,18625.54
Houston,TX,Townhouse,1,65.1,52.3,0.0,3.6,2374.1,1715,3,0.132,301.58
Miami,FL,House,5,78.2,63.0,0.0,396.3,36104.7,1653,2,0.11,3987.05
Houston,TX,Townhouse,3,71.4,36.7,0.0,191.7,19592.1,1901,3,0.12,2342.23
Houston,TX,Large House,12,59.1,43.4,177.2,0.0,70290.2,4798,5,0.132,9284.43
Atlanta,GA,Large House,2,49.6,50.1,462.4,0.0,160840.0,4470,3,0.143,23002.21
Boston,MA,House,9,69.2,36.1,0.0,126.5,16195.5,2118,1,0.21,3403.26
Seattle,WA,Apartment,12,43.4,44.0,647.2,0.0,23371.0,703,1,0.11,2555.55
Los Angeles,CA,House,11,56.0,64.4,269.3,0.0,51822.4,2780,2,0.22,11387.01
Miami,FL,Townhouse,5,77.3,73.7,0.0,368.5,36526.0,1942,3,0.11,4023.13
Houston,TX,Condo,2,64.4,30.6,16.9,0.0,2638.2,1367,1,0.132,358.29
Chicago,IL,House,9,64.9,32.6,1.6,0.0,4279.3,3216,4,0.14,610.12
Phoenix,AZ,House,7,93.4,88.2,0.0,851.9,157787.8,3477,1,0.156,24628.43
Denver,CO,Large House,7,75.2,59.9,0.0,306.2,86390.8,4401,2,0.144,12429.54
Atlanta,GA,Large House,12,50.0,79.2,449.3,0.0,148713.6,4238,5,0.143,21258.86
Denver,CO,Large House,1,46.6,71.5,553.2,0.0,155603.9,3628,5,0.132,20533.89
Miami,FL,Large House,1,64.0,77.1,28.8,0.0,16339.8,4788,2,0.121,1986.99
Houston,TX,Apartment,12,61.1,80.8,116.4,0.0,4639.7,699,1,0.132,621.37
Miami,FL,House,6,85.7,76.2,0.0,620.2,55448.3,1655,2,0.132,7323.43
Chicago,IL,House,3,46.4,76.4,557.6,0.0,62361.8,1660,3,0.14,8714.83
Miami,FL,House,3,68.0,49.4,0.0,90.5,14037.2,2375,3,0.11,1541.07
Seattle,WA,Apartment,2,52.7,83.9,368.7,0.0,20950.8,1083,2,0.11,2301.54
Denver,CO,Apartment,1,46.7,84.4,549.9,0.0,28254.9,996,1,0.132,3735.23
Denver,CO,House,2,43.4,61.8,647.5,0.0,121982.4,2820,3,0.132,16085.37
Denver,CO,Apartment,4,59.9,50.8,154.0,0.0,4473.4,515,1,0.12,519.24
Miami,FL,House,9,84.5,57.7,0.0,584.3,77127.2,2452,1,0.11,8468.43
Atlanta,GA,Townhouse,11,49.8,33.7,456.9,0.0,38130.0,1336,2,0.13,4952.32
Seattle,WA,Apartment,7,75.6,74.9,0.0,316.7,9739.4,714,1,0.12,1171.03
Miami,FL,Large House,5,80.4,88.2,0.0,461.0,129601.5,4458,6,0.11,14251.94
Miami,FL,Townhouse,11,71.7,36.5,0.0,200.5,20761.4,1934,3,0.11,2299.1
Chicago,IL,House,12,34.1,36.1,927.7,0.0,131576.7,2142,1,0.154,20246.97
Houston,TX,House,5,84.6,52.9,0.0,589.1,65801.9,2071,2,0.12,7915.66
Houston,TX,Apartment,1,64.8,40.2,7.2,0.0,1139.9,815,1,0.132,151.54
Chicago,IL,Condo,6,74.1,87.3,0.0,273.9,10495.1,803,1,0.168,1779.64
Houston,TX,Apartment,2,62.0,60.5,90.6,0.0,4341.2,796,1,0.132,574.71
Phoenix,AZ,Townhouse,2,61.1,65.7,116.3,0.0,14900.4,1873,1,0.143,2141.35
Seattle,WA,Condo,3,52.0,88.5,390.1,0.0,32234.7,1440,1,0.1,3239.67
Seattle,WA,Apartment,4,53.1,73.2,357.9,0.0,12268.2,654,1,0.1,1229.65
Chicago,IL,Large House,2,28.4,66.5,1099.1,0.0,308583.8,3684,3,0.154,47522.18
Atlanta,GA,Large House,2,44.2,50.1,625.5,0.0,155456.3,3225,2,0.143,22210.78
Los Angeles,CA,Condo,11,57.9,72.2,211.5,0.0,13511.4,1067,2,0.22,2952.8
Chicago,IL,Townhouse,7,83.8,40.8,0.0,565.4,47851.3,1701,1,0.168,8023.93
Los Angeles,CA,Condo,4,53.5,83.7,344.2,0.0,30840.2,1546,1,0.22,6803.22
Miami,FL,Townhouse,1,59.8,84.0,156.1,0.0,19112.1,1835,1,0.121,2318.18
Denver,CO,House,10,62.5,42.9,74.9,0.0,10377.2,1716,2,0.12,1241.65
Seattle,WA,Large House,4,53.3,68.0,351.9,0.0,84683.1,3040,6,0.1,8468.64
Boston,MA,Townhouse,11,48.1,89.8,508.4,0.0,48638.6,1539,2,0.21,10197.32
Phoenix,AZ,Condo,9,83.9,46.4,0.0,567.9,24336.8,933,1,0.13,3153.19
New York,NY,Townhouse,8,73.7,38.0,0.0,261.6,17766.1,1292,2,0.216,3831.35
Houston,TX,Large House,6,85.9,82.4,0.0,627.2,139340.0,3583,1,0.144,20084.82
Los Angeles,CA,Apartment,3,48.5,85.2,495.8,0.0,26875.6,1040,2,0.22,5918.3
Atlanta,GA,House,3,54.7,68.1,310.2,0.0,70841.2,3327,2,0.13,9206.09
Miami,FL,Apartment,4,72.4,53.8,0.0,222.8,9642.0,979,1,0.11,1040.79
Miami,FL,Townhouse,10,81.6,42.4,0.0,498.0,30252.7,1211,2,0.11,3342.05
Phoenix,AZ,House,10,75.6,57.0,0.0,317.2,36226.1,2046,2,0.13,4726.95
Denver,CO,Condo,1,47.7,68.8,517.7,0.0,41903.3,1420,2,0.132,5550.99
Boston,MA,Large House,9,70.2,89.0,0.0,155.5,43691.2,4057,6,0.21,9157.87
Chicago,IL,Condo,7,74.9,82.7,0.0,296.5,20128.3,1436,2,0.168,3394.55
Chicago,IL,Large House,5,60.3,40.4,142.2,0.0,43140.2,3619,2,0.14,6027.67
Seattle,WA,Townhouse,8,76.9,63.6,0.0,357.4,38316.7,2110,1,0.12,4586.3
Phoenix,AZ,Large House,1,64.7,34.4,8.4,0.0,8775.7,4332,5,0.143,1266.93
Phoenix,AZ,Large House,5,84.2,81.7,0.0,574.7,143719.2,4014,3,0.13,18668.29
Chicago,IL,Townhouse,5,68.2,62.2,0.0,95.6,11206.3,1956,3,0.14,1571.28
Atlanta,GA,Large House,1,44.6,53.6,612.5,0.0,170184.4,3602,3,0.143,24338.96
Chicago,IL,Townhouse,9,71.6,86.1,0.0,198.5,20430.0,1916,2,0.14,2859.44
Chicago,IL,Apartment,8,78.2,51.1,0.0,397.3,15650.4,937,1,0.168,2619.99
Houston,TX,Apartment,11,69.0,33.4,0.0,120.1,6448.1,1124,2,0.12,788.81
Atlanta,GA,Townhouse,10,67.0,82.7,0.0,60.0,5068.6,1251,2,0.13,676.23
New York,NY,House,4,58.5,43.0,195.6,0.0,27863.9,1990,3,0.18,5026.58
Atlanta,GA,Apartment,10,66.9,61.2,0.0,56.5,2293.7,704,1,0.13,311.88
Atlanta,GA,Large House,11,49.7,45.3,460.2,0.0,131486.4,3661,5,0.13,17082.96
Seattle,WA,House,12,44.3,34.0,620.6,0.0,123088.4,2962,4,0.11,13521.73
Atlanta,GA,Apartment,9,67.3,39.6,0.0,70.3,1824.7,500,1,0.13,240.86
Miami,FL,Apartment,5,83.1,71.5,0.0,544.1,26185.2,1158,1,0.11,2894.01
Seattle,WA,Apartment,8,73.5,74.1,0.0,256.4,13319.3,1199,1,0.12,1592.95
New York,NY,House,11,49.3,53.7,470.4,0.0,95019.2,2992,3,0.18,17105.41
Phoenix,AZ,House,8,95.8,64.4,0.0,924.3,168386.2,3412,6,0.156,26250.55
Houston,TX,Large House,12,64.8,70.3,7.1,0.0,7526.6,4091,3,0.132,976.38
Los Angeles,CA,Condo,10,58.2,59.3,204.7,0.0,12188.6,991,1,0.22,2684.72
Phoenix,AZ,House,7,88.1,78.8,0.0,692.0,100831.1,2707,4,0.156,15728.62
Boston,MA,Large House,4,54.8,53.5,305.7,0.0,116484.2,4798,5,0.21,24445.37
Houston,TX,Townhouse,3,68.6,81.5,0.0,106.6,11268.7,1803,3,0.12,1334.55
New York,NY,Townhouse,12,30.3,48.6,1040.4,0.0,95200.3,1497,2,0.198,18841.07
Houston,TX,Apartment,12,62.5,63.5,75.3,0.0,4354.0,928,1,0.132,578.17
Atlanta,GA,Townhouse,1,46.6,79.5,551.5,0.0,48023.5,1402,2,0.143,6849.16
Atlanta,GA,Large House,2,47.9,79.8,513.8,0.0,155202.3,3887,5,0.143,22182.64
Chicago,IL,House,3,37.2,70.2,833.0,0.0,96717.3,1750,1,0.14,13540.76
Phoenix,AZ,House,3,73.4,52.3,0.0,251.2,37574.2,2658,1,0.13,4871.58
Atlanta,GA,Large House,4,54.4,84.8,317.5,0.0,96729.6,3835,6,0.13,12558.07
Boston,MA,Condo,12,37.4,58.9,828.6,0.0,56095.8,1207,1,0.231,12949.18
New York,NY,Townhouse,5,63.9,71.2,31.8,0.0,3969.5,1277,2,0.18,720.45
New York,NY,House,3,42.7,66.8,668.5,0.0,111298.0,2491,3,0.18,20038.82
Los Angeles,CA,Large House,10,62.8,40.5,66.7,0.0,29757.0,4677,5,0.22,6562.21
Atlanta,GA,Condo,12,46.5,33.4,555.0,0.0,46137.5,1461,2,0.143,6592.37
New York,NY,Apartment,3,44.6,84.6,613.3,0.0,21590.4,683,1,0.18,3875.19
Atlanta,GA,Condo,6,68.1,37.1,0.0,93.6,8022.1,1565,2,0.156,1250.66
Denver,CO,House,7,78.9,73.6,0.0,416.4,56436.0,2473,2,0.144,8111.74
Atlanta,GA,Townhouse,3,50.8,85.2,427.1,0.0,33429.3,1245,2,0.13,4345.49
Boston,MA,Townhouse,2,34.6,55.8,913.4,0.0,86894.3,1555,2,0.231,20085.06
Phoenix,AZ,Townhouse,12,59.9,63.2,153.6,0.0,13705.3,1325,1,0.143,1963.04
Phoenix,AZ,Condo,10,82.7,83.7,0.0,530.3,25822.9,1064,1,0.13,3339.24
Miami,FL,Townhouse,10,75.6,53.1,0.0,317.0,27028.4,1668,1,0.11,2971.33
Los Angeles,CA,Large House,3,53.3,31.1,351.1,0.0,125370.8,4533,4,0.22,27562.99
New York,NY,Large House,7,79.1,83.6,0.0,423.9,105052.8,3936,1,0.216,22692.51
Denver,CO,Apartment,7,79.3,76.5,0.0,428.5,19443.8,1076,2,0.144,2785.06
Denver,CO,House,9,71.4,67.3,0.0,191.3,32509.8,2907,5,0.12,3919.89
Boston,MA,Condo,4,54.6,62.3,312.4,0.0,20782.6,1146,1,0.21,4378.59
Houston,TX,House,10,76.7,59.9,0.0,350.9,60294.9,3088,5,0.12,7216.38
Chicago,IL,Condo,10,60.6,80.1,133.2,0.0,13307.2,1600,2,0.14,1845.68
Phoenix,AZ,Townhouse,12,63.1,61.8,57.7,0.0,7195.8,1579,1,0.143,1029.19
Houston,TX,Condo,9,88.8,73.4,0.0,713.6,46095.5,1424,2,0.12,5530.0
Phoenix,AZ,Large House,9,83.2,75.4,0.0,544.7,157909.7,4659,1,0.13,20530.61
Seattle,WA,House,11,56.2,62.7,262.8,0.0,59791.0,3292,1,0.1,5994.13
Atlanta,GA,Apartment,12,47.1,48.0,537.4,0.0,17253.4,620,1,0.143,2457.88
Denver,CO,Townhouse,1,43.4,67.9,648.3,0.0,52199.4,1309,1,0.132,6897.76
Houston,TX,Condo,6,91.4,33.3,0.0,791.9,51275.9,1427,2,0.144,7382.1
Miami,FL,Townhouse,4,79.8,73.8,0.0,442.7,27257.4,1217,2,0.11,2981.63
Seattle,WA,Large House,9,73.8,33.6,0.0,263.7,66096.2,3840,5,0.1,6606.51
Seattle,WA,Apartment,10,64.3,38.7,20.0,0.0,2380.9,1189,2,0.1,237.28
Phoenix,AZ,Townhouse,4,74.7,68.8,0.0,291.4,25511.5,1681,3,0.13,3313.17
Chicago,IL,House,12,32.0,38.7,989.2,0.0,106235.4,1619,3,0.154,16341.01
Los Angeles,CA,House,10,62.6,70.4,73.2,0.0,16643.5,2788,3,0.22,3643.25
Houston,TX,Townhouse,1,61.4,53.6,106.8,0.0,9067.8,1227,1,0.132,1210.01
Miami,FL,Townhouse,1,63.8,76.7,36.5,0.0,4602.9,1413,2,0.121,576.0
Denver,CO,Large House,8,78.4,44.9,0.0,402.3,86178.8,3396,1,0.144,12427.28
Chicago,IL,Condo,12,37.3,37.2,831.0,0.0,41013.1,880,1,0.154,6307.59
Miami,FL,Large House,8,87.0,31.8,0.0,661.2,153116.6,3726,6,0.132,20225.08
Houston,TX,Apartment,9,84.0,47.3,0.0,570.1,13689.0,579,1,0.12,1623.52
Miami,FL,Apartment,3,74.5,78.2,0.0,285.3,11950.0,973,1,0.11,1312.03
Boston,MA,Condo,7,79.3,48.6,0.0,429.5,17560.4,885,1,0.252,4420.71
Chicago,IL,House,4,54.6,77.9,311.6,0.0,71715.8,3348,3,0.14,10031.82
Phoenix,AZ,Large House,3,74.2,30.4,0.0,275.7,59217.7,3292,5,0.13,7691.58
Seattle,WA,Condo,11,50.7,64.6,428.7,0.0,25054.6,1016,2,0.1,2489.67
Houston,TX,Townhouse,1,62.3,69.8,80.0,0.0,8082.2,1346,2,0.132,1079.24
Miami,FL,Condo,6,92.4,78.0,0.0,821.8,44576.8,1200,2,0.132,5885.57
Seattle,WA,Condo,6,74.0,60.2,0.0,268.9,16545.9,1291,1,0.12,1987.49
New York,NY,Townhouse,5,64.7,81.6,9.6,0.0,2181.4,1295,1,0.18,412.4
Chicago,IL,Large House,2,27.8,85.7,1114.9,0.0,285710.0,3362,4,0.154,44004.46
Atlanta,GA,Townhouse,11,49.6,54.6,461.9,0.0,50566.5,1761,1,0.13,6584.06
Los Angeles,CA,House,1,46.3,81.7,561.2,0.0,123637.9,3287,2,0.242,29902.9
Chicago,IL,Apartment,3,44.9,59.5,604.2,0.0,26790.5,863,1,0.14,3751.62
Phoenix,AZ,Large House,5,86.0,83.2,0.0,630.0,158254.4,4037,5,0.13,20569.42
Denver,CO,Apartment,12,45.4,32.8,589.2,0.0,19114.9,631,1,0.132,2518.11
Boston,MA,Large House,2,34.0,40.9,931.0,0.0,244992.2,3440,4,0.231,56585.36
Los Angeles,CA,Townhouse,8,70.3,37.3,0.0,159.7,10841.3,1223,2,0.264,2858.23
New York,NY,Townhouse,10,57.7,54.3,220.2,0.0,25067.7,1749,3,0.18,4519.1
Phoenix,AZ,House,12,65.7,78.7,0.0,20.7,6520.9,2873,4,0.143,945.02
Atlanta,GA,Townhouse,4,56.5,34.7,255.8,0.0,24678.7,1502,1,0.13,3219.06
Seattle,WA,Large House,2,46.1,70.7,568.2,0.0,206863.9,4702,5,0.11,22749.86
Miami,FL,Townhouse,12,60.7,49.0,129.6,0.0,16993.4,1912,2,0.121,2060.28
Chicago,IL,Large House,6,72.5,51.9,0.0,225.1,55191.3,3747,1,0.168,9254.88
New York,NY,Large House,8,75.2,30.6,0.0,307.3,84978.7,4316,1,0.216,18357.96
Chicago,IL,Large House,11,42.9,53.9,663.2,0.0,223278.2,4377,2,0.14,31245.33
Phoenix,AZ,Large House,4,78.9,73.0,0.0,418.4,98362.1,3722,3,0.13,12785.24
Seattle,WA,Condo,5,67.1,79.7,0.0,63.6,5148.5,1331,2,0.1,496.77
Houston,TX,Apartment,10,84.4,65.7,0.0,582.5,28300.1,1167,2,0.12,3394.3
Denver,CO,Condo,9,65.8,60.4,0.0,23.8,2620.0,1206,2,0.12,307.51
New York,NY,Townhouse,1,23.5,68.3,1244.0,0.0,123299.5,1628,1,0.198,24402.05
Phoenix,AZ,Apartment,1,64.2,75.9,24.6,0.0,1331.8,655,1,0.143,201.78
Houston,TX,Apartment,12,61.4,53.3,106.7,0.0,3803.7,612,1,0.132,506.0
Denver,CO,House,9,69.3,61.8,0.0,127.8,16743.2,2111,4,0.12,2027.84
Phoenix,AZ,Large House,2,66.8,84.1,0.0,55.4,22178.1,4780,3,0.143,3183.95
Chicago,IL,Condo,2,29.5,71.9,1063.8,0.0,84138.0,1414,1,0.154,12973.44
New York,NY,Townhouse,7,76.7,44.3,0.0,350.3,31888.6,1784,1,0.216,6896.0
Phoenix,AZ,Townhouse,12,67.1,75.2,0.0,63.3,8187.1,1969,3,0.143,1156.27
Los Angeles,CA,Apartment,1,40.1,66.6,745.7,0.0,35049.0,920,1,0.242,8476.25
New York,NY,Condo,3,45.7,35.6,580.4,0.0,40185.4,1219,1,0.18,7231.81
New York,NY,Townhouse,1,25.8,55.7,1176.9,0.0,135709.6,1892,2,0.198,26889.65
Seattle,WA,Condo,9,66.4,48.5,0.0,42.3,4017.3,1390,1,0.1,419.74
Phoenix,AZ,Large House,8,93.0,84.9,0.0,838.9,215021.5,4170,1,0.156,33543.1
Houston,TX,Townhouse,9,91.5,87.4,0.0,794.8,49560.7,1263,2,0.12,5937.02
Denver,CO,Large House,12,51.2,32.3,412.8,0.0,107492.1,3327,4,0.132,14195.3
Atlanta,GA,Condo,2,49.1,31.5,476.9,0.0,31148.8,1142,1,0.143,4472.43
New York,NY,House,12,35.7,85.6,879.8,0.0,145394.0,2490,3,0.198,28798.56
Boston,MA,Large House,9,64.6,70.6,13.5,0.0,10544.5,4452,5,0.21,2195.65
Houston,TX,Large House,4,78.8,69.9,0.0,413.3,104178.5,3988,3,0.12,12485.63
Houston,TX,Apartment,12,59.9,31.4,153.1,0.0,5206.7,602,1,0.132,678.67
Atlanta,GA,Townhouse,8,71.1,36.8,0.0,182.0,12380.1,1271,1,0.156,1935.13
Seattle,WA,Apartment,7,78.3,62.6,0.0,398.6,18267.0,1080,1,0.12,2210.17
Houston,TX,House,2,65.0,58.1,0.2,0.0,1940.6,1616,2,0.132,259.71
Boston,MA,Apartment,3,45.5,58.5,585.8,0.0,25055.1,832,1,0.21,5260.83
Chicago,IL,House,9,71.1,82.7,0.0,183.9,30493.0,2839,3,0.14,4279.65
Los Angeles,CA,Apartment,6,66.6,78.9,0.0,48.8,1874.8,631,1,0.264,507.02
Houston,TX,Apartment,9,83.3,49.0,0.0,548.0,19722.3,864,1,0.12,2374.84
Denver,CO,House,10,60.2,74.5,143.6,0.0,29803.4,2852,1,0.12,3561.31
Los Angeles,CA,House,11,55.0,35.6,301.2,0.0,63126.8,3033,4,0.22,13876.2
New York,NY,Townhouse,3,38.4,87.7,798.4,0.0,97325.3,1985,2,0.18,17529.3
Seattle,WA,Large House,7,74.1,55.6,0.0,273.3,74000.1,4167,4,0.12,8892.65
New York,NY,House,9,72.1,37.1,0.0,211.7,22831.4,1857,3,0.18,4090.12
Los Angeles,CA,Condo,8,71.7,32.5,0.0,201.3,13971.3,1404,2,0.264,3706.99
Boston,MA,Apartment,4,52.0,30.2,388.5,0.0,21533.8,1064,1,0.21,4506.13
Miami,FL,Townhouse,8,94.6,33.3,0.0,888.8,86303.7,1970,3,0.132,11372.57
Boston,MA,Large House,5,65.0,75.0,0.0,1.2,5659.1,4254,1,0.21,1183.49
Atlanta,GA,Townhouse,4,53.2,86.5,352.6,0.0,47712.6,2142,2,0.13,6188.68
Chicago,IL,Condo,10,54.5,50.9,315.1,0.0,29138.3,1587,3,0.14,4074.3
Los Angeles,CA,Condo,4,55.6,84.4,281.9,0.0,26261.4,1583,3,0.22,5782.57
Denver,CO,Apartment,3,56.1,72.7,267.0,0.0,8737.1,613,1,0.12,1054.07
Boston,MA,Condo,6,75.6,47.3,0.0,317.1,13278.8,887,1,0.252,3328.18
Seattle,WA,House,1,44.1,59.1,627.0,0.0,101421.9,2416,4,0.11,11144.78
Seattle,WA,Large House,4,56.3,65.6,261.9,0.0,74439.7,3537,5,0.1,7451.41
Boston,MA,Large House,9,64.2,80.5,22.5,0.0,13717.9,4712,1,0.21,2877.66
Atlanta,GA,House,11,49.5,87.4,464.2,0.0,62224.1,1987,2,0.13,8098.77
New York,NY,Apartment,8,80.2,35.4,0.0,455.7,21339.0,1121,1,0.216,4602.7
Chicago,IL,House,9,72.9,74.2,0.0,236.2,46536.1,3478,2,0.14,6516.4
Atlanta,GA,House,9,68.2,34.5,0.0,95.5,12158.3,1970,2,0.13,1563.67
New York,NY,House,6,75.5,43.0,0.0,316.2,29684.4,1687,2,0.216,6422.42
Chicago,IL,House,3,40.8,50.4,726.3,0.0,133393.4,2759,2,0.14,18687.74
Atlanta,GA,Large House,7,73.3,89.0,0.0,249.4,76696.0,4732,1,0.156,11956.68
Denver,CO,Condo,6,74.2,58.0,0.0,275.6,12458.9,948,1,0.144,1803.56
Denver,CO,Large House,6,71.0,64.6,0.0,180.9,38925.9,3186,3,0.144,5609.85
Denver,CO,House,2,51.0,65.7,420.0,0.0,73743.7,2582,5,0.132,9732.84
New York,NY,House,7,83.3,45.3,0.0,548.1,69830.7,2358,1,0.216,15092.92
Seattle,WA,Apartment,9,65.3,34.8,0.0,8.2,1114.8,951,1,0.1,104.03
Chicago,IL,Condo,1,25.0,56.7,1199.3,0.0,57883.3,864,1,0.154,8903.62
Phoenix,AZ,House,3,73.1,65.6,0.0,242.9,45216.9,3246,6,0.13,5873.47
Phoenix,AZ,Condo,2,61.3,84.0,111.0,0.0,10855.6,1535,1,0.143,1545.03
Miami,FL,Townhouse,2,60.4,68.3,138.9,0.0,13816.2,1467,1,0.121,1661.78
Seattle,WA,House,4,62.0,49.6,91.2,0.0,16474.7,2318,2,0.1,1631.74
Houston,TX,Apartment,1,57.2,31.7,233.1,0.0,9641.9,769,1,0.132,1256.31
New York,NY,Condo,6,71.9,52.3,0.0,208.5,14466.4,1424,1,0.216,3123.97
Atlanta,GA,Apartment,8,72.4,49.3,0.0,223.5,6078.8,611,1,0.156,948.6
Phoenix,AZ,House,10,79.7,60.5,0.0,442.0,70321.1,2922,1,0.13,9125.16
Boston,MA,Apartment,10,56.9,77.3,243.3,0.0,14470.9,1115,1,0.21,3051.91
Boston,MA,Large House,4,51.3,33.3,409.8,0.0,149227.3,4664,2,0.21,31356.35
Atlanta,GA,House,7,73.6,37.9,0.0,256.7,23687.3,1642,1,0.156,3703.13
Chicago,IL,Condo,8,73.0,59.4,0.0,239.8,16713.4,1435,2,0.168,2788.95
Los Angeles,CA,Condo,9,72.8,79.2,0.0,233.7,9522.9,846,1,0.22,2077.75
Chicago,IL,Large House,5,67.1,63.0,0.0,63.4,21309.5,4118,5,0.14,2991.17
Los Angeles,CA,Large House,9,70.5,51.7,0.0,165.2,46857.8,4171,4,0.22,10294.25
Miami,FL,House,5,85.8,31.4,0.0,624.4,52032.6,1542,3,0.11,5715.88
Houston,TX,Condo,10,80.1,66.6,0.0,453.2,17086.3,811,1,0.12,2062.49
Los Angeles,CA,Townhouse,8,74.0,49.6,0.0,269.7,26594.2,1900,1,0.264,7018.1
Houston,TX,House,3,70.4,40.6,0.0,161.0,17500.0,1812,3,0.12,2093.14
Miami,FL,Condo,9,90.6,35.6,0.0,768.8,41809.6,1200,2,0.11,4601.43
Denver,CO,Townhouse,3,47.9,46.4,512.0,0.0,40175.7,1262,2,0.12,4818.34
Chicago,IL,Apartment,5,63.4,74.0,48.9,0.0,2368.9,691,1,0.14,335.06
Chicago,IL,House,4,57.0,84.1,240.5,0.0,51412.5,3072,1,0.14,7215.67
Los Angeles,CA,Apartment,11,54.1,82.0,327.0,0.0,17702.1,1021,1,0.22,3912.13
Chicago,IL,Large House,4,49.4,46.5,469.2,0.0,174144.8,4765,5,0.14,24374.01
Boston,MA,Condo,10,61.2,89.7,113.3,0.0,6156.4,846,1,0.21,1286.22
Los Angeles,CA,Townhouse,6,74.5,57.3,0.0,285.5,24409.6,1637,3,0.264,6441.68
Los Angeles,CA,Apartment,8,73.7,73.8,0.0,260.3,7363.0,641,1,0.264,1951.91
Seattle,WA,Townhouse,11,58.8,44.1,186.5,0.0,24051.2,1953,3,0.1,2386.19
Boston,MA,Apartment,6,75.9,35.7,0.0,327.8,7219.2,517,1,0.252,1799.65
Miami,FL,Large House,11,70.0,61.3,0.0,148.9,50887.1,4998,2,0.11,5608.39
Boston,MA,Apartment,11,49.2,85.5,474.4,0.0,16143.7,651,1,0.21,3396.41
Miami,FL,Condo,7,91.4,70.8,0.0,790.6,45371.7,1264,2,0.132,6007.53
Phoenix,AZ,Condo,3,74.9,63.0,0.0,297.9,22127.1,1575,1,0.13,2863.35
Los Angeles,CA,Condo,1,42.1,37.5,687.0,0.0,38255.1,989,1,0.242,9249.85
Phoenix,AZ,Apartment,11,68.7,43.0,0.0,112.0,2830.2,525,1,0.13,363.65
Chicago,IL,Condo,8,80.4,60.0,0.0,463.1,33103.3,1542,3,0.168,5560.72
Phoenix,AZ,Condo,4,75.5,71.0,0.0,314.5,15889.7,1068,2,0.13,2082.46
Phoenix,AZ,Townhouse,4,80.9,84.6,0.0,478.4,52468.5,2176,4,0.13,6823.01
Chicago,IL,Townhouse,11,46.0,77.9,568.8,0.0,55613.4,1576,3,0.14,7772.39
Boston,MA,Townhouse,10,55.7,63.1,279.5,0.0,28521.9,1596,2,0.21,6004.8
Atlanta,GA,Townhouse,2,52.4,30.2,379.1,0.0,52172.8,2188,2,0.143,7467.94
Boston,MA,Apartment,1,25.2,76.1,1194.1,0.0,56518.8,932,1,0.231,13051.61
Houston,TX,Apartment,9,89.4,78.2,0.0,733.3,20787.2,688,1,0.12,2504.96
Seattle,WA,Townhouse,10,65.8,53.0,0.0,24.7,3554.6,1529,2,0.1,348.81
Seattle,WA,Apartment,3,51.9,68.8,391.8,0.0,24115.1,1180,1,0.1,2420.85
Los Angeles,CA,Condo,12,43.1,75.2,656.4,0.0,31945.5,861,1,0.242,7719.84
Denver,CO,Townhouse,8,78.9,47.9,0.0,417.2,42884.8,2024,3,0.144,6166.96
Phoenix,AZ,Condo,7,92.8,49.2,0.0,834.4,42613.0,1128,2,0.156,6629.24
Boston,MA,Townhouse,5,60.8,60.7,125.3,0.0,15741.4,1833,2,0.21,3309.55
Miami,FL,Apartment,3,72.3,49.8,0.0,219.2,6309.3,644,1,0.11,703.58
Denver,CO,Large House,8,74.1,34.5,0.0,274.5,87567.6,4920,4,0.144,12603.8
Denver,CO,Large House,2,43.6,61.5,641.5,0.0,179996.5,3635,5,0.132,23762.11
Miami,FL,House,5,77.6,73.8,0.0,378.0,54693.7,2635,1,0.11,6013.34
Atlanta,GA,Apartment,9,73.6,39.3,0.0,259.5,13343.4,1179,1,0.13,1743.78
Chicago,IL,Condo,5,67.3,66.1,0.0,70.0,5699.0,1386,1,0.14,790.27
Boston,MA,Townhouse,10,55.0,49.3,301.3,0.0,31896.8,1660,3,0.21,6709.93
Miami,FL,Townhouse,2,61.9,68.2,94.3,0.0,10341.3,1523,2,0.121,1240.67
Boston,MA,Condo,10,60.0,73.6,149.0,0.0,13147.3,1415,2,0.21,2774.54
Chicago,IL,Apartment,5,61.0,33.4,121.5,0.0,4915.7,711,1,0.14,684.77
Houston,TX,House,6,89.4,74.2,0.0,731.9,109301.7,2778,5,0.144,15726.77
Atlanta,GA,Large House,5,64.2,51.8,24.2,0.0,12415.5,3799,6,0.13,1607.68
Seattle,WA,Apartment,6,70.7,65.8,0.0,171.0,4130.8,517,1,0.12,494.56
Houston,TX,Large House,3,71.7,35.0,0.0,202.5,63113.4,4672,5,0.12,7578.62
Los Angeles,CA,Large House,5,61.8,89.3,95.9,0.0,26269.6,3083,3,0.22,5788.36
Chicago,IL,Large House,2,32.9,41.7,964.4,0.0,327090.0,4438,5,0.154,50366.47
Houston,TX,Apartment,8,92.8,30.1,0.0,833.5,30585.0,894,1,0.144,4418.73
Seattle,WA,Apartment,3,48.3,37.2,502.2,0.0,20436.6,785,1,0.1,2032.8
Denver,CO,Townhouse,10,64.3,45.7,20.2,0.0,3627.4,1594,1,0.12,442.92
Denver,CO,Townhouse,9,69.4,34.0,0.0,132.8,11740.4,1572,1,0.12,1400.95
Chicago,IL,Condo,6,76.5,46.6,0.0,343.7,25011.4,1543,2,0.168,4211.58
Miami,FL,House,12,68.6,79.5,0.0,107.8,19776.9,2951,1,0.121,2390.27
New York,NY,Large House,11,40.0,69.0,749.1,0.0,176373.0,3067,2,0.18,31737.41
Chicago,IL,Townhouse,9,70.9,47.5,0.0,176.5,20932.7,2165,4,0.14,2910.59
Chicago,IL,Townhouse,1,32.5,31.9,975.0,0.0,109209.1,1836,1,0.154,16819.87
Miami,FL,Townhouse,3,69.9,61.0,0.0,147.0,13012.9,1604,1,0.11,1431.0
Chicago,IL,House,2,32.6,76.0,970.8,0.0,113421.7,1764,2,0.154,17482.49
New York,NY,Townhouse,1,24.1,81.9,1227.1,0.0,103695.8,1386,2,0.198,20542.92
Los Angeles,CA,Apartment,1,49.8,80.0,456.1,0.0,24371.5,1027,2,0.242,5914.74
New York,NY,Apartment,12,34.7,88.4,909.3,0.0,33312.9,716,1,0.198,6606.79
Denver,CO,Large House,11,51.1,74.8,416.4,0.0,149831.6,4597,5,0.12,17997.82
Phoenix,AZ,Large House,5,83.6,85.1,0.0,558.4,136327.5,3906,5,0.13,17718.04
Atlanta,GA,Apartment,2,47.1,70.0,536.8,0.0,25342.5,914,1,0.143,3619.69
Houston,TX,Condo,7,93.7,74.2,0.0,860.0,48125.8,1240,1,0.144,6915.54
Boston,MA,Large House,11,43.8,71.9,635.4,0.0,233210.8,4763,4,0.21,48969.09
Phoenix,AZ,Large House,6,87.3,40.9,0.0,669.1,132009.7,3176,4,0.156,20582.44
Boston,MA,Townhouse,5,67.6,49.8,0.0,77.6,9260.6,1908,3,0.21,1957.78
Phoenix,AZ,Apartment,7,94.7,37.2,0.0,891.8,38274.7,1048,1,0.156,5955.42
Phoenix,AZ,House,3,73.0,31.9,0.0,239.9,38614.8,2843,2,0.13,5017.94
Miami,FL,Townhouse,5,78.7,86.7,0.0,410.7,30901.7,1485,1,0.11,3382.92
Chicago,IL,Townhouse,4,58.6,74.3,192.5,0.0,17127.3,1359,1,0.14,2403.06
New York,NY,House,10,58.5,68.9,196.4,0.0,44558.0,3220,1,0.18,8033.33
Seattle,WA,Apartment,11,55.5,55.0,285.2,0.0,11333.3,750,1,0.1,1138.34
Denver,CO,Townhouse,3,53.8,38.8,334.8,0.0,44783.4,2106,3,0.12,5388.75
New York,NY,Condo,12,37.3,31.5,831.1,0.0,69986.3,1501,1,0.198,13873.74
Boston,MA,Large House,7,77.7,64.2,0.0,380.6,97744.8,4049,3,0.252,24636.95
Los Angeles,CA,Apartment,8,69.1,60.0,0.0,123.4,5913.8,1001,1,0.264,1554.05
Atlanta,GA,Condo,10,57.5,48.7,223.6,0.0,10974.2,821,1,0.13,1421.71
New York,NY,Condo,12,33.7,78.3,940.4,0.0,46633.4,884,1,0.198,9238.22
Boston,MA,Large House,4,50.0,57.7,449.9,0.0,124706.0,3564,1,0.21,26182.27
New York,NY,Condo,2,32.8,33.4,964.9,0.0,45735.5,846,1,0.198,9035.68
Denver,CO,Townhouse,4,54.5,67.2,315.7,0.0,34538.4,1720,3,0.12,4160.45
Atlanta,GA,Townhouse,2,52.1,60.8,388.3,0.0,46541.7,1900,3,0.143,6654.81
Boston,MA,Townhouse,3,39.3,35.0,770.8,0.0,102798.1,2173,2,0.21,21600.18
Houston,TX,House,4,72.1,65.5,0.0,214.2,39696.6,3251,1,0.12,4767.91
Miami,FL,Townhouse,5,84.3,57.5,0.0,580.3,61323.5,2127,1,0.11,6747.45
Miami,FL,Townhouse,8,88.6,75.0,0.0,708.5,56126.7,1602,1,0.132,7403.64
Los Angeles,CA,House,5,60.7,42.6,128.2,0.0,14938.4,1558,3,0.22,3275.14
New York,NY,Townhouse,6,73.6,83.8,0.0,258.8,26103.2,1930,3,0.216,5623.32
Denver,CO,House,1,47.1,58.5,538.4,0.0,108966.7,3000,6,0.132,14393.85
Miami,FL,Townhouse,3,74.4,58.6,0.0,283.1,22228.7,1526,1,0.11,2430.33
Boston,MA,House,3,45.5,76.2,583.6,0.0,66678.9,1701,3,0.21,14003.14
Boston,MA,Condo,9,69.1,39.3,0.0,122.5,10212.7,1597,2,0.21,2125.03
Houston,TX,Apartment,12,62.7,47.0,68.1,0.0,3035.0,675,1,0.132,418.87
Seattle,WA,House,3,53.2,59.4,354.7,0.0,52122.4,2152,2,0.1,5200.66
Chicago,IL,Condo,10,52.1,34.2,388.4,0.0,25343.4,1136,1,0.14,3542.02
Chicago,IL,Condo,10,61.4,50.3,108.6,0.0,10035.0,1442,1,0.14,1411.39
Los Angeles,CA,Apartment,6,66.4,59.0,0.0,42.6,1646.5,595,1,0.264,433.98
Chicago,IL,Condo,9,71.3,64.7,0.0,189.9,8461.8,903,1,0.14,1184.85
New York,NY,Large House,10,52.5,85.0,375.4,0.0,122050.3,4144,3,0.18,21970.94
Atlanta,GA,Apartment,2,51.9,43.9,392.1,0.0,14819.8,726,1,0.143,2115.04
Houston,TX,Condo,8,94.6,89.4,0.0,888.4,43448.9,1082,2,0.144,6269.58
Boston,MA,Condo,12,37.3,66.2,832.4,0.0,61464.4,1314,1,0.231,14211.79
Seattle,WA,Large House,7,76.4,36.8,0.0,341.6,92138.7,4243,1,0.12,11039.82
Houston,TX,House,10,84.2,33.7,0.0,576.9,93630.5,2997,5,0.12,11231.79
New York,NY,House,10,60.8,84.7,125.9,0.0,30811.3,3325,1,0.18,5534.66
Atlanta,GA,Condo,1,48.7,86.9,488.7,0.0,27397.9,981,1,0.143,3900.07
Phoenix,AZ,Large House,10,83.6,49.7,0.0,556.7,139316.7,4003,5,0.13,18095.43
Phoenix,AZ,Condo,1,66.0,67.6,0.0,29.6,2059.0,900,1,0.143,275.54
Miami,FL,Apartment,3,69.7,44.7,0.0,142.2,3795.9,575,1,0.11,411.73
Phoenix,AZ,Condo,12,62.7,42.6,68.9,0.0,5187.8,1052,2,0.143,735.76
Denver,CO,Townhouse,10,63.4,40.8,49.4,0.0,5268.3,1298,1,0.12,624.6
Phoenix,AZ,Large House,2,63.3,67.2,49.8,0.0,18180.3,3550,5,0.143,2604.4
Seattle,WA,Townhouse,11,51.5,56.4,403.7,0.0,50870.7,2008,3,0.1,5091.81
Denver,CO,Large House,4,53.8,55.6,334.9,0.0,114136.8,4328,1,0.12,13714.59
Atlanta,GA,Condo,5,60.3,60.9,141.1,0.0,8530.4,984,1,0.13,1121.98
New York,NY,House,2,36.6,38.7,852.1,0.0,133480.9,2360,2,0.198,26445.0
Los Angeles,CA,Apartment,5,68.8,42.6,0.0,113.3,4734.7,887,1,0.22,1059.49
Boston,MA,Apartment,6,76.4,80.6,0.0,341.1,12519.9,863,1,0.252,3167.94
New York,NY,Condo,8,76.5,67.2,0.0,345.7,24892.4,1528,2,0.216,5361.76
Denver,CO,Condo,5,59.1,87.9,177.6,0.0,17035.4,1586,2,0.12,2045.53
Chicago,IL,Townhouse,3,43.1,46.0,658.4,0.0,49636.2,1226,1,0.14,6949.39
Phoenix,AZ,Condo,10,79.7,47.8,0.0,442.2,26210.2,1279,2,0.13,3416.22
Houston,TX,Apartment,4,75.2,40.9,0.0,304.7,8760.2,661,1,0.12,1056.51
Phoenix,AZ,Apartment,12,66.1,52.1,0.0,32.9,1817.6,818,1,0.143,266.67
Chicago,IL,Large House,8,78.1,54.3,0.0,393.9,98568.8,3956,2,0.168,16576.81
Seattle,WA,Large House,4,58.8,55.1,187.4,0.0,75241.6,4904,3,0.1,7516.51
Phoenix,AZ,Large House,8,94.4,41.2,0.0,882.0,232594.4,4281,6,0.156,36291.1
Miami,FL,Condo,1,61.7,46.0,98.3,0.0,8478.8,1310,2,0.121,1037.88
Phoenix,AZ,Large House,11,74.5,34.8,0.0,285.7,63468.9,3413,6,0.13,8261.27
Houston,TX,House,7,88.1,88.4,0.0,693.7,70447.0,1889,3,0.144,10144.59
Seattle,WA,House,5,66.9,89.8,0.0,57.8,7990.8,1962,1,0.1,800.74
Boston,MA,Condo,6,73.5,88.4,0.0,256.4,16997.9,1377,2,0.252,4276.15
Houston,TX,Apartment,8,96.0,80.8,0.0,929.3,41116.3,1075,2,0.144,5917.75
Phoenix,AZ,House,12,59.2,87.8,173.0,0.0,27549.4,2193,4,0.143,3932.79
Miami,FL,Townhouse,2,66.1,37.2,0.0,34.4,4321.1,1582,2,0.121,508.93
Chicago,IL,Condo,5,60.6,56.3,132.1,0.0,7765.9,940,1,0.14,1106.94
Chicago,IL,Condo,11,48.6,73.6,493.4,0.0,31784.8,1133,1,0.14,4438.79
Chicago,IL,Large House,7,78.9,65.1,0.0,418.0,129318.8,4889,5,0.168,21714.3
Miami,FL,Large House,9,91.9,33.1,0.0,806.1,213886.4,4300,5,0.11,23535.82
Houston,TX,Large House,5,82.5,67.2,0.0,524.0,131502.6,4012,3,0.12,15770.1
Phoenix,AZ,Condo,3,65.4,83.0,0.0,13.1,2513.6,1554,3,0.13,317.01
New York,NY,Large House,5,64.4,65.5,18.2,0.0,9814.0,3748,1,0.18,1766.09
Miami,FL,Townhouse,9,87.7,73.9,0.0,679.9,60589.9,1799,2,0.11,6654.88
Seattle,WA,Condo,4,57.4,55.0,227.5,0.0,16660.8,1241,1,0.1,1663.39
Boston,MA,Townhouse,12,33.0,73.1,959.3,0.0,71541.2,1219,2,0.231,16523.5
Seattle,WA,Townhouse,3,50.3,59.0,441.4,0.0,55793.1,2031,1,0.1,5580.82
Miami,FL,House,12,68.6,55.3,0.0,108.2,15703.7,2305,3,0.121,1916.44
Atlanta,GA,Large House,8,71.2,74.1,0.0,185.2,55061.2,4405,5,0.156,8604.44
Phoenix,AZ,House,7,94.2,80.6,0.0,875.7,109829.1,2354,1,0.156,17141.09
Chicago,IL,Condo,12,36.3,77.2,860.6,0.0,58988.7,1220,1,0.154,9083.67
Houston,TX,Apartment,6,86.9,72.6,0.0,658.5,18211.0,664,1,0.144,2641.54
Los Angeles,CA,Large House,11,56.6,57.0,251.7,0.0,64488.0,3162,6,0.22,14167.91
Seattle,WA,Large House,4,63.0,66.5,61.2,0.0,21621.1,3650,3,0.1,2143.04
Chicago,IL,Apartment,2,35.8,35.2,876.4,0.0,34463.4,771,1,0.154,5308.73
Seattle,WA,House,4,55.3,71.3,290.4,0.0,51545.1,2571,2,0.1,5134.58
Phoenix,AZ,Large House,9,86.1,87.3,0.0,632.3,133419.1,3399,3,0.13,17343.31
Houston,TX,House,2,62.2,60.3,83.8,0.0,21049.6,3134,5,0.132,2784.29
Boston,MA,Townhouse,3,41.3,78.1,711.9,0.0,66858.2,1524,2,0.21,14034.13
Chicago,IL,House,5,69.3,70.8,0.0,127.6,16035.1,2011,4,0.14,2256.26
Atlanta,GA,House,12,45.4,37.8,589.1,0.0,86483.3,2190,2,0.143,12350.72
Atlanta,GA,Apartment,7,77.1,81.9,0.0,363.3,16081.9,1038,2,0.156,2511.06
Chicago,IL,House,4,55.9,47.6,272.1,0.0,63864.7,3384,3,0.14,8953.7
New York,NY,Townhouse,12,31.7,76.7,1000.5,0.0,86693.9,1416,2,0.198,17177.89
Phoenix,AZ,Large House,10,81.1,50.2,0.0,481.5,94021.8,3112,3,0.13,12205.48
Phoenix,AZ,Apartment,1,62.5,74.0,74.3,0.0,2803.3,580,1,0.143,413.45
Chicago,IL,House,10,55.5,67.0,284.7,0.0,56729.3,2898,1,0.14,7925.99
Boston,MA,Condo,10,60.3,52.9,142.5,0.0,8302.2,929,1,0.21,1738.42
Atlanta,GA,Large House,2,45.0,58.3,599.9,0.0,200666.5,4330,5,0.143,28698.49
Boston,MA,Condo,12,35.5,67.6,884.5,0.0,45297.4,911,1,0.231,10468.58
Boston,MA,Apartment,8,74.9,67.7,0.0,298.4,11038.5,859,1,0.252,2781.5
New York,NY,Apartment,3,41.9,73.9,694.4,0.0,37299.4,1045,2,0.18,6695.08
Boston,MA,Condo,2,27.5,46.2,1126.4,0.0,88083.1,1397,2,0.231,20348.47
Chicago,IL,Townhouse,6,73.2,41.1,0.0,246.2,20734.0,1594,3,0.168,3500.72
Phoenix,AZ,Apartment,9,89.3,75.3,0.0,729.6,19637.2,652,1,0.13,2563.3
New York,NY,House,5,65.3,56.7,0.0,9.8,3986.7,2521,1,0.18,709.24
Los Angeles,CA,House,11,56.0,87.1,269.5,0.0,29026.4,1547,2,0.22,6384.98
Miami,FL,Large House,8,94.9,82.8,0.0,896.7,231489.5,4202,3,0.132,30537.04
New York,NY,Apartment,1,29.7,53.4,1059.0,0.0,59774.2,1108,2,0.198,11845.06
Boston,MA,Townhouse,5,62.6,71.0,70.9,0.0,10740.4,2003,3,0.21,2243.97
Seattle,WA,Apartment,7,71.9,47.9,0.0,207.8,10202.6,1106,2,0.12,1231.37
Atlanta,GA,Condo,3,48.3,72.1,501.0,0.0,25846.2,906,1,0.13,3374.79
Los Angeles,CA,House,11,54.2,78.9,322.9,0.0,35025.5,1572,3,0.22,7714.06
Denver,CO,Large House,3,53.0,69.7,358.9,0.0,109707.8,3885,3,0.12,13145.51
Atlanta,GA,Townhouse,2,46.7,48.4,548.7,0.0,65065.5,1919,1,0.143,9301.38
Houston,TX,Apartment,4,76.4,73.7,0.0,341.5,11865.7,809,1,0.12,1427.36
Phoenix,AZ,Condo,1,59.5,74.9,165.9,0.0,13481.0,1318,2,0.143,1924.6
Phoenix,AZ,House,11,69.1,58.4,0.0,122.9,12050.3,1579,2,0.13,1569.73
Seattle,WA,Apartment,4,57.4,51.6,229.0,0.0,14789.8,1196,1,0.1,1477.84
Houston,TX,Apartment,12,67.8,69.5,0.0,83.8,4310.6,1014,1,0.132,570.24
Chicago,IL,House,12,30.7,87.5,1029.9,0.0,120996.1,1773,3,0.154,18635.97
Houston,TX,Townhouse,12,59.8,37.5,155.9,0.0,13316.4,1275,2,0.132,1758.14
Chicago,IL,Apartment,4,50.5,52.5,436.4,0.0,14084.3,622,1,0.14,1956.83
Denver,CO,Apartment,1,46.0,66.5,570.0,0.0,16189.4,546,1,0.132,2154.03
Denver,CO,House,5,59.3,42.2,170.8,0.0,34023.9,2771,3,0.12,4064.03
Boston,MA,House,4,50.1,47.0,446.2,0.0,69699.2,2304,3,0.21,14624.16
Atlanta,GA,Townhouse,7,77.4,67.5,0.0,373.3,38568.4,2025,2,0.156,6030.12
Seattle,WA,Apartment,12,43.5,60.6,645.4,0.0,35546.6,1070,1,0.11,3912.64
Denver,CO,Townhouse,4,61.6,87.6,102.8,0.0,12173.7,1686,2,0.12,1449.02
Los Angeles,CA,Large House,12,49.0,48.8,479.1,0.0,137604.1,3703,1,0.242,33319.0
Atlanta,GA,House,3,47.2,60.0,534.6,0.0,123314.9,3422,6,0.13,16042.49
Denver,CO,Apartment,9,72.7,84.6,0.0,230.0,6545.2,652,1,0.12,795.9
Chicago,IL,Townhouse,1,31.5,65.2,1005.2,0.0,134516.7,2187,4,0.154,20705.08
Los Angeles,CA,Townhouse,12,44.8,89.2,607.4,0.0,69954.9,1860,3,0.242,16943.21
Denver,CO,House,4,57.1,63.3,237.1,0.0,27703.3,1668,2,0.12,3335.06
Phoenix,AZ,Apartment,2,64.2,55.1,24.3,0.0,1822.8,872,1,0.143,248.62
Chicago,IL,Apartment,9,70.8,88.0,0.0,173.8,4824.6,601,1,0.14,665.46
Denver,CO,Large House,1,48.7,66.0,489.1,0.0,149206.1,3921,5,0.132,19677.35
Boston,MA,House,4,54.6,44.3,311.5,0.0,33194.3,1544,3,0.21,6990.7
Chicago,IL,Large House,3,46.6,30.4,552.9,0.0,139364.2,3247,6,0.14,19530.53
Chicago,IL,Condo,5,63.0,37.3,58.6,0.0,6533.5,1502,3,0.14,933.57
Atlanta,GA,Condo,3,51.5,35.4,405.7,0.0,22505.9,966,1,0.13,2909.48
Miami,FL,Apartment,7,92.9,57.3,0.0,838.2,28009.5,813,1,0.132,3682.47
Houston,TX,House,1,66.0,37.0,0.0,30.6,9186.0,3311,4,0.132,1220.88
Denver,CO,House,1,44.5,80.0,614.3,0.0,131567.3,3205,2,0.132,17357.45
Phoenix,AZ,Townhouse,8,95.2,83.7,0.0,905.9,82656.2,1851,3,0.156,12912.68
Seattle,WA,Condo,2,44.2,42.5,623.9,0.0,55254.6,1566,2,0.11,6082.4
Chicago,IL,Large House,10,53.9,73.9,334.1,0.0,121529.4,4616,2,0.14,17024.07
Denver,CO,Apartment,1,40.3,76.0,740.9,0.0,20903.3,550,1,0.132,2753.67
Seattle,WA,House,4,57.3,61.6,230.9,0.0,37003.5,2287,3,0.1,3682.88
Atlanta,GA,Large House,10,59.6,70.5,161.0,0.0,53527.6,4007,2,0.13,6977.7
Miami,FL,Apartment,6,84.3,54.5,0.0,578.3,24107.4,1004,1,0.132,3164.52
Seattle,WA,Condo,11,50.5,81.3,435.7,0.0,29100.6,1165,2,0.1,2891.03
Los Angeles,CA,Townhouse,5,68.7,79.5,0.0,112.2,8966.9,1363,2,0.22,1956.45
Seattle,WA,Apartment,5,66.6,69.6,0.0,48.1,3281.2,1113,2,0.1,333.09
Houston,TX,Condo,1,58.7,53.4,188.6,0.0,14845.3,1306,2,0.132,1945.46
Boston,MA,Townhouse,1,26.6,77.8,1152.6,0.0,151010.8,2148,3,0.231,34903.4
Chicago,IL,Large House,3,46.0,52.3,569.3,0.0,206349.6,4690,3,0.14,28889.41
New York,NY,Condo,12,32.0,64.9,988.7,0.0,62891.8,1134,2,0.198,12453.07
Houston,TX,Large House,8,87.0,31.7,0.0,660.7,135945.4,3317,3,0.144,19573.64
Los Angeles,CA,House,3,50.2,52.2,443.2,0.0,78711.1,2618,5,0.22,17317.81
Atlanta,GA,Townhouse,11,55.0,81.0,300.6,0.0,29248.4,1535,1,0.13,3793.36
Chicago,IL,Condo,9,65.7,47.6,0.0,20.8,3088.9,1558,2,0.14,415.53
Los Angeles,CA,Apartment,12,47.9,57.7,511.6,0.0,23247.9,877,1,0.242,5634.55
Chicago,IL,Condo,12,29.0,38.8,1078.7,0.0,63492.2,1052,2,0.154,9785.45
Chicago,IL,Large House,10,58.0,42.7,209.1,0.0,76745.9,4503,5,0.14,10749.04
Seattle,WA,Townhouse,12,48.9,54.4,482.5,0.0,44499.3,1483,2,0.11,4888.89
Seattle,WA,Apartment,10,62.8,67.4,67.2,0.0,4339.7,1004,1,0.1,424.41
Boston,MA,House,11,44.7,30.2,609.8,0.0,113537.4,2782,3,0.21,23861.9
Phoenix,AZ,Large House,2,60.5,37.8,135.0,0.0,38201.2,3352,1,0.143,5468.9
Seattle,WA,Condo,8,69.8,76.1,0.0,143.8,6143.6,831,1,0.12,736.3
Atlanta,GA,Apartment,3,54.0,36.6,330.1,0.0,16540.7,945,1,0.13,2138.98
Chicago,IL,Condo,4,50.0,82.3,451.1,0.0,33063.2,1282,2,0.14,4645.69
Chicago,IL,House,2,27.9,82.5,1113.5,0.0,210669.2,2863,3,0.154,32428.89
Atlanta,GA,Apartment,2,52.2,41.4,383.5,0.0,21275.5,1056,2,0.143,3042.31
Chicago,IL,House,5,65.4,54.0,0.0,11.9,3073.6,1829,1,0.14,414.37
Los Angeles,CA,Condo,11,53.0,47.1,358.7,0.0,22880.4,1107,1,0.22,5039.54
Atlanta,GA,House,9,67.6,66.0,0.0,76.8,13271.4,2600,2,0.13,1730.6
Boston,MA,Townhouse,9,70.8,58.2,0.0,174.8,18176.1,1923,2,0.21,3811.97
New York,NY,Condo,2,30.7,48.5,1027.8,0.0,63717.5,1106,2,0.198,12625.88
New York,NY,House,2,30.0,44.7,1048.7,0.0,237701.3,3428,4,0.198,47060.65
Seattle,WA,Large House,5,64.1,42.6,25.9,0.0,12659.5,3999,1,0.1,1270.59
Denver,CO,Townhouse,7,74.6,51.3,0.0,289.1,31419.6,2097,3,0.144,4537.1
Seattle,WA,Townhouse,11,52.7,53.5,369.5,0.0,45185.5,1935,3,0.1,4538.05
Chicago,IL,Condo,4,52.2,55.2,384.0,0.0,29423.1,1330,1,0.14,4104.14
Houston,TX,Apartment,7,88.0,78.8,0.0,690.8,30034.3,1055,1,0.144,4310.55
Denver,CO,Townhouse,1,48.2,41.6,505.2,0.0,45365.9,1444,2,0.132,5969.76
New York,NY,House,8,72.9,39.5,0.0,236.2,22575.1,1677,2,0.216,4889.8
Denver,CO,House,3,56.1,86.4,266.2,0.0,31909.7,1731,2,0.12,3827.93
Denver,CO,Apartment,4,53.9,36.6,331.8,0.0,11813.6,678,1,0.12,1419.03
Chicago,IL,House,10,52.6,68.8,371.6,0.0,66250.0,2614,3,0.14,9274.68
Phoenix,AZ,Townhouse,10,78.8,72.5,0.0,415.3,38484.4,1824,3,0.13,5022.03
Atlanta,GA,Condo,11,54.2,40.8,322.7,0.0,16165.8,859,1,0.13,2094.26
Miami,FL,Apartment,4,75.3,44.2,0.0,309.4,15044.4,1141,1,0.11,1672.77
Houston,TX,Condo,6,87.5,67.5,0.0,676.2,43323.1,1408,2,0.144,6223.82
Chicago,IL,Townhouse,4,55.4,82.8,287.3,0.0,31249.3,1706,2,0.14,4360.61
Denver,CO,Condo,11,57.4,71.8,228.0,0.0,14486.1,1066,1,0.12,1718.99
Boston,MA,Apartment,11,49.8,67.6,456.6,0.0,12843.7,540,1,0.21,2686.04
Los Angeles,CA,Large House,12,49.7,50.9,457.7,0.0,110500.8,3084,6,0.242,26759.65
Phoenix,AZ,Townhouse,10,76.5,64.6,0.0,343.8,24666.4,1409,1,0.13,3187.96
Boston,MA,Townhouse,3,38.5,66.3,795.3,0.0,103015.8,2113,2,0.21,21641.22
Phoenix,AZ,Large House,9,86.2,47.9,0.0,635.8,161698.3,4108,1,0.13,21039.2
Boston,MA,Condo,2,31.3,75.8,1010.3,0.0,83640.0,1478,1,0.231,19329.33
Miami,FL,Large House,3,66.6,46.3,0.0,48.7,19311.2,4504,5,0.11,2125.11
Miami,FL,House,10,79.2,66.3,0.0,425.3,55765.6,2403,1,0.11,6126.94
Phoenix,AZ,Apartment,4,76.1,52.1,0.0,334.4,10233.3,721,1,0.13,1336.27
New York,NY,Apartment,2,32.5,65.2,974.4,0.0,26911.2,541,1,0.198,5312.91
Phoenix,AZ,Townhouse,4,78.2,38.2,0.0,396.4,30476.4,1506,3,0.13,3952.79
Miami,FL,House,2,68.6,79.5,0.0,108.8,12923.4,1895,2,0.121,1566.23
Boston,MA,Condo,9,68.4,70.6,0.0,100.6,6891.1,1271,2,0.21,1460.04
Atlanta,GA,Apartment,2,49.5,72.8,465.6,0.0,16278.6,676,1,0.143,2337.78
Los Angeles,CA,Condo,8,75.9,66.8,0.0,325.6,14492.4,940,1,0.264,3837.09
Boston,MA,Townhouse,1,25.0,63.2,1200.6,0.0,99137.6,1355,2,0.231,22894.77
Atlanta,GA,Large House,12,43.8,58.1,635.8,0.0,182643.5,3724,4,0.143,26136.87
Boston,MA,Large House,4,55.4,82.1,288.5,0.0,76565.8,3344,1,0.21,16076.93
Houston,TX,Condo,12,62.8,83.9,66.1,0.0,5807.0,1254,1,0.132,754.53
Chicago,IL,Apartment,1,23.6,53.6,1240.5,0.0,50019.9,795,1,0.154,7715.97
Atlanta,GA,Apartment,6,75.5,62.5,0.0,314.1,7761.4,570,1,0.156,1208.36
Houston,TX,Townhouse,1,60.1,36.0,148.1,0.0,13745.4,1391,1,0.132,1819.06
Denver,CO,Large House,9,72.0,56.6,0.0,208.9,45079.2,3266,2,0.12,5394.8
Chicago,IL,Condo,5,66.2,33.4,0.0,36.6,2745.9,1063,1,0.14,371.4
Chicago,IL,Condo,1,25.1,30.7,1195.8,0.0,63992.8,960,1,0.154,9874.35
Chicago,IL,Condo,3,39.7,45.5,759.3,0.0,46652.0,1091,2,0.14,6524.85
Houston,TX,House,5,82.4,33.4,0.0,521.7,79341.9,2795,5,0.12,9532.89
Denver,CO,Apartment,1,47.4,82.0,527.5,0.0,23688.4,866,1,0.132,3139.56
Phoenix,AZ,Townhouse,10,84.5,72.1,0.0,585.2,41807.1,1435,1,0.13,5421.39
Houston,TX,Condo,12,62.5,84.4,75.2,0.0,4771.5,943,1,0.132,644.66
Chicago,IL,Condo,4,49.8,54.9,454.7,0.0,24753.5,955,1,0.14,3483.37
Seattle,WA,Condo,7,73.5,53.2,0.0,255.3,17851.7,1454,2,0.12,2123.9
Denver,CO,House,3,56.5,43.4,255.8,0.0,50236.3,2833,1,0.12,6030.52
Phoenix,AZ,House,11,69.1,40.9,0.0,122.1,23996.4,3221,1,0.13,3119.06
Atlanta,GA,Condo,1,48.3,71.3,499.5,0.0,42642.3,1500,1,0.143,6084.4
Atlanta,GA,Townhouse,6,72.5,34.8,0.0,225.2,17174.5,1431,2,0.156,2691.14
Boston,MA,Condo,8,77.6,62.1,0.0,376.8,14834.1,844,1,0.252,3723.32
Seattle,WA,Apartment,4,61.1,81.6,115.9,0.0,4745.6,719,1,0.1,462.31
Atlanta,GA,Large House,11,49.3,53.0,471.8,0.0,154898.3,4213,5,0.13,20117.35
Houston,TX,Apartment,8,94.8,35.9,0.0,893.9,30696.6,838,1,0.144,4413.53
Los Angeles,CA,House,3,51.1,37.9,417.6,0.0,49984.1,1762,3,0.22,11008.22
Atlanta,GA,Large House,12,49.3,58.5,469.6,0.0,140812.9,3856,3,0.143,20125.39
Los Angeles,CA,Large House,2,44.0,77.2,630.3,0.0,161944.7,3326,5,0.242,39192.28
Seattle,WA,Apartment,7,78.5,89.7,0.0,404.3,11786.1,685,1,0.12,1397.2
Houston,TX,Large House,2,62.7,57.2,68.9,0.0,32109.1,4915,5,0.132,4233.6
Boston,MA,House,2,35.7,81.6,878.7,0.0,96239.2,1652,1,0.231,22220.95
Houston,TX,Condo,1,66.9,51.9,0.0,58.1,4556.8,1263,2,0.132,584.96
Atlanta,GA,Townhouse,7,75.5,63.8,0.0,316.1,35066.0,2156,2,0.156,5486.36
Atlanta,GA,Apartment,6,73.9,67.2,0.0,266.7,12113.8,1056,1,0.156,1870.21
Seattle,WA,House,8,78.5,32.4,0.0,404.8,69466.9,3127,3,0.12,8353.35
Houston,TX,Condo,8,93.8,86.1,0.0,863.5,49514.3,1266,2,0.144,7140.93
Houston,TX,Apartment,12,63.1,58.3,58.2,0.0,3298.1,854,1,0.132,428.8
Seattle,WA,Large House,6,73.0,69.3,0.0,240.1,64661.3,4107,4,0.12,7751.16
Phoenix,AZ,Condo,4,78.0,39.3,0.0,389.3,24612.7,1350,2,0.13,3189.73
Los Angeles,CA,Townhouse,3,56.8,64.6,245.9,0.0,28548.8,1807,1,0.22,6292.29
Los Angeles,CA,Large House,12,49.8,81.6,455.9,0.0,137587.0,3862,6,0.242,33304.64
Chicago,IL,Apartment,2,30.6,55.7,1030.8,0.0,38986.9,743,1,0.154,6002.07
Chicago,IL,Apartment,7,80.6,42.0,0.0,467.9,19828.2,1008,2,0.168,3331.63
